ts,open,high,low,close,vol_5m,vol_usdt_5m,buy_vol,sell_vol,ratio,price_change,price_change_pct,net_taker,total_taker,buy_sell_ratio,vol_taker_ratio,taker_dominance,buy_sell_imbalance
2026-01-06 00:00:00,3194.17,3198.5,3190.1,3197.33,14176.885,45294828.31466,7581.142,6595.743,1.1494,3.1599999999998545,0.0989,985.3989999999994,14176.885,1.1494,1.0,1.0,0.0695
2026-01-06 00:05:00,3197.34,3201.47,3184.13,3187.62,30928.553,98654175.91279,12855.536,18073.017,0.7113,-9.720000000000255,-0.304,-5217.481,30928.553,0.7113,1.0,1.0,-0.1687
2026-01-06 00:10:00,3187.63,3191.35,3184.45,3188.2,13229.091,42183132.38254,6446.764,6782.327,0.9505,0.569999999999709,0.0179,-335.5630000000001,13229.091,0.9505,1.0,1.0,-0.0254
2026-01-06 00:15:00,3188.21,3190.2,3184.4,3189.53,10441.483,33274030.223350003,5433.306,5008.177,1.0849,1.3200000000001637,0.0414,425.1289999999999,10441.483,1.0849,1.0,1.0,0.0407
2026-01-06 00:20:00,3189.53,3193.0,3170.44,3178.51,37184.625,118210891.81718999,14568.372,22616.253,0.6442,-11.019999999999982,-0.3455,-8047.881000000001,37184.625,0.6442,1.0,1.0,-0.2164
2026-01-06 00:25:00,3178.51,3185.0,3177.14,3178.89,10678.14,33967640.533700004,4901.51,5776.63,0.8485,0.3799999999996544,0.012,-875.1199999999999,10678.14,0.8485,1.0,1.0,-0.082
2026-01-06 00:30:00,3178.89,3183.0,3176.51,3181.34,11249.591,35777610.00458,6781.322,4468.269,1.5177,2.450000000000273,0.0771,2313.053,11249.591,1.5177,1.0,1.0,0.2056
2026-01-06 00:35:00,3181.34,3185.4,3178.0,3179.24,8940.181,28447979.02595,4441.9,4498.281,0.9875,-2.100000000000364,-0.066,-56.38100000000031,8940.181,0.9875,1.0,1.0,-0.0063
2026-01-06 00:40:00,3179.24,3184.0,3177.2,3178.04,6764.629000000001,21512537.94221,2825.548,3939.081,0.7173,-1.199999999999818,-0.0377,-1113.5330000000004,6764.629,0.7173,1.0,1.0,-0.1646
2026-01-06 00:45:00,3178.05,3180.07,3174.07,3178.33,11815.021999999999,37542513.158870004,7249.79,4565.232,1.588,0.27999999999974534,0.0088,2684.558,11815.022,1.588,1.0,1.0,0.2272
2026-01-06 00:50:00,3178.32,3184.8,3177.2,3181.43,11586.939999999999,36870078.90394,6297.264,5289.676,1.1905,3.1099999999996726,0.0979,1007.5879999999997,11586.94,1.1905,1.0,1.0,0.087
2026-01-06 00:55:00,3181.43,3183.29,3178.57,3182.39,3269.516,10401091.93815,2090.909,1178.607,1.7741,0.9600000000000364,0.0302,912.3020000000001,3269.516,1.7741,1.0,1.0,0.279
2026-01-06 01:00:00,3182.4,3186.25,3179.0,3184.19,7429.564,23652802.77733,4407.467,3022.097,1.4584,1.7899999999999636,0.0562,1385.3699999999994,7429.564,1.4584,1.0,1.0,0.1865
2026-01-06 01:05:00,3184.19,3184.19,3178.95,3178.98,3840.183,12217606.66951,2089.282,1750.901,1.1933,-5.210000000000036,-0.1636,338.3810000000001,3840.183,1.1933,1.0,1.0,0.0881
2026-01-06 01:10:00,3178.99,3183.91,3178.57,3181.41,3438.552,10937503.32718,1687.517,1751.035,0.9637,2.4200000000000728,0.0761,-63.51800000000003,3438.552,0.9637,1.0,1.0,-0.0185
2026-01-06 01:15:00,3181.41,3182.86,3178.0,3178.87,5313.2609999999995,16892027.97312,1972.085,3341.176,0.5902,-2.5399999999999636,-0.0798,-1369.091,5313.261,0.5902,1.0,1.0,-0.2577
2026-01-06 01:20:00,3178.86,3179.79,3158.12,3163.84,48013.114,152017928.82441,19292.741,28720.373,0.6717,-15.019999999999982,-0.4725,-9427.631999999998,48013.114,0.6717,1.0,1.0,-0.1964
2026-01-06 01:25:00,3163.8,3165.64,3157.39,3165.0,17951.172,56753848.71045,9611.069,8340.103,1.1524,1.199999999999818,0.0379,1270.9660000000003,17951.172,1.1524,1.0,1.0,0.0708
2026-01-06 01:30:00,3164.99,3173.92,3164.77,3173.29,14775.993,46844340.61538,7333.352,7442.641,0.9853,8.300000000000182,0.2622,-109.28899999999976,14775.992999999999,0.9853,1.0,1.0,-0.0074
2026-01-06 01:35:00,3173.29,3181.39,3172.9,3179.3,15482.886999999999,49185741.14384,9251.053,6231.834,1.4845,6.010000000000218,0.1894,3019.219,15482.886999999999,1.4845,1.0,1.0,0.195
2026-01-06 01:40:00,3179.3,3189.33,3179.2,3186.03,31333.67,99819117.52333,18569.462,12764.208,1.4548,6.730000000000018,0.2117,5805.253999999999,31333.67,1.4548,1.0,1.0,0.1853
2026-01-06 01:45:00,3186.02,3194.97,3185.89,3191.44,23139.29,73839838.84846,13678.163,9461.127,1.4457,5.420000000000073,0.1701,4217.036,23139.29,1.4457,1.0,1.0,0.1822
2026-01-06 01:50:00,3191.44,3215.9,3191.44,3208.43,85674.081,274596551.06939,59864.752,25809.329,2.3195,16.98999999999978,0.5324,34055.422999999995,85674.081,2.3195,1.0,1.0,0.3975
2026-01-06 01:55:00,3208.44,3228.95,3208.0,3211.95,77944.034,250755924.56386,44904.324,33039.71,1.3591,3.5099999999997635,0.1094,11864.614000000001,77944.034,1.3591,1.0,1.0,0.1522
2026-01-06 02:00:00,3211.95,3217.92,3203.56,3207.21,29491.569,94680532.70382,12615.302,16876.267,0.7475,-4.739999999999782,-0.1476,-4260.965,29491.569,0.7475,1.0,1.0,-0.1445
2026-01-06 02:05:00,3207.21,3209.83,3201.25,3201.25,15734.958999999999,50429297.133940004,8914.404,6820.555,1.307,-5.960000000000036,-0.1858,2093.849,15734.959,1.307,1.0,1.0,0.1331
2026-01-06 02:10:00,3201.25,3209.5,3200.97,3209.49,8971.305,28745588.83797,6138.674,2832.631,2.1671,8.239999999999782,0.2574,3306.043,8971.305,2.1671,1.0,1.0,0.3685
2026-01-06 02:15:00,3209.5,3210.43,3193.68,3196.66,23863.272,76390409.8511,9667.3,14195.972,0.681,-12.840000000000146,-0.4001,-4528.6720000000005,23863.271999999997,0.681,1.0,1.0,-0.1898
2026-01-06 02:20:00,3196.67,3198.57,3185.18,3196.97,46632.21,148828286.56443,12984.534,33647.676,0.3859,0.29999999999972715,0.0094,-20663.142,46632.21,0.3859,1.0,1.0,-0.4431
2026-01-06 02:25:00,3196.97,3203.31,3196.96,3199.77,16342.907000000001,52293513.07637,9629.588,6713.319,1.4344,2.800000000000182,0.0876,2916.2689999999993,16342.907,1.4344,1.0,1.0,0.1784
2026-01-06 02:30:00,3199.76,3205.5,3198.45,3200.2,7184.594,22999137.15342,4075.46,3109.134,1.3108,0.4399999999995998,0.0138,966.326,7184.594,1.3108,1.0,1.0,0.1345
2026-01-06 02:35:00,3200.2,3201.0,3190.41,3193.16,22165.646,70819532.82519001,4385.159,17780.487,0.2466,-7.039999999999964,-0.22,-13395.328000000001,22165.646,0.2466,1.0,1.0,-0.6043
2026-01-06 02:40:00,3193.17,3201.0,3193.01,3200.4,4562.835,14593573.4476,2793.501,1769.334,1.5788,7.230000000000018,0.2264,1024.1670000000001,4562.835,1.5788,1.0,1.0,0.2245
2026-01-06 02:45:00,3200.4,3208.33,3199.57,3207.76,9803.805,31421558.53655,5332.344,4471.461,1.1925,7.360000000000127,0.23,860.8829999999998,9803.805,1.1925,1.0,1.0,0.0878
2026-01-06 02:50:00,3207.76,3217.83,3204.58,3216.71,21472.985,68986303.35539,15206.018,6266.967,2.4264,8.949999999999818,0.279,8939.051,21472.985,2.4264,1.0,1.0,0.4163
2026-01-06 02:55:00,3216.71,3228.0,3214.97,3226.65,33307.507,107296360.61277,21303.846,12003.661,1.7748,9.940000000000055,0.309,9300.185000000001,33307.507,1.7748,1.0,1.0,0.2792
2026-01-06 03:00:00,3226.65,3227.42,3216.6,3218.03,21467.653,69136661.21368,7045.798,14421.855,0.4886,-8.61999999999989,-0.2672,-7376.057,21467.653,0.4886,1.0,1.0,-0.3436
2026-01-06 03:05:00,3218.03,3221.55,3213.8,3221.12,11438.985999999999,36802445.909889996,5096.61,6342.376,0.8036,3.0899999999996908,0.096,-1245.7660000000005,11438.986,0.8036,1.0,1.0,-0.1089
2026-01-06 03:10:00,3221.12,3224.15,3219.08,3219.59,6446.992,20770316.59226,3252.581,3194.411,1.0182,-1.5299999999997453,-0.0475,58.17000000000007,6446.992,1.0182,1.0,1.0,0.009
2026-01-06 03:15:00,3219.6,3224.01,3214.08,3220.4,9346.929,30078264.01592,4453.738,4893.191,0.9102,0.8000000000001819,0.0248,-439.4529999999995,9346.929,0.9102,1.0,1.0,-0.047
2026-01-06 03:20:00,3220.41,3225.0,3218.25,3219.1,6461.468,20820637.248519998,3235.986,3225.482,1.0033,-1.3099999999999454,-0.0407,10.503999999999905,6461.468,1.0033,1.0,1.0,0.0016
2026-01-06 03:25:00,3219.1,3224.86,3217.54,3221.64,6250.341,20137010.19464,3187.606,3062.735,1.0408,2.5399999999999636,0.0789,124.8710000000001,6250.341,1.0408,1.0,1.0,0.02
2026-01-06 03:30:00,3221.63,3225.0,3218.54,3224.25,5944.491,19157772.556810003,3161.055,2783.436,1.1357,2.619999999999891,0.0813,377.6189999999997,5944.491,1.1357,1.0,1.0,0.0635
2026-01-06 03:35:00,3224.25,3225.0,3214.55,3214.89,9180.565999999999,29561248.31266,3856.034,5324.532,0.7242,-9.360000000000127,-0.2903,-1468.498,9180.566,0.7242,1.0,1.0,-0.16
2026-01-06 03:40:00,3214.89,3219.07,3212.95,3218.02,9005.17,28953434.5542,4030.277,4974.893,0.8101,3.130000000000109,0.0974,-944.616,9005.17,0.8101,1.0,1.0,-0.1049
2026-01-06 03:45:00,3218.02,3219.07,3215.01,3218.57,3413.768,10982588.50559,1124.527,2289.241,0.4912,0.5500000000001819,0.0171,-1164.714,3413.768,0.4912,1.0,1.0,-0.3412
2026-01-06 03:50:00,3218.56,3218.57,3213.28,3216.42,8141.548000000001,26180315.362940002,5269.042,2872.506,1.8343,-2.1399999999998727,-0.0665,2396.5360000000005,8141.548000000001,1.8343,1.0,1.0,0.2944
2026-01-06 03:55:00,3216.41,3223.36,3216.2,3221.59,4706.383,15154400.58998,2535.09,2171.293,1.1675,5.180000000000291,0.161,363.797,4706.383,1.1675,1.0,1.0,0.0773
2026-01-06 04:00:00,3221.58,3245.52,3218.31,3236.25,77950.692,252348248.24431,58759.759,19190.933,3.0619,14.670000000000073,0.4554,39568.826,77950.692,3.0619,1.0,1.0,0.5076
2026-01-06 04:05:00,3236.26,3239.03,3233.33,3233.74,18740.498,60648680.36011,9124.608,9615.89,0.9489,-2.5200000000004366,-0.0779,-491.28199999999924,18740.498,0.9489,1.0,1.0,-0.0262
2026-01-06 04:10:00,3233.73,3237.11,3229.46,3236.0,11932.638,38578644.258829996,4704.518,7228.12,0.6509,2.269999999999982,0.0702,-2523.602,11932.637999999999,0.6509,1.0,1.0,-0.2115
2026-01-06 04:15:00,3235.99,3241.62,3232.01,3234.62,11631.214,37653671.54867,6287.199,5344.015,1.1765,-1.3699999999998909,-0.0423,943.1839999999993,11631.214,1.1765,1.0,1.0,0.0811
2026-01-06 04:20:00,3234.62,3237.3,3230.0,3236.74,5393.705,17439773.68276,2732.192,2661.513,1.0266,2.119999999999891,0.0655,70.67900000000009,5393.705,1.0266,1.0,1.0,0.0131
2026-01-06 04:25:00,3236.75,3265.0,3236.74,3259.63,82949.704,269659661.27944,54148.827,28800.877,1.8801,22.88000000000011,0.7069,25347.949999999997,82949.704,1.8801,1.0,1.0,0.3056
2026-01-06 04:30:00,3259.63,3259.63,3241.11,3244.8,31604.17,102675026.21963,14608.347,16995.823,0.8595,-14.829999999999927,-0.455,-2387.4760000000006,31604.17,0.8595,1.0,1.0,-0.0755
2026-01-06 04:35:00,3244.8,3250.0,3240.0,3250.0,14441.348,46865377.95436,9393.0,5048.348,1.8606,5.199999999999818,0.1603,4344.652,14441.348,1.8606,1.0,1.0,0.3008
2026-01-06 04:40:00,3250.0,3250.7,3237.28,3242.27,20208.951999999997,65520606.38821,10525.302,9683.65,1.0869,-7.730000000000018,-0.2378,841.652,20208.951999999997,1.0869,1.0,1.0,0.0416
2026-01-06 04:45:00,3242.27,3246.5,3239.41,3243.0,13504.586,43793406.66195,3885.43,9619.156,0.4039,0.7300000000000182,0.0225,-5733.726000000001,13504.586000000001,0.4039,1.0,1.0,-0.4246
2026-01-06 04:50:00,3243.05,3244.38,3237.45,3237.45,9785.645999999999,31716879.84492,5063.737,4721.909,1.0724,-5.600000000000364,-0.1727,341.82800000000043,9785.646,1.0724,1.0,1.0,0.0349
2026-01-06 04:55:00,3237.45,3240.74,3232.25,3240.45,16027.670999999998,51871966.16633,8641.687,7385.984,1.17,3.0,0.0927,1255.7029999999995,16027.671,1.17,1.0,1.0,0.0783
2026-01-06 05:00:00,3240.46,3247.23,3239.17,3244.14,8319.941,26987796.54409,4395.628,3924.313,1.1201,3.6799999999998363,0.1136,471.3149999999996,8319.940999999999,1.1201,1.0,1.0,0.0566
2026-01-06 05:05:00,3244.13,3244.86,3234.64,3235.99,10620.325,34404801.13505,3328.671,7291.654,0.4565,-8.140000000000327,-0.2509,-3962.9830000000006,10620.325,0.4565,1.0,1.0,-0.3732
2026-01-06 05:10:00,3235.99,3238.1,3234.15,3235.34,7369.6990000000005,23849724.49842,4869.279,2500.42,1.9474,-0.6499999999996362,-0.0201,2368.8590000000004,7369.6990000000005,1.9474,1.0,1.0,0.3214
2026-01-06 05:15:00,3235.34,3242.61,3233.23,3239.01,7012.479,22698570.92854,2857.312,4155.167,0.6877,3.6700000000000728,0.1134,-1297.8550000000005,7012.479,0.6877,1.0,1.0,-0.1851
2026-01-06 05:20:00,3239.01,3243.65,3237.0,3238.86,4752.859,15402177.92768,1799.404,2953.455,0.6093,-0.15000000000009095,-0.0046,-1154.051,4752.859,0.6093,1.0,1.0,-0.2428
2026-01-06 05:25:00,3238.85,3240.0,3231.49,3231.49,3431.233,11100245.83781,1365.985,2065.248,0.6614,-7.360000000000127,-0.2272,-699.2630000000001,3431.233,0.6614,1.0,1.0,-0.2038
2026-01-06 05:30:00,3231.49,3236.36,3230.02,3233.78,3864.418,12495498.298010001,1829.214,2035.204,0.8988,2.2900000000004184,0.0709,-205.99,3864.4179999999997,0.8988,1.0,1.0,-0.0533
2026-01-06 05:35:00,3233.78,3240.34,3232.72,3238.54,4755.9400000000005,15390451.15202,3623.432,1132.508,3.1995,4.7599999999997635,0.1472,2490.924,4755.94,3.1995,1.0,1.0,0.5238
2026-01-06 05:40:00,3238.54,3241.13,3238.53,3239.1,2725.822,8832106.43101,1504.262,1221.56,1.2314,0.5599999999999454,0.0173,282.702,2725.822,1.2314,1.0,1.0,0.1037
2026-01-06 05:45:00,3239.1,3243.26,3238.32,3243.26,4300.167,13932218.79218,2812.718,1487.449,1.891,4.160000000000309,0.1284,1325.2689999999998,4300.1669999999995,1.891,1.0,1.0,0.3082
2026-01-06 05:50:00,3243.26,3243.27,3239.25,3240.13,5475.457,17749437.86184,1174.82,4300.637,0.2732,-3.130000000000109,-0.0965,-3125.817,5475.456999999999,0.2732,1.0,1.0,-0.5709
2026-01-06 05:55:00,3240.13,3240.14,3235.32,3236.89,6502.853,21045390.24647,1540.347,4962.506,0.3104,-3.2400000000002365,-0.1,-3422.1590000000006,6502.853,0.3104,1.0,1.0,-0.5263
2026-01-06 06:00:00,3236.9,3237.5,3233.42,3234.16,4431.645,14336169.90271,1261.474,3170.171,0.3979,-2.7400000000002365,-0.0846,-1908.697,4431.6449999999995,0.3979,1.0,1.0,-0.4307
2026-01-06 06:05:00,3234.16,3237.17,3233.62,3235.62,2591.444,8383875.44609,1675.196,916.248,1.8283,1.4600000000000364,0.0451,758.9479999999999,2591.444,1.8283,1.0,1.0,0.2929
2026-01-06 06:10:00,3235.62,3237.0,3233.33,3236.1,5061.6320000000005,16377590.19064,1843.183,3218.449,0.5727,0.4800000000000182,0.0148,-1375.266,5061.632,0.5727,1.0,1.0,-0.2717
2026-01-06 06:15:00,3236.1,3241.77,3235.82,3241.1,4417.131,14309404.1073,2990.852,1426.279,2.097,5.0,0.1545,1564.5729999999999,4417.130999999999,2.097,1.0,1.0,0.3542
2026-01-06 06:20:00,3241.1,3246.92,3241.03,3244.54,6117.827,19844567.59364,4417.61,1700.217,2.5983,3.4400000000000546,0.1061,2717.3929999999996,6117.826999999999,2.5983,1.0,1.0,0.4442
2026-01-06 06:25:00,3244.54,3244.8,3240.0,3240.0,2760.174,8949612.62463,1259.619,1500.555,0.8394,-4.539999999999964,-0.1399,-240.93600000000015,2760.174,0.8394,1.0,1.0,-0.0873
2026-01-06 06:30:00,3240.01,3241.3,3239.0,3240.59,4096.374,13272903.409429999,1096.911,2999.463,0.3657,0.5799999999999272,0.0179,-1902.5520000000001,4096.374,0.3657,1.0,1.0,-0.4644
2026-01-06 06:35:00,3240.6,3246.0,3240.59,3245.99,1954.278,6339884.0847,1128.73,825.548,1.3672,5.389999999999873,0.1663,303.182,1954.278,1.3672,1.0,1.0,0.1551
2026-01-06 06:40:00,3245.99,3248.0,3242.23,3243.82,3536.81,11478685.5628,1374.349,2162.461,0.6355,-2.169999999999618,-0.0669,-788.1119999999999,3536.8099999999995,0.6355,1.0,1.0,-0.2228
2026-01-06 06:45:00,3243.81,3244.47,3240.72,3240.75,1370.673,4444273.09282,391.204,979.469,0.3994,-3.0599999999999454,-0.0943,-588.2650000000001,1370.673,0.3994,1.0,1.0,-0.4292
2026-01-06 06:50:00,3240.74,3241.47,3228.33,3237.8,13408.396999999999,43364618.37402,3723.293,9685.104,0.3844,-2.9399999999996,-0.0907,-5961.811,13408.396999999999,0.3844,1.0,1.0,-0.4446
2026-01-06 06:55:00,3237.8,3240.33,3235.93,3238.83,3653.159,11829799.67168,1845.415,1807.744,1.0208,1.0299999999997453,0.0318,37.67100000000005,3653.1589999999997,1.0208,1.0,1.0,0.0103
2026-01-06 07:00:00,3238.83,3240.18,3232.0,3233.34,5800.393,18763066.65051,1702.946,4097.447,0.4156,-5.489999999999782,-0.1695,-2394.501,5800.393,0.4156,1.0,1.0,-0.4128
2026-01-06 07:05:00,3233.34,3235.0,3231.9,3234.65,2906.8849999999998,9399413.56445,1494.257,1412.628,1.0578,1.3099999999999454,0.0405,81.62900000000013,2906.885,1.0578,1.0,1.0,0.0281
2026-01-06 07:10:00,3234.65,3235.31,3230.68,3231.74,2869.242,9274805.86547,1039.169,1830.073,0.5678,-2.9100000000003092,-0.09,-790.904,2869.242,0.5678,1.0,1.0,-0.2756
2026-01-06 07:15:00,3231.73,3236.44,3226.14,3228.8,11071.395,35763385.3542,5495.559,5575.836,0.9856,-2.9299999999998363,-0.0907,-80.27700000000004,11071.395,0.9856,1.0,1.0,-0.0073
2026-01-06 07:20:00,3228.8,3231.54,3228.0,3230.3,5294.073,17098331.44769,2853.139,2440.934,1.1689,1.5,0.0465,412.2049999999999,5294.073,1.1689,1.0,1.0,0.0779
2026-01-06 07:25:00,3230.3,3230.56,3228.26,3230.13,2633.154,8503757.57753,1066.304,1566.85,0.6805,-0.17000000000007276,-0.0053,-500.5459999999998,2633.154,0.6805,1.0,1.0,-0.1901
2026-01-06 07:30:00,3230.14,3231.4,3226.68,3229.76,4710.968,15213376.31815,1198.002,3512.966,0.341,-0.3799999999996544,-0.0118,-2314.964,4710.968,0.341,1.0,1.0,-0.4914
2026-01-06 07:35:00,3229.75,3229.76,3223.67,3226.0,16172.201000000001,52160957.29042,5315.616,10856.585,0.4896,-3.75,-0.1161,-5540.968999999999,16172.201,0.4896,1.0,1.0,-0.3426
2026-01-06 07:40:00,3226.0,3233.52,3225.99,3229.55,6923.956,22368483.20324,3897.593,3026.363,1.2879,3.550000000000182,0.11,871.23,6923.956,1.2879,1.0,1.0,0.1258
2026-01-06 07:45:00,3229.55,3230.5,3226.26,3230.5,2659.322,8583894.59302,1605.654,1053.668,1.5239,0.9499999999998181,0.0294,551.9860000000001,2659.322,1.5239,1.0,1.0,0.2076
2026-01-06 07:50:00,3230.49,3230.94,3226.0,3226.01,2316.129,7476534.65714,834.865,1481.264,0.5636,-4.479999999999563,-0.1387,-646.3989999999999,2316.129,0.5636,1.0,1.0,-0.2791
2026-01-06 07:55:00,3226.0,3227.0,3223.26,3223.48,4225.88,13629225.790240001,961.484,3263.814,0.2946,-2.519999999999982,-0.0781,-2302.33,4225.298,0.2946,1.0001,0.9999,-0.5449
2026-01-06 08:00:00,3223.49,3228.64,3223.48,3228.64,3786.73,12216755.08342,1905.227,1881.503,1.0126,5.150000000000091,0.1598,23.72400000000016,3786.73,1.0126,1.0,1.0,0.0063
2026-01-06 08:05:00,3228.65,3229.5,3220.09,3220.33,6819.711,21978526.05872,2310.674,4509.037,0.5125,-8.320000000000164,-0.2577,-2198.3630000000003,6819.711,0.5125,1.0,1.0,-0.3224
2026-01-06 08:10:00,3220.33,3220.39,3215.1,3215.56,11201.098,36045664.28552,3873.04,7328.058,0.5285,-4.769999999999982,-0.1481,-3455.018,11201.098,0.5285,1.0,1.0,-0.3085
2026-01-06 08:15:00,3215.56,3218.61,3213.35,3217.72,11728.245,37709826.87828,6946.432,4781.813,1.4527,2.1599999999998545,0.0672,2164.6189999999997,11728.244999999999,1.4527,1.0,1.0,0.1846
2026-01-06 08:20:00,3217.72,3220.72,3215.1,3215.11,6427.697999999999,20688040.68637,4181.926,2245.772,1.8621,-2.6099999999996726,-0.0811,1936.1540000000005,6427.698,1.8621,1.0,1.0,0.3012
2026-01-06 08:25:00,3215.1,3220.0,3214.0,3219.7,4334.859,13943312.166960001,2388.69,1946.169,1.2274,4.599999999999909,0.1431,442.52099999999996,4334.859,1.2274,1.0,1.0,0.1021
2026-01-06 08:30:00,3219.7,3219.7,3205.72,3206.88,13333.437,42803074.18636,4208.405,9125.032,0.4612,-12.819999999999709,-0.3982,-4916.6269999999995,13333.436999999998,0.4612,1.0,1.0,-0.3687
2026-01-06 08:35:00,3206.88,3208.6,3202.34,3202.96,11390.5,36506148.71502,6099.081,5291.419,1.1526,-3.9200000000000728,-0.1222,807.6620000000003,11390.5,1.1526,1.0,1.0,0.0709
2026-01-06 08:40:00,3202.96,3207.71,3201.79,3205.3,10318.219,33064225.365000002,5274.567,5043.652,1.0458,2.3400000000001455,0.0731,230.91499999999996,10318.219000000001,1.0458,1.0,1.0,0.0224
2026-01-06 08:45:00,3205.3,3208.1,3203.11,3207.91,6058.741,19423137.6599,3175.46,2883.281,1.1013,2.6099999999996726,0.0814,292.1790000000001,6058.741,1.1013,1.0,1.0,0.0482
2026-01-06 08:50:00,3207.9,3213.73,3207.8,3212.55,9543.81,30646307.23638,6536.251,3007.559,2.1733,4.650000000000091,0.145,3528.692,9543.810000000001,2.1733,1.0,1.0,0.3697
2026-01-06 08:55:00,3212.55,3215.52,3212.54,3214.93,6122.032999999999,19680504.44537,3200.307,2921.726,1.0953,2.3799999999996544,0.0741,278.5809999999997,6122.032999999999,1.0953,1.0,1.0,0.0455
2026-01-06 09:00:00,3214.94,3226.13,3214.45,3220.36,18660.749,60096935.94709,12532.281,6128.468,2.0449,5.420000000000073,0.1686,6403.813000000001,18660.749,2.0449,1.0,1.0,0.3432
2026-01-06 09:05:00,3220.36,3221.0,3215.54,3220.25,6344.028,20417859.33428,3069.523,3274.505,0.9374,-0.11000000000012733,-0.0034,-204.98199999999997,6344.028,0.9374,1.0,1.0,-0.0323
2026-01-06 09:10:00,3220.26,3224.84,3219.59,3222.48,5486.1669999999995,17678902.58204,3032.304,2453.863,1.2357,2.2199999999998,0.0689,578.4410000000003,5486.1669999999995,1.2357,1.0,1.0,0.1054
2026-01-06 09:15:00,3222.47,3228.0,3221.11,3228.0,6187.77,19957391.65242,4339.902,1847.868,2.3486,5.5300000000002,0.1716,2492.034,6187.77,2.3486,1.0,1.0,0.4027
2026-01-06 09:20:00,3228.0,3239.39,3227.44,3231.01,21141.999,68358018.50789,12780.307,8361.692,1.5284,3.0100000000002183,0.0932,4418.615000000002,21141.999,1.5284,1.0,1.0,0.209
2026-01-06 09:25:00,3231.02,3246.59,3230.96,3241.78,17477.579,56620271.423030004,11876.213,5601.366,2.1202,10.760000000000218,0.333,6274.847,17477.578999999998,2.1202,1.0,1.0,0.359
2026-01-06 09:30:00,3241.78,3243.0,3232.75,3233.39,12024.475999999999,38937758.51155,3145.15,8879.326,0.3542,-8.390000000000327,-0.2588,-5734.1759999999995,12024.475999999999,0.3542,1.0,1.0,-0.4769
2026-01-06 09:35:00,3233.39,3235.3,3228.21,3231.64,8549.048,27625033.81375,4467.212,4081.836,1.0944,-1.75,-0.0541,385.37600000000066,8549.048,1.0944,1.0,1.0,0.0451
2026-01-06 09:40:00,3231.63,3231.64,3225.8,3226.28,5311.106,17147960.49937,1968.641,3342.465,0.589,-5.349999999999909,-0.1656,-1373.824,5311.106,0.589,1.0,1.0,-0.2587
2026-01-06 09:45:00,3226.27,3229.96,3223.1,3223.11,7691.103,24814112.94561,3707.394,3983.709,0.9306,-3.1599999999998545,-0.0979,-276.31500000000005,7691.102999999999,0.9306,1.0,1.0,-0.0359
2026-01-06 09:50:00,3223.11,3223.49,3215.55,3216.51,10425.698,33553842.94978,4099.566,6326.132,0.648,-6.599999999999909,-0.2048,-2226.566,10425.698,0.648,1.0,1.0,-0.2136
2026-01-06 09:55:00,3216.51,3217.76,3215.13,3217.03,4520.475,14539378.89982,2596.712,1923.763,1.3498,0.5199999999999818,0.0162,672.9490000000001,4520.475,1.3498,1.0,1.0,0.1489
2026-01-06 10:00:00,3217.03,3223.57,3216.16,3218.22,7462.557000000001,24030862.86348,4577.615,2884.942,1.5867,1.1899999999995998,0.037,1692.6729999999998,7462.557,1.5867,1.0,1.0,0.2268
2026-01-06 10:05:00,3218.21,3220.85,3212.9,3213.52,8077.831,25982038.05369,2480.012,5597.819,0.443,-4.690000000000055,-0.1457,-3117.8070000000002,8077.831,0.443,1.0,1.0,-0.386
2026-01-06 10:10:00,3213.52,3217.69,3212.01,3216.14,4183.3099999999995,13450186.042149998,2642.664,1540.646,1.7153,2.619999999999891,0.0815,1102.0180000000003,4183.31,1.7153,1.0,1.0,0.2634
2026-01-06 10:15:00,3216.13,3218.4,3213.74,3214.15,4533.507,14578603.42063,2319.751,2213.756,1.0479,-1.9800000000000182,-0.0616,105.99500000000035,4533.507,1.0479,1.0,1.0,0.0234
2026-01-06 10:20:00,3214.15,3219.89,3214.14,3217.66,3017.502,9709448.10502,1953.44,1064.062,1.8358,3.5099999999997635,0.1092,889.3780000000002,3017.502,1.8358,1.0,1.0,0.2947
2026-01-06 10:25:00,3217.66,3220.59,3217.49,3217.56,4053.7349999999997,13048287.25688,2140.971,1912.764,1.1193,-0.09999999999990905,-0.0031,228.2070000000001,4053.7349999999997,1.1193,1.0,1.0,0.0563
2026-01-06 10:30:00,3217.55,3219.99,3210.54,3211.09,8525.175,27400201.78695,5037.451,3487.724,1.4443,-6.460000000000036,-0.2008,1549.7269999999999,8525.175,1.4443,1.0,1.0,0.1818
2026-01-06 10:35:00,3211.09,3213.16,3207.8,3210.0,7121.215999999999,22861927.80753,3003.017,4118.199,0.7292,-1.0900000000001455,-0.0339,-1115.1819999999998,7121.215999999999,0.7292,1.0,1.0,-0.1566
2026-01-06 10:40:00,3210.0,3214.0,3210.0,3213.99,2791.775,8969457.15456,1635.248,1156.527,1.4139,3.9899999999997817,0.1243,478.721,2791.775,1.4139,1.0,1.0,0.1715
2026-01-06 10:45:00,3213.99,3215.54,3211.73,3213.72,3181.6,10225332.19126,2213.75,967.85,2.2873,-0.2699999999999818,-0.0084,1245.9,3181.6,2.2873,1.0,1.0,0.3916
2026-01-06 10:50:00,3213.72,3214.57,3211.75,3214.0,2157.202,6931487.22706,1282.075,875.127,1.465,0.2800000000002001,0.0087,406.9480000000001,2157.202,1.465,1.0,1.0,0.1886
2026-01-06 10:55:00,3213.99,3217.95,3213.99,3216.14,3312.94,10655228.16021,2236.505,1076.435,2.0777,2.150000000000091,0.0669,1160.0700000000002,3312.94,2.0777,1.0,1.0,0.3502
2026-01-06 11:00:00,3216.15,3217.74,3212.5,3217.35,4422.598,14217523.88141,1720.236,2702.362,0.6366,1.199999999999818,0.0373,-982.126,4422.598,0.6366,1.0,1.0,-0.2221
2026-01-06 11:05:00,3217.36,3221.14,3216.4,3217.08,7567.263,24362934.3388,4767.706,2799.557,1.703,-0.2800000000002001,-0.0087,1968.1490000000003,7567.263,1.703,1.0,1.0,0.2601
2026-01-06 11:10:00,3217.07,3218.59,3214.39,3218.59,2507.149,8062955.15899,1288.708,1218.441,1.0577,1.5199999999999818,0.0472,70.26700000000005,2507.1490000000003,1.0577,1.0,1.0,0.028
2026-01-06 11:15:00,3218.58,3220.68,3218.05,3219.55,2759.911,8885343.30912,1756.979,1002.932,1.7518,0.9700000000002547,0.0301,754.047,2759.911,1.7518,1.0,1.0,0.2732
2026-01-06 11:20:00,3219.54,3220.68,3215.35,3217.05,3826.571,12313394.95803,2035.366,1791.205,1.1363,-2.4899999999997817,-0.0773,244.16100000000006,3826.571,1.1363,1.0,1.0,0.0638
2026-01-06 11:25:00,3217.05,3223.61,3216.04,3222.66,6119.239,19711486.36079,3120.2,2999.039,1.0404,5.609999999999673,0.1744,121.1609999999996,6119.239,1.0404,1.0,1.0,0.0198
2026-01-06 11:30:00,3222.66,3232.99,3221.0,3227.66,15830.704,51106425.56667,9750.583,6080.121,1.6037,5.0,0.1552,3670.4620000000004,15830.704000000002,1.6037,1.0,1.0,0.2319
2026-01-06 11:35:00,3227.66,3229.5,3225.8,3227.1,4226.629,13642366.56449,1511.737,2714.892,0.5568,-0.5599999999999454,-0.0174,-1203.1549999999997,4226.629,0.5568,1.0,1.0,-0.2847
2026-01-06 11:40:00,3227.1,3228.3,3224.61,3224.88,5507.224,17764988.01332,3507.477,1999.747,1.754,-2.2199999999998,-0.0688,1507.7299999999998,5507.224,1.754,1.0,1.0,0.2738
2026-01-06 11:45:00,3224.88,3227.98,3222.71,3222.71,3855.6459999999997,12434527.00611,1587.132,2268.514,0.6996,-2.1700000000000728,-0.0673,-681.3820000000001,3855.646,0.6996,1.0,1.0,-0.1767
2026-01-06 11:50:00,3222.71,3224.99,3221.59,3222.32,2250.776,7253854.01314,932.497,1318.279,0.7074,-0.38999999999987267,-0.0121,-385.78200000000004,2250.776,0.7074,1.0,1.0,-0.1714
2026-01-06 11:55:00,3222.32,3224.0,3221.25,3223.8,2694.564,8683831.48867,1737.379,957.185,1.8151,1.4800000000000182,0.0459,780.194,2694.564,1.8151,1.0,1.0,0.2895
2026-01-06 12:00:00,3223.8,3226.45,3221.95,3224.64,2567.05,8276924.20777,1538.301,1028.749,1.4953,0.8399999999996908,0.0261,509.5519999999999,2567.05,1.4953,1.0,1.0,0.1985
2026-01-06 12:05:00,3224.64,3230.98,3224.24,3228.44,7712.63,24898971.487829998,3077.361,4635.269,0.6639,3.800000000000182,0.1178,-1557.9080000000004,7712.63,0.6639,1.0,1.0,-0.202
2026-01-06 12:10:00,3228.44,3231.77,3228.11,3229.99,4095.679,13228311.47164,1483.809,2611.87,0.5681,1.5499999999997272,0.048,-1128.061,4095.679,0.5681,1.0,1.0,-0.2754
2026-01-06 12:15:00,3230.0,3232.7,3228.06,3228.22,5432.518,17551126.02535,2279.399,3153.119,0.7229,-1.7800000000002,-0.0551,-873.7200000000003,5432.518,0.7229,1.0,1.0,-0.1608
2026-01-06 12:20:00,3228.21,3229.04,3226.41,3226.41,3591.911,11595507.43359,1079.524,2512.387,0.4297,-1.800000000000182,-0.0558,-1432.8630000000003,3591.911,0.4297,1.0,1.0,-0.3989
2026-01-06 12:25:00,3226.41,3226.97,3223.8,3225.6,2960.187,9547818.41389,1168.133,1792.054,0.6518,-0.8099999999999454,-0.0251,-623.921,2960.187,0.6518,1.0,1.0,-0.2108
2026-01-06 12:30:00,3225.61,3227.99,3225.0,3227.59,2656.7209999999995,8571796.065299999,1851.246,805.475,2.2983,1.9800000000000182,0.0614,1045.7710000000002,2656.721,2.2983,1.0,1.0,0.3936
2026-01-06 12:35:00,3227.59,3230.56,3225.0,3226.12,7333.3640000000005,23668123.913030002,1582.499,5750.865,0.2752,-1.4700000000002547,-0.0455,-4168.366,7333.364,0.2752,1.0,1.0,-0.5684
2026-01-06 12:40:00,3226.12,3226.27,3223.63,3223.63,1577.754,5087569.02186,562.991,1014.763,0.5548,-2.4899999999997817,-0.0772,-451.77200000000005,1577.754,0.5548,1.0,1.0,-0.2863
2026-01-06 12:45:00,3223.63,3223.85,3222.8,3223.77,2388.32,7697993.52236,1254.62,1133.7,1.1067,0.13999999999987267,0.0043,120.91999999999985,2388.3199999999997,1.1067,1.0,1.0,0.0506
2026-01-06 12:50:00,3223.76,3223.85,3221.5,3221.85,2288.069,7372791.18176,935.09,1352.979,0.6911,-1.9100000000003092,-0.0592,-417.889,2288.069,0.6911,1.0,1.0,-0.1826
2026-01-06 12:55:00,3221.84,3224.22,3221.31,3221.31,3008.124,9695265.958,2079.327,928.797,2.2387,-0.5300000000002001,-0.0165,1150.5300000000002,3008.1240000000003,2.2387,1.0,1.0,0.3825
2026-01-06 13:00:00,3221.31,3225.29,3220.17,3223.26,8426.687,27159032.45233,4717.792,3708.895,1.272,1.9500000000002728,0.0605,1008.8970000000004,8426.687,1.272,1.0,1.0,0.1197
2026-01-06 13:05:00,3223.25,3224.86,3221.5,3221.5,3261.296,10511470.52389,892.121,2369.175,0.3766,-1.75,-0.0543,-1477.054,3261.2960000000003,0.3766,1.0,1.0,-0.4529
2026-01-06 13:10:00,3221.49,3225.8,3220.79,3223.83,3412.059,11000975.6884,1918.728,1493.331,1.2849,2.3400000000001455,0.0726,425.39700000000016,3412.059,1.2849,1.0,1.0,0.1247
2026-01-06 13:15:00,3223.84,3226.2,3222.7,3225.59,4574.021,14749145.97969,2738.847,1835.174,1.4924,1.75,0.0543,903.6730000000002,4574.021000000001,1.4924,1.0,1.0,0.1976
2026-01-06 13:20:00,3225.6,3228.0,3221.87,3222.44,5489.001,17702077.72692,2438.805,3050.196,0.7996,-3.1599999999998545,-0.098,-611.3910000000001,5489.001,0.7996,1.0,1.0,-0.1114
2026-01-06 13:25:00,3222.44,3223.61,3220.65,3222.08,4313.273,13896866.85381,2830.47,1482.803,1.9089,-0.36000000000012733,-0.0112,1347.6669999999997,4313.273,1.9089,1.0,1.0,0.3124
2026-01-06 13:30:00,3222.08,3226.01,3220.0,3220.0,3165.8540000000003,10202059.12985,1351.035,1814.819,0.7444,-2.0799999999999272,-0.0646,-463.7839999999999,3165.8540000000003,0.7444,1.0,1.0,-0.1465
2026-01-06 13:35:00,3220.01,3221.26,3215.51,3219.1,8369.073,26933670.158409998,4781.567,3587.506,1.3328,-0.9100000000003092,-0.0283,1194.0610000000001,8369.073,1.3328,1.0,1.0,0.1427
2026-01-06 13:40:00,3219.1,3219.1,3216.52,3217.21,4866.356,15657469.59954,2920.388,1945.968,1.5007,-1.8899999999998727,-0.0587,974.4199999999998,4866.356,1.5007,1.0,1.0,0.2002
2026-01-06 13:45:00,3217.2,3220.32,3215.25,3220.32,4017.879,12926017.003400002,2428.399,1589.48,1.5278,3.1200000000003456,0.097,838.9189999999999,4017.879,1.5278,1.0,1.0,0.2088
2026-01-06 13:50:00,3220.32,3220.67,3217.38,3218.86,4392.3009999999995,14139041.14861,2437.621,1954.68,1.2471,-1.4600000000000364,-0.0453,482.94100000000003,4392.301,1.2471,1.0,1.0,0.11
2026-01-06 13:55:00,3218.87,3220.06,3216.25,3217.2,2903.4539999999997,9341744.54345,1030.025,1873.429,0.5498,-1.6700000000000728,-0.0519,-843.404,2903.454,0.5498,1.0,1.0,-0.2905
2026-01-06 14:00:00,3217.2,3222.33,3216.59,3221.91,3721.871,11983418.898699999,2033.903,1687.968,1.2049,4.710000000000036,0.1464,345.93499999999995,3721.871,1.2049,1.0,1.0,0.0929
2026-01-06 14:05:00,3221.91,3221.92,3218.18,3218.19,2835.311,9128769.52612,802.321,2032.99,0.3947,-3.7199999999998,-0.1155,-1230.6689999999999,2835.311,0.3947,1.0,1.0,-0.4341
2026-01-06 14:10:00,3218.18,3223.75,3218.18,3222.05,2162.692,6968531.32591,1125.869,1036.823,1.0859,3.8700000000003456,0.1203,89.04599999999982,2162.692,1.0859,1.0,1.0,0.0412
2026-01-06 14:15:00,3222.06,3222.95,3216.73,3216.8,2729.193,8786642.59374,1141.679,1587.514,0.7192,-5.2599999999997635,-0.1632,-445.8349999999998,2729.193,0.7192,1.0,1.0,-0.1634
2026-01-06 14:20:00,3216.81,3220.0,3216.8,3219.67,2737.112,8808766.02804,1803.667,933.445,1.9323,2.8600000000001273,0.0889,870.2219999999999,2737.112,1.9323,1.0,1.0,0.3179
2026-01-06 14:25:00,3219.68,3223.47,3218.75,3223.4,4014.214,12931383.44619,2637.206,1377.008,1.9152,3.7200000000002547,0.1155,1260.198,4014.214,1.9152,1.0,1.0,0.3139
2026-01-06 14:30:00,3223.4,3230.01,3223.39,3229.0,10070.176,32500655.29972,4868.559,5201.617,0.936,5.599999999999909,0.1737,-333.058,10070.176,0.936,1.0,1.0,-0.0331
2026-01-06 14:35:00,3228.99,3229.99,3226.2,3229.3,7138.468,23041167.05354,3255.821,3882.647,0.8386,0.3100000000004002,0.0096,-626.826,7138.468,0.8386,1.0,1.0,-0.0878
2026-01-06 14:40:00,3229.3,3250.0,3228.17,3246.44,51072.009999999995,165476368.73935,31590.013,19481.997,1.6215,17.139999999999873,0.5308,12108.016,51072.009999999995,1.6215,1.0,1.0,0.2371
2026-01-06 14:45:00,3246.44,3253.37,3241.35,3249.51,48795.808000000005,158486681.54819,22000.394,26795.414,0.8211,3.0700000000001637,0.0946,-4795.02,48795.808000000005,0.8211,1.0,1.0,-0.0983
2026-01-06 14:50:00,3249.51,3251.3,3240.21,3243.34,16783.333,54458033.07272,6434.436,10348.897,0.6218,-6.170000000000073,-0.1899,-3914.461000000001,16783.333,0.6218,1.0,1.0,-0.2332
2026-01-06 14:55:00,3243.34,3243.35,3238.73,3239.47,8646.476,28027233.7848,2752.518,5893.958,0.467,-3.8700000000003456,-0.1193,-3141.4399999999996,8646.475999999999,0.467,1.0,1.0,-0.3633
2026-01-06 15:00:00,3239.46,3240.87,3235.0,3235.16,7682.933,24873917.61471,3182.568,4500.365,0.7072,-4.300000000000182,-0.1327,-1317.7969999999996,7682.933,0.7072,1.0,1.0,-0.1715
2026-01-06 15:05:00,3235.16,3238.69,3235.0,3236.35,9194.528,29760798.001989998,6381.012,2813.516,2.268,1.1900000000000546,0.0368,3567.4959999999996,9194.528,2.268,1.0,1.0,0.388
2026-01-06 15:10:00,3236.35,3236.35,3232.01,3232.56,6873.095,22226501.66207,2069.795,4803.3,0.4309,-3.7899999999999636,-0.1171,-2733.505,6873.095,0.4309,1.0,1.0,-0.3977
2026-01-06 15:15:00,3232.56,3234.37,3228.79,3230.15,7925.326999999999,25611386.30655,3749.833,4175.494,0.8981,-2.4099999999998545,-0.0746,-425.6609999999996,7925.326999999999,0.8981,1.0,1.0,-0.0537
2026-01-06 15:20:00,3230.16,3231.12,3221.39,3223.17,13980.239,45085050.19118,6301.392,7678.847,0.8206,-6.989999999999782,-0.2164,-1377.455,13980.239,0.8206,1.0,1.0,-0.0985
2026-01-06 15:25:00,3223.16,3223.97,3217.31,3219.9,12358.534,39804603.16589,5317.517,7041.017,0.7552,-3.2599999999997635,-0.1011,-1723.5,12358.534,0.7552,1.0,1.0,-0.1395
2026-01-06 15:30:00,3219.91,3220.49,3213.1,3217.29,22490.869,72345918.39736,10842.818,11648.051,0.9309,-2.619999999999891,-0.0814,-805.2330000000002,22490.869,0.9309,1.0,1.0,-0.0358
2026-01-06 15:35:00,3217.3,3218.73,3210.15,3211.66,18100.61,58199153.02758,10082.647,8017.963,1.2575,-5.640000000000327,-0.1753,2064.684000000001,18100.61,1.2575,1.0,1.0,0.1141
2026-01-06 15:40:00,3211.67,3218.92,3211.5,3217.43,11480.134,36917597.15569,7437.88,4042.254,1.84,5.7599999999997635,0.1793,3395.626,11480.134,1.84,1.0,1.0,0.2958
2026-01-06 15:45:00,3217.43,3217.65,3214.0,3214.01,7304.415,23488014.43217,4192.35,3112.065,1.3471,-3.419999999999618,-0.1063,1080.2850000000003,7304.415000000001,1.3471,1.0,1.0,0.1479
2026-01-06 15:50:00,3214.0,3221.91,3210.12,3219.04,14579.487000000001,46900157.16094,8077.179,6502.308,1.2422,5.039999999999964,0.1568,1574.871,14579.487000000001,1.2422,1.0,1.0,0.108
2026-01-06 15:55:00,3219.04,3219.84,3217.0,3218.0,4735.821,15241590.51799,2867.255,1868.566,1.5345,-1.0399999999999636,-0.0323,998.6890000000001,4735.821,1.5345,1.0,1.0,0.2109
2026-01-06 16:00:00,3218.0,3222.8,3218.0,3222.01,11887.863,38284398.90726,6374.018,5513.845,1.156,4.010000000000218,0.1246,860.1729999999998,11887.863000000001,1.156,1.0,1.0,0.0724
2026-01-06 16:05:00,3222.01,3227.36,3221.25,3225.37,9640.464,31090309.730779998,4966.083,4674.381,1.0624,3.3599999999996726,0.1043,291.7019999999993,9640.464,1.0624,1.0,1.0,0.0303
2026-01-06 16:10:00,3225.36,3225.37,3219.38,3220.17,6980.395,22489949.354199998,2477.482,4502.913,0.5502,-5.190000000000055,-0.1609,-2025.4309999999996,6980.3949999999995,0.5502,1.0,1.0,-0.2902
2026-01-06 16:15:00,3220.17,3221.6,3217.64,3220.21,5265.116,16954143.424879998,2667.444,2597.672,1.0269,0.03999999999996362,0.0012,69.77199999999993,5265.116,1.0269,1.0,1.0,0.0133
2026-01-06 16:20:00,3220.21,3221.7,3217.95,3218.01,5331.603,17164131.44693,1588.885,3742.718,0.4245,-2.199999999999818,-0.0683,-2153.8329999999996,5331.603,0.4245,1.0,1.0,-0.404
2026-01-06 16:25:00,3218.01,3219.13,3213.0,3217.3,11220.947,36076300.45226,5850.059,5370.888,1.0892,-0.7100000000000364,-0.0221,479.1710000000003,11220.947,1.0892,1.0,1.0,0.0427
2026-01-06 16:30:00,3217.3,3218.09,3214.11,3216.59,3985.995,12819450.63389,2099.667,1886.328,1.1131,-0.7100000000000364,-0.0221,213.33899999999994,3985.995,1.1131,1.0,1.0,0.0535
2026-01-06 16:35:00,3216.6,3217.7,3216.0,3216.0,2840.427,9137402.0863,1146.83,1693.597,0.6772,-0.599999999999909,-0.0187,-546.767,2840.4269999999997,0.6772,1.0,1.0,-0.1925
2026-01-06 16:40:00,3216.0,3219.4,3215.0,3218.45,3359.454,10807886.00684,2202.739,1156.715,1.9043,2.449999999999818,0.0762,1046.0240000000001,3359.4539999999997,1.9043,1.0,1.0,0.3114
2026-01-06 16:45:00,3218.45,3219.39,3215.0,3216.65,3485.976,11212110.00304,1079.848,2406.128,0.4488,-1.7999999999997272,-0.0559,-1326.2800000000002,3485.976,0.4488,1.0,1.0,-0.3805
2026-01-06 16:50:00,3216.65,3221.49,3215.65,3219.89,2408.712,7752717.13911,1521.683,887.029,1.7155,3.2399999999997817,0.1007,634.654,2408.712,1.7155,1.0,1.0,0.2635
2026-01-06 16:55:00,3219.88,3220.27,3217.8,3218.31,2488.983,8011422.0365,1584.752,904.231,1.7526,-1.5700000000001637,-0.0488,680.521,2488.983,1.7526,1.0,1.0,0.2734
2026-01-06 17:00:00,3218.3,3222.41,3215.69,3222.06,4324.3240000000005,13923675.05784,2365.31,1959.014,1.2074,3.7599999999997635,0.1168,406.29600000000005,4324.324,1.2074,1.0,1.0,0.094
2026-01-06 17:05:00,3222.07,3226.0,3219.11,3219.87,5937.873,19136111.29219,3128.623,2809.25,1.1137,-2.200000000000273,-0.0683,319.37300000000005,5937.873,1.1137,1.0,1.0,0.0538
2026-01-06 17:10:00,3219.88,3222.29,3219.87,3221.3,1431.069,4609940.84239,826.665,604.404,1.3677,1.4200000000000728,0.0441,222.26099999999997,1431.069,1.3677,1.0,1.0,0.1553
2026-01-06 17:15:00,3221.3,3226.47,3221.29,3226.45,4983.085,16066689.71963,3110.172,1872.913,1.6606,5.149999999999636,0.1599,1237.259,4983.085,1.6606,1.0,1.0,0.2483
2026-01-06 17:20:00,3226.44,3228.0,3223.38,3225.45,10078.768,32511978.53306,2753.141,7325.627,0.3758,-0.9900000000002365,-0.0307,-4572.486000000001,10078.768,0.3758,1.0,1.0,-0.4537
2026-01-06 17:25:00,3225.44,3226.0,3223.04,3223.44,2996.264,9660441.51347,1241.212,1755.052,0.7072,-2.0,-0.062,-513.8399999999999,2996.264,0.7072,1.0,1.0,-0.1715
2026-01-06 17:30:00,3223.45,3225.43,3219.54,3219.75,6534.261,21063112.0551,2433.781,4100.48,0.5935,-3.699999999999818,-0.1148,-1666.6989999999996,6534.2609999999995,0.5935,1.0,1.0,-0.2551
2026-01-06 17:35:00,3219.76,3220.41,3216.0,3218.2,8493.818000000001,27331670.55834,3650.311,4843.507,0.7537,-1.5600000000004002,-0.0485,-1193.1959999999995,8493.818,0.7537,1.0,1.0,-0.1405
2026-01-06 17:40:00,3218.19,3220.56,3218.19,3220.23,3052.084,9826551.92655,2096.001,956.083,2.1923,2.0399999999999636,0.0634,1139.9180000000001,3052.0840000000003,2.1923,1.0,1.0,0.3735
2026-01-06 17:45:00,3220.23,3221.64,3219.1,3221.64,1959.907,6312097.17674,1254.74,705.167,1.7794,1.4099999999998545,0.0438,549.573,1959.9070000000002,1.7794,1.0,1.0,0.2804
2026-01-06 17:50:00,3221.64,3225.83,3220.56,3223.41,3171.882,10223303.88936,2066.618,1105.264,1.8698,1.7699999999999818,0.0549,961.354,3171.8819999999996,1.8698,1.0,1.0,0.3031
2026-01-06 17:55:00,3223.41,3225.07,3221.36,3221.62,3085.7110000000002,9945205.14066,1754.184,1331.527,1.3174,-1.7899999999999636,-0.0555,422.6569999999999,3085.7110000000002,1.3174,1.0,1.0,0.137
2026-01-06 18:00:00,3221.62,3224.8,3219.62,3224.8,2978.469,9596035.02853,1364.54,1613.929,0.8455,3.180000000000291,0.0987,-249.38900000000012,2978.469,0.8455,1.0,1.0,-0.0837
2026-01-06 18:05:00,3224.79,3226.5,3223.34,3225.14,4917.110000000001,15858835.30906,1834.027,3083.083,0.5949,0.34999999999990905,0.0109,-1249.056,4917.110000000001,0.5949,1.0,1.0,-0.254
2026-01-06 18:10:00,3225.13,3229.5,3223.94,3226.09,7571.146,24430696.878250003,3353.597,4217.549,0.7952,0.9600000000000364,0.0298,-863.9519999999998,7571.146000000001,0.7952,1.0,1.0,-0.1141
2026-01-06 18:15:00,3226.1,3229.18,3225.4,3225.4,3655.0589999999997,11797682.73154,2032.926,1622.133,1.2532,-0.6999999999998181,-0.0217,410.7929999999999,3655.059,1.2532,1.0,1.0,0.1124
2026-01-06 18:20:00,3225.41,3227.55,3223.0,3227.39,2369.2309999999998,7640071.65993,1336.77,1032.461,1.2947,1.9800000000000182,0.0614,304.30899999999997,2369.2309999999998,1.2947,1.0,1.0,0.1284
2026-01-06 18:25:00,3227.39,3230.17,3227.1,3227.26,5415.905,17486450.43679,2071.833,3344.072,0.6196,-0.1299999999996544,-0.004,-1272.239,5415.905000000001,0.6196,1.0,1.0,-0.2349
2026-01-06 18:30:00,3227.25,3228.54,3226.4,3228.01,1715.207,5535861.94608,1026.253,688.954,1.4896,0.7600000000002183,0.0235,337.299,1715.2069999999999,1.4896,1.0,1.0,0.1967
2026-01-06 18:35:00,3228.0,3228.01,3225.5,3226.46,2033.117,6559970.01393,476.739,1556.378,0.3063,-1.5399999999999636,-0.0477,-1079.639,2033.117,0.3063,1.0,1.0,-0.531
2026-01-06 18:40:00,3226.45,3227.0,3225.68,3226.61,1033.038,3333192.90015,500.342,532.696,0.9393,0.16000000000030923,0.005,-32.35400000000004,1033.038,0.9393,1.0,1.0,-0.0313
2026-01-06 18:45:00,3226.62,3229.62,3226.6,3228.26,1964.444,6341221.50406,1308.018,656.426,1.9926,1.6400000000003274,0.0508,651.592,1964.444,1.9926,1.0,1.0,0.3317
2026-01-06 18:50:00,3228.27,3230.45,3226.6,3228.85,4181.216,13500389.7036,1325.883,2855.333,0.4644,0.5799999999999272,0.018,-1529.45,4181.216,0.4644,1.0,1.0,-0.3658
2026-01-06 18:55:00,3228.85,3228.85,3225.36,3227.01,4501.652,14526737.99756,1589.284,2912.368,0.5457,-1.8399999999996908,-0.057,-1323.0839999999998,4501.652,0.5457,1.0,1.0,-0.2939
2026-01-06 19:00:00,3227.01,3234.45,3225.3,3233.61,9296.863,30040859.203610003,6316.185,2980.678,2.119,6.599999999999909,0.2045,3335.5070000000005,9296.863000000001,2.119,1.0,1.0,0.3588
2026-01-06 19:05:00,3233.61,3234.9,3231.31,3234.77,6145.346,19867278.69101,2626.666,3518.68,0.7465,1.1599999999998545,0.0359,-892.0139999999997,6145.346,0.7465,1.0,1.0,-0.1452
2026-01-06 19:10:00,3234.78,3237.98,3234.57,3236.24,14062.544,45512309.09622,8240.796,5821.748,1.4155,1.4599999999995816,0.0451,2419.0480000000007,14062.544,1.4155,1.0,1.0,0.172
2026-01-06 19:15:00,3236.23,3237.28,3231.61,3234.05,8282.801,26785702.69238,4273.817,4008.984,1.0661,-2.1799999999998363,-0.0674,264.8330000000001,8282.801,1.0661,1.0,1.0,0.032
2026-01-06 19:20:00,3234.06,3237.46,3232.67,3236.8,3497.635,11316195.061069999,1683.791,1813.844,0.9283,2.7400000000002365,0.0847,-130.0530000000001,3497.635,0.9283,1.0,1.0,-0.0372
2026-01-06 19:25:00,3236.8,3241.99,3236.76,3239.65,12962.012,41991773.83307,8141.752,4820.26,1.6891,2.849999999999909,0.088,3321.492,12962.012,1.6891,1.0,1.0,0.2562
2026-01-06 19:30:00,3239.65,3239.66,3235.22,3236.12,9204.435000000001,29794645.603409998,1896.873,7307.562,0.2596,-3.5300000000002,-0.109,-5410.689,9204.435,0.2596,1.0,1.0,-0.5878
2026-01-06 19:35:00,3236.11,3239.76,3235.84,3238.79,4335.745,14038448.08707,1936.808,2398.937,0.8074,2.6799999999998363,0.0828,-462.1289999999999,4335.745,0.8074,1.0,1.0,-0.1066
2026-01-06 19:40:00,3238.8,3239.74,3237.26,3238.56,3369.176,10910467.08362,1257.933,2111.243,0.5958,-0.24000000000023647,-0.0074,-853.31,3369.176,0.5958,1.0,1.0,-0.2533
2026-01-06 19:45:00,3238.56,3240.8,3236.77,3239.47,7039.944,22803478.81665,2942.504,4097.44,0.7181,0.9099999999998545,0.0281,-1154.9359999999997,7039.9439999999995,0.7181,1.0,1.0,-0.1641
2026-01-06 19:50:00,3239.48,3239.6,3235.5,3235.8,3362.333,10884329.04541,834.6,2527.733,0.3302,-3.6799999999998363,-0.1136,-1693.1330000000003,3362.333,0.3302,1.0,1.0,-0.5036
2026-01-06 19:55:00,3235.79,3236.8,3234.39,3236.06,5000.761,16180663.4514,1596.279,3404.482,0.4689,0.2699999999999818,0.0083,-1808.203,5000.761,0.4689,1.0,1.0,-0.3616
2026-01-06 20:00:00,3236.06,3238.27,3234.72,3234.73,3546.709,11479769.42112,1993.603,1553.106,1.2836,-1.3299999999999272,-0.0411,440.49700000000007,3546.709,1.2836,1.0,1.0,0.1242
2026-01-06 20:05:00,3234.73,3243.7,3234.0,3238.5,11029.744,35730750.88385,5585.056,5444.688,1.0258,3.769999999999982,0.1165,140.36799999999948,11029.743999999999,1.0258,1.0,1.0,0.0127
2026-01-06 20:10:00,3238.5,3240.6,3238.5,3239.19,3429.953,11112014.8083,1229.765,2200.188,0.5589,0.6900000000000546,0.0213,-970.423,3429.9530000000004,0.5589,1.0,1.0,-0.2829
2026-01-06 20:15:00,3239.19,3241.6,3238.55,3239.36,4731.436,15331459.12187,1626.986,3104.45,0.5241,0.17000000000007276,0.0052,-1477.4639999999997,4731.436,0.5241,1.0,1.0,-0.3123
2026-01-06 20:20:00,3239.37,3239.93,3236.16,3239.92,3066.9610000000002,9930554.68867,1213.115,1853.846,0.6544,0.5500000000001819,0.017,-640.731,3066.9610000000002,0.6544,1.0,1.0,-0.2089
2026-01-06 20:25:00,3239.93,3240.12,3237.63,3240.11,2975.2169999999996,9637382.01166,1716.036,1259.181,1.3628,0.18000000000029104,0.0056,456.855,2975.217,1.3628,1.0,1.0,0.1536
2026-01-06 20:30:00,3240.11,3240.98,3237.55,3237.63,4010.093,12989085.64913,1540.044,2470.049,0.6235,-2.480000000000018,-0.0765,-930.0049999999999,4010.093,0.6235,1.0,1.0,-0.2319
2026-01-06 20:35:00,3237.63,3238.61,3234.9,3236.01,5157.714,16691884.994660001,1880.086,3277.628,0.5736,-1.6199999999998909,-0.05,-1397.5420000000001,5157.714,0.5736,1.0,1.0,-0.271
2026-01-06 20:40:00,3236.01,3238.0,3235.96,3237.89,3200.458,10359759.368099999,1860.514,1339.944,1.3885,1.8799999999996544,0.0581,520.5699999999999,3200.4579999999996,1.3885,1.0,1.0,0.1627
2026-01-06 20:45:00,3237.9,3238.65,3237.06,3237.97,3733.904,12089941.27245,1582.881,2151.023,0.7359,0.06999999999970896,0.0022,-568.142,3733.9040000000005,0.7359,1.0,1.0,-0.1522
2026-01-06 20:50:00,3237.97,3238.1,3235.6,3237.41,3247.2110000000002,10510596.30256,1832.982,1414.229,1.2961,-0.5599999999999454,-0.0173,418.75299999999993,3247.2110000000002,1.2961,1.0,1.0,0.129
2026-01-06 20:55:00,3237.41,3240.0,3236.35,3236.39,4203.13,13613146.55282,2034.956,2168.174,0.9386,-1.0199999999999818,-0.0315,-133.21800000000007,4203.13,0.9386,1.0,1.0,-0.0317
2026-01-06 21:00:00,3236.4,3237.4,3230.07,3231.84,15390.821,49760250.582090005,7090.26,8300.561,0.8542,-4.559999999999945,-0.1409,-1210.3009999999995,15390.821,0.8542,1.0,1.0,-0.0786
2026-01-06 21:05:00,3231.85,3235.49,3227.66,3234.56,13191.504,42616561.47738,7776.113,5415.391,1.4359,2.7100000000000364,0.0839,2360.7220000000007,13191.504,1.4359,1.0,1.0,0.179
2026-01-06 21:10:00,3234.56,3236.45,3232.0,3233.8,7732.477,25004871.372759998,4625.506,3106.971,1.4888,-0.7599999999997635,-0.0235,1518.5350000000003,7732.477000000001,1.4888,1.0,1.0,0.1964
2026-01-06 21:15:00,3233.8,3235.0,3229.44,3231.0,6418.431,20741933.62739,3094.548,3323.883,0.931,-2.800000000000182,-0.0866,-229.33500000000004,6418.431,0.931,1.0,1.0,-0.0357
2026-01-06 21:20:00,3231.01,3235.99,3230.4,3234.54,6862.155000000001,22188808.16912,4831.644,2030.511,2.3795,3.5299999999997453,0.1093,2801.1330000000003,6862.155000000001,2.3795,1.0,1.0,0.4082
2026-01-06 21:25:00,3234.54,3235.3,3232.4,3233.7,3565.209,11529209.33549,992.017,2573.192,0.3855,-0.8400000000001455,-0.026,-1581.175,3565.209,0.3855,1.0,1.0,-0.4435
2026-01-06 21:30:00,3233.7,3235.5,3231.99,3233.28,3747.161,12118221.323929999,1973.371,1773.79,1.1125,-0.419999999999618,-0.013,199.58100000000013,3747.161,1.1125,1.0,1.0,0.0533
2026-01-06 21:35:00,3233.28,3233.44,3230.8,3231.74,3196.741,10331295.80502,1348.134,1848.607,0.7293,-1.5400000000004184,-0.0476,-500.47299999999996,3196.741,0.7293,1.0,1.0,-0.1566
2026-01-06 21:40:00,3231.75,3235.0,3231.0,3233.88,3208.35,10374105.95113,1978.096,1230.254,1.6079,2.130000000000109,0.0659,747.8420000000001,3208.35,1.6079,1.0,1.0,0.2331
2026-01-06 21:45:00,3233.89,3233.89,3229.35,3230.99,4505.825000000001,14558059.51915,2762.146,1743.679,1.5841,-2.900000000000091,-0.0897,1018.4670000000001,4505.825000000001,1.5841,1.0,1.0,0.226
2026-01-06 21:50:00,3231.0,3233.33,3229.0,3232.59,4278.163,13822488.04369,1938.773,2339.39,0.8288,1.5900000000001455,0.0492,-400.61699999999996,4278.163,0.8288,1.0,1.0,-0.0936
2026-01-06 21:55:00,3232.6,3237.8,3232.27,3236.47,5420.9220000000005,17540420.40778,3206.452,2214.47,1.448,3.869999999999891,0.1197,991.9820000000004,5420.9220000000005,1.448,1.0,1.0,0.183
2026-01-06 22:00:00,3236.47,3241.8,3236.46,3241.13,9365.759,30335293.62349,4143.388,5222.371,0.7934,4.660000000000309,0.144,-1078.9830000000002,9365.759,0.7934,1.0,1.0,-0.1152
2026-01-06 22:05:00,3241.13,3258.0,3240.35,3251.75,77142.398,250693334.25805998,48923.154,28219.244,1.7337,10.61999999999989,0.3277,20703.910000000003,77142.398,1.7337,1.0,1.0,0.2684
2026-01-06 22:10:00,3251.76,3284.0,3251.76,3273.9,132041.001,431817727.60955995,77147.289,54893.712,1.4054,22.139999999999873,0.6809,22253.577000000005,132041.001,1.4054,1.0,1.0,0.1685
2026-01-06 22:15:00,3273.91,3292.35,3273.9,3286.37,92136.29000000001,302548134.56999,48863.241,43273.049,1.1292,12.460000000000036,0.3806,5590.192000000003,92136.29000000001,1.1292,1.0,1.0,0.0607
2026-01-06 22:20:00,3286.37,3308.65,3285.0,3297.52,118229.427,389767903.95252,66845.707,51383.72,1.3009,11.150000000000091,0.3393,15461.986999999994,118229.427,1.3009,1.0,1.0,0.1308
2026-01-06 22:25:00,3297.52,3304.85,3295.01,3304.84,43685.53,144130555.37578,19258.988,24426.542,0.7884,7.320000000000164,0.222,-5167.554,43685.53,0.7884,1.0,1.0,-0.1183
2026-01-06 22:30:00,3304.85,3305.0,3284.27,3292.99,61897.435000000005,203866907.6749,28509.952,33387.483,0.8539,-11.860000000000127,-0.3589,-4877.530999999999,61897.435,0.8539,1.0,1.0,-0.0788
2026-01-06 22:35:00,3292.99,3303.59,3290.0,3301.55,41935.503,138287997.80107,22140.311,19795.192,1.1185,8.5600000000004,0.2599,2345.1190000000024,41935.503,1.1185,1.0,1.0,0.0559
2026-01-06 22:40:00,3301.56,3304.5,3288.0,3290.2,42103.577000000005,138770810.72635,20696.154,21407.423,0.9668,-11.360000000000127,-0.3441,-711.2690000000002,42103.577,0.9668,1.0,1.0,-0.0169
2026-01-06 22:45:00,3290.21,3291.91,3264.7,3280.14,81584.006,267287793.95685998,38687.95,42896.056,0.9019,-10.070000000000164,-0.3061,-4208.106,81584.006,0.9019,1.0,1.0,-0.0516
2026-01-06 22:50:00,3280.14,3288.44,3266.55,3274.19,59125.399,193740078.46806,27045.85,32079.549,0.8431,-5.949999999999818,-0.1814,-5033.6990000000005,59125.399,0.8431,1.0,1.0,-0.0851
2026-01-06 22:55:00,3274.19,3278.44,3263.22,3276.4,40779.820999999996,133379163.22924,19953.116,20826.705,0.9581,2.2100000000000364,0.0675,-873.5889999999999,40779.821,0.9581,1.0,1.0,-0.0214
2026-01-06 23:00:00,3276.41,3280.5,3271.7,3279.0,23820.983,78056701.97205,12869.675,10951.308,1.1752,2.5900000000001455,0.079,1918.3669999999984,23820.983,1.1752,1.0,1.0,0.0805
2026-01-06 23:05:00,3278.99,3292.0,3275.85,3289.12,28740.585,94423008.64243999,15489.164,13251.421,1.1689,10.13000000000011,0.3089,2237.7430000000004,28740.585,1.1689,1.0,1.0,0.0779
2026-01-06 23:10:00,3289.19,3291.49,3268.5,3279.67,35191.334,115371014.74076,13584.346,21606.929,0.6287,-9.519999999999982,-0.2894,-8022.5830000000005,35191.275,0.6287,1.0,1.0,-0.228
2026-01-06 23:15:00,3279.68,3291.37,3279.68,3288.61,22519.819,74044078.25706,9801.726,12718.152,0.7707,8.930000000000291,0.2723,-2916.4259999999995,22519.878,0.7707,1.0,1.0,-0.1295
2026-01-06 23:20:00,3288.6,3300.9,3287.5,3295.36,50740.141,167183765.61881998,26887.489,23852.652,1.1272,6.760000000000218,0.2056,3034.837000000003,50740.141,1.1272,1.0,1.0,0.0598
2026-01-06 23:25:00,3295.35,3299.64,3290.72,3295.71,16389.967,54017646.67081,8539.494,7850.473,1.0878,0.36000000000012733,0.0109,689.0210000000006,16389.967,1.0878,1.0,1.0,0.042
2026-01-06 23:30:00,3295.72,3298.23,3285.73,3292.13,14976.981,49290830.64452,7089.311,7887.67,0.8988,-3.5899999999996908,-0.1089,-798.3590000000004,14976.981,0.8988,1.0,1.0,-0.0533
2026-01-06 23:35:00,3292.13,3293.69,3268.16,3268.79,54645.32,178971891.53555,26597.507,28047.813,0.9483,-23.340000000000146,-0.709,-1450.3059999999969,54645.32,0.9483,1.0,1.0,-0.0265
2026-01-06 23:40:00,3268.79,3274.23,3260.0,3269.67,42481.246,138778665.00191998,20780.6,21700.646,0.9576,0.8800000000001091,0.0269,-920.0460000000021,42481.246,0.9576,1.0,1.0,-0.0217
2026-01-06 23:45:00,3269.66,3272.0,3262.6,3270.9,19925.371,65118796.55134,11447.518,8477.853,1.3503,1.2400000000002365,0.0379,2969.665000000001,19925.371,1.3503,1.0,1.0,0.149
2026-01-06 23:50:00,3270.9,3270.9,3262.24,3267.6,14793.272,48309356.71963,7510.768,7282.504,1.0313,-3.300000000000182,-0.1009,228.26400000000012,14793.272,1.0313,1.0,1.0,0.0154
2026-01-06 23:55:00,3267.6,3271.0,3263.32,3270.99,14251.662999999999,46560346.61629,8321.312,5926.659,1.404,3.3899999999998727,0.1037,2394.6530000000002,14247.971,1.404,1.0003,0.9997,0.1681
2026-01-07 00:00:00,3271.0,3278.0,3269.28,3274.08,19322.786,63270811.76053,11062.016,8260.77,1.3391,3.0799999999999272,0.0942,2801.245999999999,19322.786,1.3391,1.0,1.0,0.145
2026-01-07 00:05:00,3274.07,3276.99,3260.0,3264.96,26638.436999999998,86989650.23771,10971.258,15665.497,0.7003,-9.110000000000127,-0.2782,-4694.239,26636.754999999997,0.7003,1.0001,0.9999,-0.1762
2026-01-07 00:10:00,3264.96,3274.89,3264.95,3266.87,15243.208,49838821.88027,6069.316,9175.574,0.6615,1.9099999999998545,0.0585,-3106.2580000000007,15244.89,0.6615,0.9999,1.0001,-0.2038
2026-01-07 00:15:00,3266.87,3269.11,3264.02,3266.29,9295.278,30357885.503379997,4388.447,4906.831,0.8944,-0.5799999999999272,-0.0178,-518.384,9295.278,0.8944,1.0,1.0,-0.0558
2026-01-07 00:20:00,3266.29,3266.98,3257.0,3262.75,25089.763,81832348.25348,13479.666,11610.097,1.161,-3.5399999999999636,-0.1084,1869.5689999999995,25089.763,1.161,1.0,1.0,0.0745
2026-01-07 00:25:00,3262.76,3263.99,3245.8,3247.62,55701.969,181120835.24838,25517.816,30184.153,0.8454,-15.140000000000327,-0.464,-4666.3369999999995,55701.969,0.8454,1.0,1.0,-0.0838
2026-01-07 00:30:00,3247.62,3256.7,3245.77,3249.98,32730.663999999997,106401303.03413,16634.963,16095.701,1.0335,2.3600000000001273,0.0727,539.2620000000006,32730.663999999997,1.0335,1.0,1.0,0.0165
2026-01-07 00:35:00,3249.98,3253.5,3245.73,3246.0,17441.623,56655149.35121,8682.127,8759.496,0.9912,-3.980000000000018,-0.1225,-77.36899999999878,17441.623,0.9912,1.0,1.0,-0.0044
2026-01-07 00:40:00,3246.0,3248.39,3232.55,3241.74,48282.726,156431202.66649002,18176.055,30106.671,0.6037,-4.260000000000218,-0.1312,-11930.615999999998,48282.725999999995,0.6037,1.0,1.0,-0.2471
2026-01-07 00:45:00,3241.73,3243.0,3233.23,3240.79,32150.152,104113461.48758,15697.503,16452.649,0.9541,-0.9400000000000546,-0.029,-755.1460000000006,32150.152000000002,0.9541,1.0,1.0,-0.0235
2026-01-07 00:50:00,3240.79,3251.0,3239.4,3247.85,22189.187,72046927.88329999,13110.956,9078.231,1.4442,7.059999999999945,0.2178,4032.7250000000004,22189.186999999998,1.4442,1.0,1.0,0.1817
2026-01-07 00:55:00,3247.85,3252.65,3243.15,3250.5,10381.964,33724720.473790005,6527.846,3848.659,1.6961,2.650000000000091,0.0816,2679.1869999999994,10376.505,1.6961,1.0005,0.9995,0.2582
2026-01-07 01:00:00,3250.5,3252.41,3245.7,3251.01,11518.216,37418633.06357,6182.265,5335.951,1.1586,0.5100000000002183,0.0157,846.3140000000003,11518.216,1.1586,1.0,1.0,0.0735
2026-01-07 01:05:00,3251.0,3253.0,3246.67,3248.29,9303.192,30235765.797030002,4285.162,5018.03,0.854,-2.7100000000000364,-0.0834,-732.8679999999995,9303.192,0.854,1.0,1.0,-0.0788
2026-01-07 01:10:00,3248.28,3250.0,3242.82,3246.31,6566.445,21314344.75623,3814.917,2751.528,1.3865,-1.9700000000002547,-0.0606,1063.3890000000001,6566.445,1.3865,1.0,1.0,0.1619
2026-01-07 01:15:00,3246.31,3249.68,3237.45,3240.05,10340.207,33523894.07877,4345.374,5994.833,0.7249,-6.2599999999997635,-0.1928,-1649.4589999999998,10340.206999999999,0.7249,1.0,1.0,-0.1595
2026-01-07 01:20:00,3240.05,3251.0,3240.04,3250.31,7926.0599999999995,25736182.51242,5384.037,2542.023,2.118,10.259999999999764,0.3167,2842.014,7926.06,2.118,1.0,1.0,0.3586
2026-01-07 01:25:00,3250.31,3251.93,3245.45,3247.59,4885.677,15876255.6907,2284.792,2600.885,0.8785,-2.7199999999998,-0.0837,-316.0930000000003,4885.677,0.8785,1.0,1.0,-0.0647
2026-01-07 01:30:00,3247.59,3251.18,3246.1,3250.0,4844.8550000000005,15741154.62898,2791.307,2053.548,1.3593,2.4099999999998545,0.0742,737.759,4844.855,1.3593,1.0,1.0,0.1523
2026-01-07 01:35:00,3250.01,3259.0,3249.18,3255.51,28061.028,91328308.6256,14753.282,13307.746,1.1086,5.5,0.1692,1445.536,28061.028,1.1086,1.0,1.0,0.0515
2026-01-07 01:40:00,3255.5,3255.5,3237.81,3239.86,23557.938000000002,76405885.78006,10581.936,12976.002,0.8155,-15.639999999999873,-0.4804,-2394.0660000000007,23557.938000000002,0.8155,1.0,1.0,-0.1016
2026-01-07 01:45:00,3239.86,3240.42,3210.0,3214.23,107718.26400000001,346989124.96161,34610.015,73108.249,0.4734,-25.63000000000011,-0.7911,-38498.234,107718.264,0.4734,1.0,1.0,-0.3574
2026-01-07 01:50:00,3214.22,3220.85,3210.87,3210.87,22937.028,73794567.9225,13153.319,9783.709,1.3444,-3.349999999999909,-0.1042,3369.6099999999988,22937.028,1.3444,1.0,1.0,0.1469
2026-01-07 01:55:00,3210.87,3210.88,3188.13,3195.15,118734.902,379789062.57129,41363.707,77371.195,0.5346,-15.7199999999998,-0.4896,-36007.488000000005,118734.902,0.5346,1.0,1.0,-0.3033
2026-01-07 02:00:00,3195.15,3208.23,3181.03,3205.55,96090.565,306882830.23359,50029.448,46061.117,1.0862,10.400000000000091,0.3255,3968.3309999999983,96090.565,1.0862,1.0,1.0,0.0413
2026-01-07 02:05:00,3205.54,3217.4,3198.16,3212.69,31718.442,101814048.00609,16350.16,15368.282,1.0639,7.150000000000091,0.2231,981.8780000000006,31718.442,1.0639,1.0,1.0,0.031
2026-01-07 02:10:00,3212.69,3219.19,3212.0,3215.0,19178.421000000002,61672143.242809996,8979.071,10199.35,0.8804,2.3099999999999454,0.0719,-1220.2790000000005,19178.421000000002,0.8804,1.0,1.0,-0.0636
2026-01-07 02:15:00,3215.01,3219.17,3212.17,3212.18,15970.971000000001,51361642.13429999,5365.265,10605.706,0.5059,-2.830000000000382,-0.088,-5240.441,15970.971000000001,0.5059,1.0,1.0,-0.3281
2026-01-07 02:20:00,3212.18,3218.28,3212.18,3214.01,7301.376,23476317.43473,3379.994,3921.382,0.8619,1.830000000000382,0.057,-541.3879999999999,7301.376,0.8619,1.0,1.0,-0.0741
2026-01-07 02:25:00,3214.01,3223.56,3213.0,3219.48,16721.154,53842980.01059,9831.592,6889.562,1.427,5.4699999999998,0.1702,2942.0300000000007,16721.154000000002,1.427,1.0,1.0,0.1759
2026-01-07 02:30:00,3219.49,3223.8,3216.19,3221.07,21178.693,68184478.76943,9075.248,12103.445,0.7498,1.580000000000382,0.0491,-3028.197,21178.693,0.7498,1.0,1.0,-0.143
2026-01-07 02:35:00,3221.08,3225.96,3215.0,3215.6,10801.673,34801005.692609996,5329.319,5472.354,0.9739,-5.480000000000018,-0.1701,-143.03499999999985,10801.673,0.9739,1.0,1.0,-0.0132
2026-01-07 02:40:00,3215.61,3221.3,3215.61,3220.01,5934.808,19101146.4869,4202.012,1732.796,2.425,4.400000000000091,0.1368,2469.2159999999994,5934.808,2.425,1.0,1.0,0.4161
2026-01-07 02:45:00,3220.0,3231.98,3219.85,3226.73,17351.088,56006162.32434,10255.112,7095.976,1.4452,6.730000000000018,0.209,3159.1359999999995,17351.088,1.4452,1.0,1.0,0.1821
2026-01-07 02:50:00,3226.73,3229.17,3221.72,3223.19,11951.525,38557051.30528,7076.77,4874.755,1.4517,-3.5399999999999636,-0.1097,2202.0150000000003,11951.525000000001,1.4517,1.0,1.0,0.1842
2026-01-07 02:55:00,3223.19,3223.56,3217.3,3217.62,8598.952000000001,27685623.768260002,2752.77,5846.007,0.4709,-5.570000000000164,-0.1728,-3093.2369999999996,8598.777,0.4709,1.0,1.0,-0.3597
2026-01-07 03:00:00,3217.62,3220.49,3211.58,3219.31,14206.949,45687499.84817,6348.806,7858.143,0.8079,1.6900000000000546,0.0525,-1509.3370000000004,14206.949,0.8079,1.0,1.0,-0.1062
2026-01-07 03:05:00,3219.3,3222.15,3218.62,3220.48,6273.93,20206348.30398,3211.951,3061.979,1.049,1.1799999999998363,0.0367,149.9720000000002,6273.93,1.049,1.0,1.0,0.0239
2026-01-07 03:10:00,3220.49,3227.54,3219.15,3225.85,5910.525,19054600.37667,3820.631,2089.894,1.8281,5.360000000000127,0.1664,1730.737,5910.525,1.8281,1.0,1.0,0.2928
2026-01-07 03:15:00,3225.84,3227.9,3222.73,3225.0,5653.776,18237636.02354,2901.023,2752.753,1.0539,-0.8400000000001455,-0.026,148.26999999999998,5653.776,1.0539,1.0,1.0,0.0262
2026-01-07 03:20:00,3225.0,3225.88,3221.08,3223.14,2403.513,7749164.35794,933.213,1470.3,0.6347,-1.8600000000001273,-0.0577,-537.087,2403.513,0.6347,1.0,1.0,-0.2235
2026-01-07 03:25:00,3223.13,3227.55,3221.61,3223.36,2832.422,9133864.50005,1458.657,1373.765,1.0618,0.2300000000000182,0.0071,84.89199999999983,2832.422,1.0618,1.0,1.0,0.03
2026-01-07 03:30:00,3223.4,3228.6,3222.28,3225.44,4861.649,15684638.84661,3281.364,1580.285,2.0764,2.0399999999999636,0.0633,1701.079,4861.649,2.0764,1.0,1.0,0.3499
2026-01-07 03:35:00,3225.44,3225.44,3220.24,3224.14,2011.655,6481825.69296,982.815,1028.84,0.9553,-1.300000000000182,-0.0403,-46.024999999999864,2011.655,0.9553,1.0,1.0,-0.0229
2026-01-07 03:40:00,3224.13,3225.0,3220.0,3222.28,4356.606,14039288.69325,2770.096,1586.51,1.746,-1.849999999999909,-0.0574,1183.586,4356.606,1.746,1.0,1.0,0.2717
2026-01-07 03:45:00,3222.28,3226.37,3222.28,3224.09,1878.188,6056070.76973,893.924,984.264,0.9082,1.8099999999999454,0.0562,-90.34000000000003,1878.188,0.9082,1.0,1.0,-0.0481
2026-01-07 03:50:00,3224.09,3224.09,3219.3,3219.4,2288.615,7371853.62712,1187.335,1101.28,1.0781,-4.690000000000055,-0.1455,86.05500000000006,2288.615,1.0781,1.0,1.0,0.0376
2026-01-07 03:55:00,3219.4,3223.04,3219.04,3222.1,1274.067,4103645.5959900003,837.698,436.369,1.9197,2.699999999999818,0.0839,401.32899999999995,1274.067,1.9197,1.0,1.0,0.315
2026-01-07 04:00:00,3222.1,3234.36,3221.76,3232.29,11916.311,38493413.85216,7215.929,4700.382,1.5352,10.190000000000055,0.3163,2515.5470000000005,11916.311,1.5352,1.0,1.0,0.2111
2026-01-07 04:05:00,3232.27,3237.0,3229.7,3233.39,14460.374,46768306.05572,8344.628,6115.746,1.3644,1.1199999999998909,0.0347,2228.8820000000005,14460.374,1.3644,1.0,1.0,0.1541
2026-01-07 04:10:00,3233.4,3236.0,3229.29,3234.97,4100.385,13257929.174320001,2150.074,1950.311,1.1024,1.569999999999709,0.0486,199.76300000000015,4100.385,1.1024,1.0,1.0,0.0487
2026-01-07 04:15:00,3234.97,3238.94,3233.0,3238.94,5986.298,19374808.99199,3429.065,2557.233,1.3409,3.9700000000002547,0.1227,871.8319999999999,5986.298000000001,1.3409,1.0,1.0,0.1456
2026-01-07 04:20:00,3238.93,3242.56,3236.67,3240.78,9230.001,29905834.77683,5886.818,3343.183,1.7608,1.8500000000003638,0.0571,2543.635,9230.001,1.7608,1.0,1.0,0.2756
2026-01-07 04:25:00,3240.79,3240.79,3238.15,3238.53,2084.9539999999997,6753831.459100001,816.839,1268.115,0.6441,-2.2599999999997635,-0.0697,-451.27599999999995,2084.954,0.6441,1.0,1.0,-0.2164
2026-01-07 04:30:00,3238.54,3245.76,3238.53,3243.27,8408.416,27268162.14305,5827.978,2580.438,2.2585,4.730000000000018,0.1461,3247.54,8408.416000000001,2.2585,1.0,1.0,0.3862
2026-01-07 04:35:00,3243.27,3248.0,3243.27,3245.98,5579.884,18115294.49781,3133.379,2446.505,1.2808,2.7100000000000364,0.0836,686.8739999999998,5579.884,1.2808,1.0,1.0,0.1231
2026-01-07 04:40:00,3245.99,3249.0,3244.4,3244.65,3549.638,11525823.51102,1516.732,2032.906,0.7461,-1.3399999999996908,-0.0413,-516.174,3549.638,0.7461,1.0,1.0,-0.1454
2026-01-07 04:45:00,3244.64,3246.79,3244.0,3245.51,2826.5769999999998,9173278.98009,1045.993,1780.584,0.5874,0.8700000000003456,0.0268,-734.5910000000001,2826.577,0.5874,1.0,1.0,-0.2599
2026-01-07 04:50:00,3245.51,3246.67,3241.14,3243.98,7506.905,24345481.25295,1580.101,5926.804,0.2666,-1.5300000000002,-0.0471,-4346.7029999999995,7506.905000000001,0.2666,1.0,1.0,-0.579
2026-01-07 04:55:00,3243.98,3245.0,3240.33,3240.33,3429.926,11121120.97891,1732.718,1697.208,1.0209,-3.650000000000091,-0.1125,35.50999999999999,3429.9260000000004,1.0209,1.0,1.0,0.0104
2026-01-07 05:00:00,3240.32,3243.41,3238.29,3239.0,5338.346,17299847.32701,3637.283,1701.063,2.1382,-1.3200000000001637,-0.0407,1936.2199999999998,5338.346,2.1382,1.0,1.0,0.3627
2026-01-07 05:05:00,3239.0,3240.24,3236.84,3238.2,3289.775,10653266.144,1262.803,2026.972,0.623,-0.8000000000001819,-0.0247,-764.1689999999999,3289.775,0.623,1.0,1.0,-0.2323
2026-01-07 05:10:00,3238.19,3254.0,3237.1,3253.58,17121.33,55639018.50051,13343.581,3777.749,3.5322,15.389999999999873,0.4753,9565.832,17121.33,3.5322,1.0,1.0,0.5587
2026-01-07 05:15:00,3253.58,3288.59,3252.93,3282.99,69601.12599999999,227906613.65662,41838.476,27762.65,1.507,29.409999999999854,0.9039,14075.826000000001,69601.126,1.507,1.0,1.0,0.2022
2026-01-07 05:20:00,3282.99,3286.7,3273.7,3281.14,19615.147,64357228.16142,8478.35,11136.797,0.7613,-1.849999999999909,-0.0564,-2658.447,19615.147,0.7613,1.0,1.0,-0.1355
2026-01-07 05:25:00,3281.14,3281.55,3275.79,3281.55,9882.409,32403865.40245,3859.049,6023.36,0.6407,0.41000000000030923,0.0125,-2164.3109999999997,9882.409,0.6407,1.0,1.0,-0.219
2026-01-07 05:30:00,3281.55,3299.72,3281.54,3297.99,24926.682,82028437.45460999,17244.99,7681.692,2.2449,16.4399999999996,0.501,9563.298000000003,24926.682,2.2449,1.0,1.0,0.3837
2026-01-07 05:35:00,3297.99,3298.9,3285.48,3287.13,15121.0,49752367.37418,6585.236,8535.764,0.7715,-10.859999999999673,-0.3293,-1950.5279999999993,15121.0,0.7715,1.0,1.0,-0.129
2026-01-07 05:40:00,3287.13,3293.35,3286.73,3289.58,6296.735,20714514.61759,3722.863,2573.872,1.4464,2.449999999999818,0.0745,1148.991,6296.735,1.4464,1.0,1.0,0.1825
2026-01-07 05:45:00,3289.59,3292.49,3274.5,3278.15,18537.97,60831694.23129,4481.933,14056.037,0.3189,-11.440000000000055,-0.3478,-9574.104,18537.97,0.3189,1.0,1.0,-0.5165
2026-01-07 05:50:00,3278.14,3279.0,3271.46,3278.41,10611.996000000001,34753034.90148,4372.618,6239.378,0.7008,0.2699999999999818,0.0082,-1866.7599999999993,10611.996,0.7008,1.0,1.0,-0.1759
2026-01-07 05:55:00,3278.41,3278.55,3274.47,3274.65,4758.606,15590776.92657,1673.409,3085.197,0.5424,-3.7599999999997635,-0.1147,-1411.788,4758.606,0.5424,1.0,1.0,-0.2967
2026-01-07 06:00:00,3274.65,3285.0,3274.51,3283.3,7272.447,23862613.96092,5229.675,2042.772,2.5601,8.650000000000091,0.2642,3186.9030000000002,7272.447,2.5601,1.0,1.0,0.4382
2026-01-07 06:05:00,3283.31,3289.85,3279.55,3284.94,9255.471000000001,30396321.4536,5097.164,4158.307,1.2258,1.6300000000001091,0.0496,938.857,9255.471,1.2258,1.0,1.0,0.1014
2026-01-07 06:10:00,3284.93,3285.13,3273.12,3273.45,7505.033,24609937.87799,3120.543,4384.49,0.7117,-11.480000000000018,-0.3495,-1263.9469999999997,7505.032999999999,0.7117,1.0,1.0,-0.1684
2026-01-07 06:15:00,3273.44,3278.1,3267.31,3267.32,8635.542,28249110.33439,3131.285,5504.257,0.5689,-6.119999999999891,-0.187,-2372.9719999999998,8635.542,0.5689,1.0,1.0,-0.2748
2026-01-07 06:20:00,3267.32,3272.53,3266.23,3272.33,7358.999000000001,24056323.06311,3034.493,4324.506,0.7017,5.0099999999997635,0.1533,-1290.0130000000004,7358.999,0.7017,1.0,1.0,-0.1753
2026-01-07 06:25:00,3272.33,3273.85,3270.0,3271.86,3718.4629999999997,12165693.5305,2192.693,1525.77,1.4371,-0.4699999999997999,-0.0144,666.9230000000002,3718.463,1.4371,1.0,1.0,0.1794
2026-01-07 06:30:00,3271.85,3272.72,3267.55,3267.55,2500.2180000000003,8174716.64655,941.423,1558.795,0.6039,-4.299999999999727,-0.1314,-617.3720000000001,2500.218,0.6039,1.0,1.0,-0.2469
2026-01-07 06:35:00,3267.55,3269.97,3262.25,3267.89,8969.234,29294476.48816,5057.554,3911.68,1.2929,0.33999999999969077,0.0104,1145.8740000000003,8969.234,1.2929,1.0,1.0,0.1278
2026-01-07 06:40:00,3267.88,3272.33,3265.61,3269.79,3417.871,11175525.77348,2024.092,1393.779,1.4522,1.9099999999998545,0.0584,630.3130000000001,3417.871,1.4522,1.0,1.0,0.1844
2026-01-07 06:45:00,3269.79,3278.89,3268.8,3277.34,4383.995,14349775.41991,2410.484,1973.511,1.2214,7.550000000000182,0.2309,436.97299999999996,4383.995,1.2214,1.0,1.0,0.0997
2026-01-07 06:50:00,3277.35,3278.97,3271.75,3273.67,7310.463,23947717.22369,2835.542,4474.921,0.6337,-3.6799999999998363,-0.1123,-1639.3790000000004,7310.463,0.6337,1.0,1.0,-0.2243
2026-01-07 06:55:00,3273.67,3278.36,3272.84,3276.51,4590.027,15034490.54036,3076.542,1513.485,2.0328,2.8400000000001455,0.0868,1563.057,4590.027,2.0328,1.0,1.0,0.3405
2026-01-07 07:00:00,3276.5,3280.8,3275.0,3280.39,7232.311,23703329.40667,4344.779,2887.532,1.5047,3.8899999999998727,0.1187,1457.2470000000003,7232.311000000001,1.5047,1.0,1.0,0.2015
2026-01-07 07:05:00,3280.4,3286.0,3277.74,3285.79,9012.647,29586945.60604,5436.753,3575.894,1.5204,5.389999999999873,0.1643,1860.859,9012.646999999999,1.5204,1.0,1.0,0.2065
2026-01-07 07:10:00,3285.8,3287.6,3284.82,3287.37,8287.338,27236017.39743,3658.889,4628.449,0.7905,1.569999999999709,0.0478,-969.5599999999995,8287.338,0.7905,1.0,1.0,-0.117
2026-01-07 07:15:00,3287.37,3290.25,3283.85,3286.89,7318.939,24057160.204350002,3761.3,3557.639,1.0572,-0.4800000000000182,-0.0146,203.66100000000006,7318.939,1.0572,1.0,1.0,0.0278
2026-01-07 07:20:00,3286.89,3287.37,3280.54,3281.0,6291.79,20655555.03635,1727.289,4564.501,0.3784,-5.889999999999873,-0.1792,-2837.2120000000004,6291.79,0.3784,1.0,1.0,-0.4509
2026-01-07 07:25:00,3281.0,3287.7,3279.47,3287.2,6150.146,20193468.5716,3356.936,2793.21,1.2018,6.199999999999818,0.189,563.7260000000001,6150.146000000001,1.2018,1.0,1.0,0.0917
2026-01-07 07:30:00,3287.2,3292.77,3286.0,3287.94,8557.823,28146444.42822,6043.872,2513.951,2.4041,0.7400000000002365,0.0225,3529.9210000000003,8557.823,2.4041,1.0,1.0,0.4125
2026-01-07 07:35:00,3287.94,3291.04,3287.0,3287.93,3574.788,11758491.00825,1951.328,1623.46,1.202,-0.010000000000218279,-0.0003,327.86799999999994,3574.788,1.202,1.0,1.0,0.0917
2026-01-07 07:40:00,3287.92,3290.34,3287.11,3289.81,3126.283,10282268.98667,1408.193,1718.09,0.8196,1.8899999999998727,0.0575,-309.89699999999993,3126.283,0.8196,1.0,1.0,-0.0991
2026-01-07 07:45:00,3289.82,3302.99,3289.81,3293.08,32105.068999999996,105854721.88444,20235.319,11869.75,1.7048,3.2599999999997635,0.0991,8365.569,32105.069,1.7048,1.0,1.0,0.2606
2026-01-07 07:50:00,3293.08,3296.84,3291.78,3294.99,7159.887000000001,23588413.03725,3736.496,3423.391,1.0915,1.9099999999998545,0.058,313.105,7159.887000000001,1.0915,1.0,1.0,0.0437
2026-01-07 07:55:00,3295.0,3297.85,3294.01,3295.42,6383.793000000001,21041878.366949998,3144.488,3239.305,0.9707,0.42000000000007276,0.0127,-94.81700000000001,6383.793,0.9707,1.0,1.0,-0.0149
2026-01-07 08:00:00,3295.43,3295.45,3288.05,3289.79,7922.392,26076362.63159,2373.78,5548.612,0.4278,-5.639999999999873,-0.1711,-3174.832,7922.392,0.4278,1.0,1.0,-0.4007
2026-01-07 08:05:00,3289.79,3293.89,3286.35,3287.71,7155.759,23532685.76171,2390.008,4765.751,0.5015,-2.0799999999999272,-0.0632,-2375.7430000000004,7155.759,0.5015,1.0,1.0,-0.332
2026-01-07 08:10:00,3287.71,3289.09,3283.43,3285.96,6884.721,22624053.72281,3329.932,3554.789,0.9367,-1.75,-0.0532,-224.85700000000043,6884.721,0.9367,1.0,1.0,-0.0327
2026-01-07 08:15:00,3285.95,3286.89,3281.31,3283.22,7590.345,24926674.34671,2723.098,4867.247,0.5595,-2.730000000000018,-0.0831,-2144.1490000000003,7590.345,0.5595,1.0,1.0,-0.2825
2026-01-07 08:20:00,3283.22,3288.79,3281.82,3283.21,5758.035,18919843.76436,3545.049,2212.986,1.6019,-0.009999999999763531,-0.0003,1332.063,5758.035,1.6019,1.0,1.0,0.2313
2026-01-07 08:25:00,3283.2,3284.83,3278.16,3279.63,9522.262,31247812.27444,4060.815,5461.447,0.7435,-3.569999999999709,-0.1087,-1400.632,9522.262,0.7435,1.0,1.0,-0.1471
2026-01-07 08:30:00,3279.63,3280.0,3274.35,3276.25,12258.706,40165744.49036,4669.991,7588.715,0.6154,-3.380000000000109,-0.1031,-2918.724,12258.706,0.6154,1.0,1.0,-0.2381
2026-01-07 08:35:00,3276.25,3279.86,3275.57,3275.62,6727.007,22050040.24718,4017.128,2709.879,1.4824,-0.6300000000001091,-0.0192,1307.2490000000003,6727.007,1.4824,1.0,1.0,0.1943
2026-01-07 08:40:00,3275.62,3275.63,3268.0,3272.63,17704.28,57920900.890379995,8625.644,9078.636,0.9501,-2.9899999999997817,-0.0913,-452.9920000000002,17704.28,0.9501,1.0,1.0,-0.0256
2026-01-07 08:45:00,3272.63,3274.61,3266.67,3266.96,12950.657,42359305.53159,7589.972,5360.685,1.4159,-5.670000000000073,-0.1733,2229.2869999999994,12950.657,1.4159,1.0,1.0,0.1721
2026-01-07 08:50:00,3266.95,3269.74,3265.0,3267.63,10583.741,34576038.85453,6478.502,4105.239,1.5781,0.680000000000291,0.0208,2373.263000000001,10583.741,1.5781,1.0,1.0,0.2242
2026-01-07 08:55:00,3267.62,3269.63,3253.87,3256.11,25225.156,82255736.77313,9538.865,15686.291,0.6081,-11.509999999999764,-0.3522,-6147.4259999999995,25225.156,0.6081,1.0,1.0,-0.2437
2026-01-07 09:00:00,3256.11,3266.43,3255.79,3265.11,16462.079,53706408.18982,10266.262,6195.817,1.657,9.0,0.2764,4070.4450000000006,16462.079,1.657,1.0,1.0,0.2473
2026-01-07 09:05:00,3265.11,3269.51,3261.55,3267.61,7278.972,23771667.75519,4406.354,2872.618,1.5339,2.5,0.0766,1533.7360000000003,7278.972,1.5339,1.0,1.0,0.2107
2026-01-07 09:10:00,3267.6,3271.83,3265.74,3266.06,5390.373,17618903.792940002,2942.43,2447.943,1.202,-1.5399999999999636,-0.0471,494.4869999999996,5390.373,1.202,1.0,1.0,0.0917
2026-01-07 09:15:00,3266.07,3266.07,3247.15,3249.19,35205.775,114555743.02026999,10795.217,24410.558,0.4422,-16.88000000000011,-0.5168,-13615.341,35205.775,0.4422,1.0,1.0,-0.3867
2026-01-07 09:20:00,3249.2,3258.71,3245.22,3256.76,19997.746,65033495.702369995,12364.495,7633.251,1.6198,7.5600000000004,0.2327,4731.244000000001,19997.746,1.6198,1.0,1.0,0.2366
2026-01-07 09:25:00,3256.76,3262.93,3253.75,3254.6,10609.703000000001,34577617.392689995,5780.404,4829.299,1.1969,-2.1600000000003092,-0.0663,951.1050000000005,10609.703000000001,1.1969,1.0,1.0,0.0896
2026-01-07 09:30:00,3254.6,3255.8,3247.23,3249.85,8241.182999999999,26785480.39404,3415.379,4825.804,0.7077,-4.75,-0.1459,-1410.4250000000002,8241.183,0.7077,1.0,1.0,-0.1711
2026-01-07 09:35:00,3249.85,3253.6,3244.01,3250.38,10707.758,34778511.25095,4280.049,6427.709,0.6659,0.5300000000002001,0.0163,-2147.66,10707.758,0.6659,1.0,1.0,-0.2006
2026-01-07 09:40:00,3250.38,3250.89,3244.44,3244.69,6181.842,20071871.29243,3158.561,3023.281,1.0447,-5.690000000000055,-0.1751,135.2800000000002,6181.842000000001,1.0447,1.0,1.0,0.0219
2026-01-07 09:45:00,3244.7,3248.01,3239.0,3242.37,12643.906,41003380.898169994,4458.07,8185.836,0.5446,-2.3299999999999272,-0.0718,-3727.7660000000005,12643.905999999999,0.5446,1.0,1.0,-0.2948
2026-01-07 09:50:00,3242.37,3245.5,3238.0,3242.46,11255.542,36474493.10831,5045.321,6210.221,0.8124,0.09000000000014552,0.0028,-1164.8999999999996,11255.542,0.8124,1.0,1.0,-0.1035
2026-01-07 09:55:00,3242.47,3245.83,3240.68,3244.11,9927.943,32207135.8471,7586.769,2341.174,3.2406,1.6400000000003274,0.0506,5245.595,9927.943,3.2406,1.0,1.0,0.5284
2026-01-07 10:00:00,3244.1,3247.09,3238.47,3243.39,10300.025,33405450.86137,5520.089,4779.936,1.1548,-0.7100000000000364,-0.0219,740.1530000000002,10300.025,1.1548,1.0,1.0,0.0719
2026-01-07 10:05:00,3243.4,3252.72,3243.4,3247.36,11300.626,36714624.12902,7172.204,4128.422,1.7373,3.9600000000000364,0.1221,3043.782,11300.626,1.7373,1.0,1.0,0.2693
2026-01-07 10:10:00,3247.37,3252.41,3246.0,3251.64,8001.1720000000005,25995406.293640003,6214.683,1786.489,3.4787,4.269999999999982,0.1315,4428.1939999999995,8001.1720000000005,3.4787,1.0,1.0,0.5534
2026-01-07 10:15:00,3251.63,3251.64,3245.37,3245.98,5387.185,17503778.75563,2744.809,2642.376,1.0388,-5.650000000000091,-0.1738,102.43299999999999,5387.185,1.0388,1.0,1.0,0.019
2026-01-07 10:20:00,3245.98,3250.09,3245.8,3246.42,4812.786,15632771.72149,3202.099,1610.687,1.988,0.44000000000005457,0.0136,1591.4120000000003,4812.786,1.988,1.0,1.0,0.3307
2026-01-07 10:25:00,3246.42,3253.87,3246.42,3249.01,6806.581,22129075.13518,4125.022,2681.559,1.5383,2.5900000000001455,0.0798,1443.4629999999997,6806.581,1.5383,1.0,1.0,0.2121
2026-01-07 10:30:00,3249.01,3252.26,3245.38,3252.25,4370.411,14197008.61997,2416.36,1954.051,1.2366,3.2399999999997817,0.0997,462.3090000000002,4370.411,1.2366,1.0,1.0,0.1058
2026-01-07 10:35:00,3252.25,3262.72,3251.0,3261.47,11128.006,36241558.39919,7056.386,4071.62,1.7331,9.2199999999998,0.2835,2984.7660000000005,11128.006000000001,1.7331,1.0,1.0,0.2682
2026-01-07 10:40:00,3261.48,3263.79,3258.9,3263.44,11123.582,36274332.652720004,6368.467,4755.115,1.3393,1.9600000000000364,0.0601,1613.3519999999999,11123.581999999999,1.3393,1.0,1.0,0.145
2026-01-07 10:45:00,3263.45,3265.8,3259.78,3265.04,7368.499,24041238.41688,3820.967,3547.532,1.0771,1.5900000000001455,0.0487,273.43499999999995,7368.499,1.0771,1.0,1.0,0.0371
2026-01-07 10:50:00,3265.04,3270.74,3262.55,3269.3,11838.096000000001,38683566.30031,7751.086,4087.01,1.8965,4.260000000000218,0.1305,3664.076,11838.096000000001,1.8965,1.0,1.0,0.3095
2026-01-07 10:55:00,3269.31,3272.9,3266.57,3268.59,11342.422,37087812.53802,4119.14,7223.282,0.5703,-0.7199999999997999,-0.022,-3104.142,11342.422,0.5703,1.0,1.0,-0.2737
2026-01-07 11:00:00,3268.59,3274.69,3268.59,3272.57,11285.606,36937838.9509,5653.237,5632.369,1.0037,3.980000000000018,0.1218,20.868000000000393,11285.606,1.0037,1.0,1.0,0.0018
2026-01-07 11:05:00,3272.58,3273.0,3267.2,3270.01,8097.622,26474754.16304,2008.863,6088.759,0.3299,-2.569999999999709,-0.0785,-4079.8959999999997,8097.622,0.3299,1.0,1.0,-0.5038
2026-01-07 11:10:00,3270.0,3272.5,3269.92,3270.87,5000.254,16358496.36778,2881.219,2119.035,1.3597,0.8699999999998909,0.0266,762.1840000000002,5000.254,1.3597,1.0,1.0,0.1524
2026-01-07 11:15:00,3270.86,3278.5,3268.74,3277.98,11314.671,37050675.48675,7616.346,3698.325,2.0594,7.119999999999891,0.2177,3918.0209999999997,11314.670999999998,2.0594,1.0,1.0,0.3463
2026-01-07 11:20:00,3277.98,3281.0,3275.32,3278.01,9880.045,32388370.32248,5454.998,4425.047,1.2328,0.03000000000020009,0.0009,1029.951,9880.044999999998,1.2328,1.0,1.0,0.1042
2026-01-07 11:25:00,3278.01,3278.02,3273.4,3273.4,4617.34,15122252.12083,1592.682,3024.658,0.5266,-4.610000000000127,-0.1406,-1431.9759999999999,4617.34,0.5266,1.0,1.0,-0.3101
2026-01-07 11:30:00,3273.4,3274.87,3267.7,3269.24,8678.271,28384748.809710003,2513.77,6164.501,0.4078,-4.160000000000309,-0.1271,-3650.731,8678.271,0.4078,1.0,1.0,-0.4207
2026-01-07 11:35:00,3269.25,3270.21,3266.34,3268.04,5257.186,17178271.63201,1800.172,3457.014,0.5207,-1.2100000000000364,-0.037,-1656.842,5257.186,0.5207,1.0,1.0,-0.3152
2026-01-07 11:40:00,3268.03,3268.5,3263.64,3265.56,6336.629,20694488.17369,2664.342,3672.287,0.7255,-2.4700000000002547,-0.0756,-1007.9449999999997,6336.629,0.7255,1.0,1.0,-0.1591
2026-01-07 11:45:00,3265.56,3267.67,3263.5,3263.66,3613.871,11801537.2431,1539.087,2074.784,0.7418,-1.900000000000091,-0.0582,-535.6970000000001,3613.871,0.7418,1.0,1.0,-0.1482
2026-01-07 11:50:00,3263.65,3267.39,3263.5,3266.0,8725.637999999999,28491906.31035,6538.809,2186.829,2.9901,2.349999999999909,0.072,4351.98,8725.638,2.9901,1.0,1.0,0.4988
2026-01-07 11:55:00,3266.0,3266.14,3264.0,3265.43,4563.094,14899710.72095,2307.608,2255.486,1.0231,-0.5700000000001637,-0.0175,52.1220000000003,4563.094,1.0231,1.0,1.0,0.0114
2026-01-07 12:00:00,3265.43,3269.79,3263.01,3269.26,5865.38,19156472.38635,3471.147,2394.233,1.4498,3.830000000000382,0.1173,1076.9139999999998,5865.38,1.4498,1.0,1.0,0.1836
2026-01-07 12:05:00,3269.26,3270.27,3264.2,3264.75,6767.214,22115588.849940002,1401.896,5365.318,0.2613,-4.510000000000218,-0.138,-3963.4220000000005,6767.214,0.2613,1.0,1.0,-0.5857
2026-01-07 12:10:00,3264.74,3265.0,3258.37,3263.28,11374.828000000001,37104219.28887,6696.395,4678.433,1.4313,-1.4599999999995816,-0.0447,2017.9620000000004,11374.828000000001,1.4313,1.0,1.0,0.1774
2026-01-07 12:15:00,3263.28,3265.53,3259.09,3262.35,8850.073,28872260.17919,6670.075,2179.998,3.0597,-0.930000000000291,-0.0285,4490.076999999999,8850.073,3.0597,1.0,1.0,0.5073
2026-01-07 12:20:00,3262.35,3265.0,3262.08,3262.45,4958.493,16184301.70992,1051.975,3906.518,0.2693,0.09999999999990905,0.0031,-2854.543,4958.493,0.2693,1.0,1.0,-0.5757
2026-01-07 12:25:00,3262.44,3263.99,3261.36,3261.56,3947.808,12880376.00242,1015.358,2932.45,0.3462,-0.8800000000001091,-0.027,-1917.0919999999999,3947.808,0.3462,1.0,1.0,-0.4856
2026-01-07 12:30:00,3261.56,3262.48,3260.0,3260.0,1845.97,6020554.31524,831.427,1014.543,0.8195,-1.5599999999999454,-0.0478,-183.11599999999999,1845.97,0.8195,1.0,1.0,-0.0992
2026-01-07 12:35:00,3260.01,3261.09,3252.0,3253.26,14234.512999999999,46351235.73628,4752.525,9481.988,0.5012,-6.75,-0.2071,-4729.463,14234.512999999999,0.5012,1.0,1.0,-0.3323
2026-01-07 12:40:00,3253.25,3261.7,3252.96,3261.0,6004.705,19566202.496600002,4080.927,1923.778,2.1213,7.75,0.2382,2157.1490000000003,6004.705,2.1213,1.0,1.0,0.3592
2026-01-07 12:45:00,3261.0,3261.0,3257.59,3258.05,3810.478,12421243.65325,1325.225,2485.253,0.5332,-2.949999999999818,-0.0905,-1160.0280000000002,3810.478,0.5332,1.0,1.0,-0.3044
2026-01-07 12:50:00,3258.05,3258.9,3254.82,3256.05,3541.767,11534258.45672,2075.611,1466.156,1.4157,-2.0,-0.0614,609.4549999999999,3541.767,1.4157,1.0,1.0,0.1721
2026-01-07 12:55:00,3256.05,3257.29,3254.48,3255.21,6783.541,22089750.120190002,4191.944,2591.597,1.6175,-0.8400000000001455,-0.0258,1600.3470000000002,6783.541000000001,1.6175,1.0,1.0,0.2359
2026-01-07 13:00:00,3255.2,3255.45,3251.51,3252.01,5557.0199999999995,18077826.57612,1988.405,3568.615,0.5572,-3.1899999999996,-0.098,-1580.2099999999998,5557.0199999999995,0.5572,1.0,1.0,-0.2844
2026-01-07 13:05:00,3252.01,3253.75,3248.69,3252.78,7544.628,24529178.203130003,3141.292,4403.336,0.7134,0.7699999999999818,0.0237,-1262.0440000000003,7544.628000000001,0.7134,1.0,1.0,-0.1673
2026-01-07 13:10:00,3252.77,3255.38,3251.14,3254.91,3985.455,12964322.88567,2630.498,1354.957,1.9414,2.1399999999998727,0.0658,1275.541,3985.455,1.9414,1.0,1.0,0.32
2026-01-07 13:15:00,3254.9,3258.33,3253.44,3257.49,6180.254,20127181.49309,4146.726,2033.528,2.0392,2.5899999999996908,0.0796,2113.1979999999994,6180.254,2.0392,1.0,1.0,0.3419
2026-01-07 13:20:00,3257.49,3259.0,3255.9,3257.0,2881.179,9384972.03463,1822.21,1058.969,1.7207,-0.4899999999997817,-0.015,763.241,2881.179,1.7207,1.0,1.0,0.2649
2026-01-07 13:25:00,3257.0,3257.36,3250.1,3252.57,4798.409,15609961.08679,1865.209,2933.2,0.6359,-4.429999999999836,-0.136,-1067.9909999999998,4798.409,0.6359,1.0,1.0,-0.2226
2026-01-07 13:30:00,3252.58,3261.36,3252.58,3259.8,6323.455,20597277.77984,4411.207,1912.248,2.3068,7.220000000000255,0.222,2498.9590000000003,6323.455,2.3068,1.0,1.0,0.3952
2026-01-07 13:35:00,3259.8,3259.8,3255.65,3258.2,2826.402,9207178.68616,1193.362,1633.04,0.7308,-1.6000000000003638,-0.0491,-439.6779999999999,2826.402,0.7308,1.0,1.0,-0.1556
2026-01-07 13:40:00,3258.19,3259.57,3254.55,3255.36,2677.6,8720918.20562,1023.422,1654.178,0.6187,-2.8299999999999272,-0.0869,-630.7560000000001,2677.6000000000004,0.6187,1.0,1.0,-0.2356
2026-01-07 13:45:00,3255.36,3255.36,3246.32,3249.0,15039.139,48873666.62477,5206.572,9832.567,0.5295,-6.360000000000127,-0.1954,-4625.994999999999,15039.139,0.5295,1.0,1.0,-0.3076
2026-01-07 13:50:00,3248.99,3250.63,3245.24,3247.87,5002.807,16249242.62759,2756.153,2246.654,1.2268,-1.1199999999998909,-0.0345,509.4989999999998,5002.807,1.2268,1.0,1.0,0.1018
2026-01-07 13:55:00,3247.87,3249.33,3245.8,3247.41,6610.858,21471015.0782,2569.713,4041.145,0.6359,-0.4600000000000364,-0.0142,-1471.4319999999998,6610.858,0.6359,1.0,1.0,-0.2226
2026-01-07 14:00:00,3247.41,3250.57,3247.15,3249.39,5232.343,16999824.59124,3430.711,1801.632,1.9042,1.9800000000000182,0.061,1629.0789999999997,5232.343,1.9042,1.0,1.0,0.3113
2026-01-07 14:05:00,3249.39,3249.61,3246.9,3248.71,2684.311,8719630.21294,1621.719,1062.592,1.5262,-0.6799999999998363,-0.0209,559.127,2684.311,1.5262,1.0,1.0,0.2083
2026-01-07 14:10:00,3248.72,3253.0,3248.71,3251.35,4118.897,13390342.26645,3069.979,1048.918,2.9268,2.630000000000109,0.081,2021.061,4118.897,2.9268,1.0,1.0,0.4907
2026-01-07 14:15:00,3251.35,3252.52,3249.43,3250.05,3068.319,9975715.08812,1377.289,1691.03,0.8145,-1.2999999999997272,-0.04,-313.741,3068.319,0.8145,1.0,1.0,-0.1023
2026-01-07 14:20:00,3250.05,3256.74,3250.05,3256.0,4357.042,14181728.740559999,3329.631,1027.411,3.2408,5.949999999999818,0.1831,2302.22,4357.0419999999995,3.2408,1.0,1.0,0.5284
2026-01-07 14:25:00,3256.0,3256.6,3255.11,3255.7,1645.1660000000002,5356481.68878,858.27,786.896,1.0907,-0.3000000000001819,-0.0092,71.37400000000002,1645.166,1.0907,1.0,1.0,0.0434
2026-01-07 14:30:00,3255.7,3259.5,3253.6,3253.65,3202.079,10429156.77364,2307.126,894.953,2.5779,-2.049999999999727,-0.063,1412.1730000000002,3202.079,2.5779,1.0,1.0,0.441
2026-01-07 14:35:00,3253.64,3254.01,3248.66,3250.83,4447.191,14456736.53454,1851.876,2595.315,0.7135,-2.8099999999999454,-0.0864,-743.4390000000001,4447.191,0.7135,1.0,1.0,-0.1672
2026-01-07 14:40:00,3250.83,3251.27,3247.8,3247.8,4058.7529999999997,13187335.378619999,1346.616,2712.137,0.4965,-3.0299999999997453,-0.0932,-1365.5210000000002,4058.753,0.4965,1.0,1.0,-0.3364
2026-01-07 14:45:00,3247.8,3251.95,3247.8,3251.61,3377.191,10976028.15565,2394.322,982.869,2.4361,3.8099999999999454,0.1173,1411.453,3377.1910000000003,2.4361,1.0,1.0,0.4179
2026-01-07 14:50:00,3251.63,3253.33,3249.05,3249.43,1906.73,6199325.07149,904.491,1002.239,0.9025,-2.200000000000273,-0.0677,-97.74800000000005,1906.73,0.9025,1.0,1.0,-0.0513
2026-01-07 14:55:00,3249.42,3250.85,3248.48,3250.0,3116.325,10126509.44032,1150.375,1965.95,0.5851,0.5799999999999272,0.0178,-815.575,3116.325,0.5851,1.0,1.0,-0.2617
2026-01-07 15:00:00,3250.0,3255.78,3249.99,3255.01,3823.313,12440112.52537,2097.352,1725.961,1.2152,5.010000000000218,0.1542,371.39099999999985,3823.313,1.2152,1.0,1.0,0.0971
2026-01-07 15:05:00,3255.0,3255.01,3252.35,3254.38,2926.466,9523171.91503,972.5,1953.966,0.4977,-0.6199999999998909,-0.019,-981.4659999999999,2926.466,0.4977,1.0,1.0,-0.3354
2026-01-07 15:10:00,3254.38,3257.53,3253.0,3256.74,4740.317,15433212.74129,2804.706,1935.611,1.449,2.3599999999996726,0.0725,869.095,4740.317,1.449,1.0,1.0,0.1833
2026-01-07 15:15:00,3256.74,3260.6,3256.74,3259.21,7376.1630000000005,24033949.99901,5558.865,1817.298,3.0589,2.4700000000002547,0.0758,3741.567,7376.163,3.0589,1.0,1.0,0.5073
2026-01-07 15:20:00,3259.21,3260.75,3256.69,3257.9,4010.745,13068051.25766,1387.654,2623.091,0.529,-1.3099999999999454,-0.0402,-1235.437,4010.745,0.529,1.0,1.0,-0.308
2026-01-07 15:25:00,3257.91,3259.0,3257.28,3258.47,1506.036,4906878.61667,912.654,593.382,1.5381,0.5599999999999454,0.0172,319.27200000000005,1506.036,1.5381,1.0,1.0,0.212
2026-01-07 15:30:00,3258.47,3260.2,3256.56,3256.57,4891.449,15936171.265700001,2291.349,2600.1,0.8813,-1.8999999999996362,-0.0583,-308.75099999999975,4891.4490000000005,0.8813,1.0,1.0,-0.0631
2026-01-07 15:35:00,3256.56,3261.49,3254.51,3259.38,4061.462,13232464.40946,1924.137,2137.325,0.9003,2.8200000000001637,0.0866,-213.18799999999987,4061.4619999999995,0.9003,1.0,1.0,-0.0525
2026-01-07 15:40:00,3259.38,3260.0,3254.61,3254.61,3876.356,12628793.25157,1063.006,2813.35,0.3778,-4.769999999999982,-0.1463,-1750.3439999999998,3876.3559999999998,0.3778,1.0,1.0,-0.4515
2026-01-07 15:45:00,3254.6,3255.04,3252.5,3253.34,4865.323,15829790.52753,2191.964,2673.359,0.8199,-1.2599999999997635,-0.0387,-481.395,4865.323,0.8199,1.0,1.0,-0.0989
2026-01-07 15:50:00,3253.35,3254.96,3252.0,3253.56,3060.589,9957306.00833,1331.333,1729.256,0.7699,0.21000000000003638,0.0065,-397.923,3060.589,0.7699,1.0,1.0,-0.13
2026-01-07 15:55:00,3253.56,3254.65,3253.0,3253.78,2362.2290000000003,7685757.71285,1770.038,592.105,2.9894,0.22000000000025466,0.0068,1177.933,2362.143,2.9894,1.0,1.0,0.4987
2026-01-07 16:00:00,3253.77,3256.5,3252.6,3254.51,4014.6820000000002,13065683.45621,2904.958,1109.724,2.6177,0.7400000000002365,0.0227,1795.2340000000002,4014.682,2.6177,1.0,1.0,0.4472
2026-01-07 16:05:00,3254.51,3260.0,3254.0,3260.0,3037.654,9894024.85132,1832.528,1205.126,1.5206,5.489999999999782,0.1687,627.402,3037.654,1.5206,1.0,1.0,0.2065
2026-01-07 16:10:00,3259.99,3260.58,3255.48,3256.95,2901.505,9454720.05383,1766.964,1134.541,1.5574,-3.0399999999999636,-0.0933,632.423,2901.505,1.5574,1.0,1.0,0.218
2026-01-07 16:15:00,3256.96,3259.88,3256.18,3258.9,2774.7889999999998,9041009.92865,1954.557,820.232,2.3829,1.9400000000000546,0.0596,1134.325,2774.7889999999998,2.3829,1.0,1.0,0.4088
2026-01-07 16:20:00,3258.9,3262.0,3253.5,3255.76,7663.904,24972013.53579,3023.603,4640.301,0.6516,-3.1399999999998727,-0.0964,-1616.6980000000003,7663.904,0.6516,1.0,1.0,-0.2109
2026-01-07 16:25:00,3255.77,3255.85,3251.17,3254.98,3870.234,12590198.99208,1349.852,2520.382,0.5356,-0.7899999999999636,-0.0243,-1170.53,3870.2340000000004,0.5356,1.0,1.0,-0.3024
2026-01-07 16:30:00,3254.97,3259.5,3254.38,3254.38,2193.795,7144267.02694,1394.746,799.049,1.7455,-0.5899999999996908,-0.0181,595.6970000000001,2193.795,1.7455,1.0,1.0,0.2715
2026-01-07 16:35:00,3254.38,3255.28,3252.51,3254.01,2466.306,8024705.982349999,1075.5,1390.806,0.7733,-0.36999999999989086,-0.0114,-315.30600000000004,2466.306,0.7733,1.0,1.0,-0.1278
2026-01-07 16:40:00,3254.01,3254.49,3251.9,3252.99,1872.634,6091338.83296,606.299,1266.335,0.4788,-1.0200000000004366,-0.0313,-660.0360000000001,1872.634,0.4788,1.0,1.0,-0.3525
2026-01-07 16:45:00,3252.99,3254.49,3251.32,3253.0,2022.783,6579525.064739999,1123.262,899.521,1.2487,0.010000000000218279,0.0003,223.74099999999999,2022.783,1.2487,1.0,1.0,0.1106
2026-01-07 16:50:00,3253.01,3259.98,3252.72,3255.91,5260.549999999999,17134075.83012,2402.68,2857.87,0.8407,2.899999999999636,0.0891,-455.19000000000005,5260.549999999999,0.8407,1.0,1.0,-0.0865
2026-01-07 16:55:00,3255.91,3257.86,3252.76,3253.05,2883.745,9388697.91827,1073.273,1810.472,0.5928,-2.8599999999996726,-0.0878,-737.1990000000001,2883.745,0.5928,1.0,1.0,-0.2556
2026-01-07 17:00:00,3253.04,3253.39,3248.2,3252.7,10318.525,33537032.04717,4246.482,6072.043,0.6993,-0.3400000000001455,-0.0105,-1825.5609999999997,10318.525,0.6993,1.0,1.0,-0.1769
2026-01-07 17:05:00,3252.7,3252.7,3233.0,3238.24,46845.871,151775610.94344,15889.579,30956.292,0.5133,-14.460000000000036,-0.4446,-15066.713000000002,46845.871,0.5133,1.0,1.0,-0.3216
2026-01-07 17:10:00,3238.24,3240.61,3232.13,3233.38,21200.764,68608207.16532,10602.07,10598.694,1.0003,-4.859999999999673,-0.1501,3.3760000000002037,21200.764,1.0003,1.0,1.0,0.0002
2026-01-07 17:15:00,3233.38,3239.09,3227.41,3230.72,31258.443,101042226.12153,17505.671,13752.772,1.2729,-2.6600000000003092,-0.0823,3752.8989999999976,31258.443,1.2729,1.0,1.0,0.1201
2026-01-07 17:20:00,3230.73,3234.42,3220.01,3224.64,38076.304,122858881.15361,14980.453,23095.851,0.6486,-6.0900000000001455,-0.1885,-8115.397999999999,38076.304,0.6486,1.0,1.0,-0.2131
2026-01-07 17:25:00,3224.65,3228.59,3222.73,3227.62,17497.659,56453110.37918,10909.469,6588.19,1.6559,2.9699999999998,0.0921,4321.2789999999995,17497.659,1.6559,1.0,1.0,0.247
2026-01-07 17:30:00,3227.62,3229.5,3218.46,3220.01,21401.73,68974365.71279,8824.326,12577.404,0.7016,-7.609999999999673,-0.2358,-3753.0780000000013,21401.73,0.7016,1.0,1.0,-0.1754
2026-01-07 17:35:00,3220.0,3222.0,3216.13,3218.5,18944.618,60975840.65119,6666.742,12277.876,0.543,-1.5,-0.0466,-5611.134,18944.618000000002,0.543,1.0,1.0,-0.2962
2026-01-07 17:40:00,3218.51,3218.51,3200.29,3208.75,79164.193,254002223.53473,30248.849,48915.344,0.6184,-9.760000000000218,-0.3032,-18666.495,79164.193,0.6184,1.0,1.0,-0.2358
2026-01-07 17:45:00,3208.75,3208.75,3197.6,3205.73,59519.441999999995,190567465.90627998,30255.052,29264.39,1.0339,-3.019999999999982,-0.0941,990.6620000000003,59519.441999999995,1.0339,1.0,1.0,0.0166
2026-01-07 17:50:00,3205.74,3205.74,3196.28,3201.66,38137.075,122059385.74453999,20490.052,17647.023,1.1611,-4.079999999999927,-0.1273,2843.0289999999986,38137.075,1.1611,1.0,1.0,0.0745
2026-01-07 17:55:00,3201.65,3203.0,3198.6,3198.61,17996.711,57606364.01543,8899.231,9097.48,0.9782,-3.0399999999999636,-0.095,-198.2489999999998,17996.711,0.9782,1.0,1.0,-0.011
2026-01-07 18:00:00,3198.6,3205.39,3193.46,3204.53,41316.015,132221683.19095,24560.581,16755.434,1.4658,5.930000000000291,0.1854,7805.146999999997,41316.015,1.4658,1.0,1.0,0.1889
2026-01-07 18:05:00,3204.52,3207.99,3201.7,3207.41,20959.325,67178762.75727999,13540.299,7419.026,1.8251,2.8899999999998727,0.0902,6121.273000000001,20959.325,1.8251,1.0,1.0,0.2921
2026-01-07 18:10:00,3207.41,3209.77,3203.85,3208.88,12682.451000000001,40679106.82527,8212.352,4470.099,1.8372,1.4700000000002547,0.0458,3742.2530000000006,12682.451000000001,1.8372,1.0,1.0,0.2951
2026-01-07 18:15:00,3208.87,3210.42,3205.42,3207.76,8125.063,26066082.35855,4643.877,3481.186,1.334,-1.1099999999996726,-0.0346,1162.6910000000003,8125.063,1.334,1.0,1.0,0.1431
2026-01-07 18:20:00,3207.76,3209.43,3206.6,3207.72,8072.3150000000005,25899433.90919,5643.557,2428.758,2.3236,-0.04000000000041837,-0.0012,3214.799,8072.315,2.3236,1.0,1.0,0.3982
2026-01-07 18:25:00,3207.72,3210.68,3206.6,3209.54,8382.003999999999,26894423.229259998,5492.156,2889.848,1.9005,1.8200000000001637,0.0567,2602.308,8382.004,1.9005,1.0,1.0,0.3105
2026-01-07 18:30:00,3209.55,3217.2,3209.0,3215.61,19699.944,63323428.03085,11771.448,7928.496,1.4847,6.059999999999945,0.1888,3842.952,19699.944,1.4847,1.0,1.0,0.1951
2026-01-07 18:35:00,3215.61,3221.14,3214.0,3216.63,17964.253,57815105.44517,10853.291,7110.962,1.5263,1.0199999999999818,0.0317,3742.328999999999,17964.253,1.5263,1.0,1.0,0.2083
2026-01-07 18:40:00,3216.63,3217.8,3212.28,3212.63,10758.923999999999,34585017.22256,2892.058,7866.866,0.3676,-4.0,-0.1244,-4974.808,10758.923999999999,0.3676,1.0,1.0,-0.4624
2026-01-07 18:45:00,3212.63,3214.74,3210.97,3214.66,6847.309,22001676.95927,3247.869,3599.44,0.9023,2.0299999999997453,0.0632,-351.5709999999999,6847.309,0.9023,1.0,1.0,-0.0513
2026-01-07 18:50:00,3214.66,3220.94,3214.25,3217.94,9503.209,30572228.933459997,5876.351,3626.858,1.6202,3.2800000000002,0.102,2249.4929999999995,9503.208999999999,1.6202,1.0,1.0,0.2367
2026-01-07 18:55:00,3217.93,3219.69,3216.3,3217.01,3444.372,11083004.98718,1814.369,1630.003,1.1131,-0.919999999999618,-0.0286,184.36599999999999,3444.372,1.1131,1.0,1.0,0.0535
2026-01-07 19:00:00,3217.0,3220.11,3215.25,3219.28,8915.758,28688850.79237,4786.737,4129.021,1.1593,2.2800000000002,0.0709,657.7160000000003,8915.758,1.1593,1.0,1.0,0.0738
2026-01-07 19:05:00,3219.28,3223.48,3219.13,3222.71,7840.094,25257869.53656,4463.076,3377.018,1.3216,3.4299999999998363,0.1065,1086.058,7840.094,1.3216,1.0,1.0,0.1385
2026-01-07 19:10:00,3222.7,3224.78,3219.68,3222.56,8223.847,26499749.17252,4973.508,3250.339,1.5302,-0.13999999999987267,-0.0043,1723.1689999999999,8223.847,1.5302,1.0,1.0,0.2095
2026-01-07 19:15:00,3222.55,3224.5,3221.69,3224.49,7280.602,23462922.84793,2739.678,4540.924,0.6033,1.9399999999995998,0.0602,-1801.246,7280.602,0.6033,1.0,1.0,-0.2474
2026-01-07 19:20:00,3224.5,3225.67,3222.68,3225.44,10297.06,33196748.80121,4585.076,5711.984,0.8027,0.9400000000000546,0.0292,-1126.9080000000004,10297.060000000001,0.8027,1.0,1.0,-0.1094
2026-01-07 19:25:00,3225.44,3225.67,3223.04,3224.84,7084.302000000001,22845021.40192,2620.56,4463.742,0.5871,-0.599999999999909,-0.0186,-1843.1820000000002,7084.302,0.5871,1.0,1.0,-0.2602
2026-01-07 19:30:00,3224.85,3224.85,3218.7,3222.54,9486.769,30559237.3086,2197.838,7288.931,0.3015,-2.3099999999999454,-0.0716,-5091.092999999999,9486.769,0.3015,1.0,1.0,-0.5367
2026-01-07 19:35:00,3222.54,3226.1,3221.65,3224.14,4042.32,13032508.37762,1763.816,2278.504,0.7741,1.599999999999909,0.0497,-514.6879999999999,4042.3199999999997,0.7741,1.0,1.0,-0.1273
2026-01-07 19:40:00,3224.13,3226.14,3223.21,3223.22,4982.923,16071534.21209,2156.654,2826.269,0.7631,-0.9100000000003092,-0.0282,-669.6149999999998,4982.923,0.7631,1.0,1.0,-0.1344
2026-01-07 19:45:00,3223.22,3223.81,3216.8,3217.19,7781.8279999999995,25056924.31862,2079.547,5702.281,0.3647,-6.029999999999745,-0.1871,-3622.734,7781.8279999999995,0.3647,1.0,1.0,-0.4655
2026-01-07 19:50:00,3217.19,3221.0,3215.5,3218.25,10192.899000000001,32805436.13945,5739.532,4453.367,1.2888,1.0599999999999454,0.0329,1286.165,10192.899000000001,1.2888,1.0,1.0,0.1262
2026-01-07 19:55:00,3218.25,3221.87,3218.06,3218.88,2569.8830000000003,8275412.09425,1243.471,1326.412,0.9375,0.6300000000001091,0.0196,-82.94100000000003,2569.883,0.9375,1.0,1.0,-0.0323
2026-01-07 20:00:00,3218.88,3219.99,3217.47,3219.0,6697.752,21556869.212229997,2513.347,4184.405,0.6006,0.11999999999989086,0.0037,-1671.0579999999995,6697.752,0.6006,1.0,1.0,-0.2495
2026-01-07 20:05:00,3218.99,3220.89,3208.62,3216.79,29521.821,94877023.02343,12072.055,17449.766,0.6918,-2.199999999999818,-0.0683,-5377.710999999999,29521.821,0.6918,1.0,1.0,-0.1822
2026-01-07 20:10:00,3216.79,3219.52,3213.19,3213.49,5460.63,17567726.46167,2574.443,2886.187,0.892,-3.300000000000182,-0.1026,-311.7439999999997,5460.63,0.892,1.0,1.0,-0.0571
2026-01-07 20:15:00,3213.49,3218.4,3213.28,3217.89,3511.541,11292819.94021,2697.001,814.54,3.3111,4.400000000000091,0.1369,1882.4610000000002,3511.541,3.3111,1.0,1.0,0.5361
2026-01-07 20:20:00,3217.9,3219.07,3215.42,3215.42,2764.8190000000004,8896732.60573,1712.476,1052.343,1.6273,-2.480000000000018,-0.0771,660.133,2764.8190000000004,1.6273,1.0,1.0,0.2388
2026-01-07 20:25:00,3215.42,3215.6,3212.01,3214.36,4078.364,13107600.6383,1705.73,2372.634,0.7189,-1.0599999999999454,-0.033,-666.904,4078.364,0.7189,1.0,1.0,-0.1635
2026-01-07 20:30:00,3214.36,3217.42,3212.53,3213.82,3360.59,10806305.08591,1850.011,1510.579,1.2247,-0.5399999999999636,-0.0168,339.432,3360.59,1.2247,1.0,1.0,0.101
2026-01-07 20:35:00,3213.81,3216.24,3213.81,3215.01,2453.46,7887835.57498,1506.615,946.845,1.5912,1.2000000000002728,0.0373,559.77,2453.46,1.5912,1.0,1.0,0.2282
2026-01-07 20:40:00,3215.0,3215.0,3210.8,3212.11,5226.766,16791013.56146,1752.439,3474.327,0.5044,-2.8899999999998727,-0.0899,-1721.8880000000001,5226.7660000000005,0.5044,1.0,1.0,-0.3294
2026-01-07 20:45:00,3212.1,3215.75,3212.1,3215.64,3778.179,12145406.65415,2519.911,1258.268,2.0027,3.5399999999999636,0.1102,1261.643,3778.179,2.0027,1.0,1.0,0.3339
2026-01-07 20:50:00,3215.64,3215.82,3214.0,3215.13,1810.354,5820439.75999,948.485,861.869,1.1005,-0.5099999999997635,-0.0159,86.61599999999999,1810.354,1.1005,1.0,1.0,0.0478
2026-01-07 20:55:00,3215.13,3215.14,3211.27,3211.58,3985.103,12800631.43635,886.586,3098.517,0.2861,-3.550000000000182,-0.1104,-2211.9309999999996,3985.103,0.2861,1.0,1.0,-0.555
2026-01-07 21:00:00,3211.58,3214.87,3210.75,3214.86,3485.7799999999997,11198135.63389,1905.921,1579.859,1.2064,3.2800000000002,0.1021,326.0620000000001,3485.7799999999997,1.2064,1.0,1.0,0.0935
2026-01-07 21:05:00,3214.87,3215.33,3203.07,3203.1,25068.067,80402282.95959,5443.642,19624.425,0.2774,-11.769999999999982,-0.3661,-14180.783,25068.067,0.2774,1.0,1.0,-0.5657
2026-01-07 21:10:00,3203.11,3207.0,3201.02,3202.0,10324.676,33078876.59702,4438.684,5885.992,0.7541,-1.1100000000001273,-0.0347,-1447.308,10324.676,0.7541,1.0,1.0,-0.1402
2026-01-07 21:15:00,3202.0,3210.0,3200.11,3209.83,12862.207,41239464.37598,8974.071,3888.136,2.3081,7.829999999999927,0.2445,5085.9349999999995,12862.207,2.3081,1.0,1.0,0.3954
2026-01-07 21:20:00,3209.82,3219.36,3209.82,3219.18,16110.439,51809683.69758,10932.505,5177.934,2.1114,9.359999999999673,0.2916,5754.570999999999,16110.438999999998,2.1114,1.0,1.0,0.3572
2026-01-07 21:25:00,3219.18,3227.86,3219.17,3222.03,19944.412,64287523.91008,12887.233,7057.179,1.8261,2.850000000000364,0.0885,5830.054,19944.412,1.8261,1.0,1.0,0.2923
2026-01-07 21:30:00,3222.03,3222.97,3217.62,3217.62,10086.715,32488271.36657,2918.279,7168.436,0.4071,-4.410000000000309,-0.1369,-4250.156999999999,10086.715,0.4071,1.0,1.0,-0.4214
2026-01-07 21:35:00,3217.63,3217.98,3213.0,3216.04,10101.708,32478798.690539997,4256.341,5845.367,0.7282,-1.5900000000001455,-0.0494,-1589.0259999999998,10101.708,0.7282,1.0,1.0,-0.1573
2026-01-07 21:40:00,3216.05,3217.95,3214.8,3216.35,3844.187,12365518.83307,2425.634,1418.553,1.7099,0.29999999999972715,0.0093,1007.0809999999999,3844.187,1.7099,1.0,1.0,0.262
2026-01-07 21:45:00,3216.35,3217.07,3210.05,3210.58,9386.94,30162810.40389,2745.193,6641.747,0.4133,-5.769999999999982,-0.1794,-3896.554,9386.94,0.4133,1.0,1.0,-0.4151
2026-01-07 21:50:00,3210.57,3211.93,3208.01,3209.34,4949.902,15887065.17423,1823.99,3125.912,0.5835,-1.2300000000000182,-0.0383,-1301.9219999999998,4949.902,0.5835,1.0,1.0,-0.263
2026-01-07 21:55:00,3209.35,3210.74,3208.68,3210.56,2729.689,8762321.378010001,1458.196,1271.493,1.1468,1.2100000000000364,0.0377,186.70299999999997,2729.689,1.1468,1.0,1.0,0.0684
2026-01-07 22:00:00,3210.55,3210.73,3187.03,3195.12,75066.491,239839022.39609,28730.837,46335.654,0.6201,-15.430000000000291,-0.4806,-17604.817000000003,75066.49100000001,0.6201,1.0,1.0,-0.2345
2026-01-07 22:05:00,3195.12,3197.82,3188.22,3190.0,26159.25,83511027.93618,13830.239,12329.011,1.1218,-5.119999999999891,-0.1602,1501.2279999999992,26159.25,1.1218,1.0,1.0,0.0574
2026-01-07 22:10:00,3190.01,3196.97,3185.1,3194.44,20356.7,64961879.41692,10293.077,10063.623,1.0228,4.429999999999836,0.1389,229.45399999999972,20356.699999999997,1.0228,1.0,1.0,0.0113
2026-01-07 22:15:00,3194.44,3197.51,3187.33,3187.91,15552.895,49654371.64976,8526.545,7026.35,1.2135,-6.5300000000002,-0.2044,1500.1949999999997,15552.895,1.2135,1.0,1.0,0.0965
2026-01-07 22:20:00,3187.91,3195.15,3187.91,3193.0,10521.522,33590013.96836,5431.035,5090.487,1.0669,5.0900000000001455,0.1597,340.5479999999998,10521.522,1.0669,1.0,1.0,0.0324
2026-01-07 22:25:00,3193.0,3195.89,3191.0,3193.21,6155.089,19654961.951700002,3074.023,3081.066,0.9977,0.21000000000003638,0.0066,-7.042999999999665,6155.089,0.9977,1.0,1.0,-0.0011
2026-01-07 22:30:00,3193.21,3199.53,3165.0,3186.97,145624.204,462978764.57695,57050.835,88573.369,0.6441,-6.2400000000002365,-0.1954,-31522.534000000007,145624.204,0.6441,1.0,1.0,-0.2165
2026-01-07 22:35:00,3186.97,3199.58,3180.9,3188.86,35088.088,111925970.59452999,19847.027,15241.061,1.3022,1.8900000000003274,0.0593,4605.9659999999985,35088.087999999996,1.3022,1.0,1.0,0.1313
2026-01-07 22:40:00,3188.86,3202.92,3188.0,3189.89,28988.720999999998,92640953.66871,15851.426,13137.295,1.2066,1.0299999999997453,0.0323,2714.1309999999994,28988.720999999998,1.2066,1.0,1.0,0.0936
2026-01-07 22:45:00,3189.89,3198.0,3187.18,3188.99,18736.322,59834559.73127,11845.441,6890.881,1.719,-0.900000000000091,-0.0282,4954.56,18736.322,1.719,1.0,1.0,0.2644
2026-01-07 22:50:00,3189.0,3195.44,3184.34,3188.78,18611.77,59373945.11935,9268.851,9342.919,0.9921,-0.2199999999997999,-0.0069,-74.0679999999993,18611.77,0.9921,1.0,1.0,-0.004
2026-01-07 22:55:00,3188.7,3199.75,3188.3,3190.15,14531.469,46413741.87157,7244.941,7286.528,0.9943,1.4500000000002728,0.0455,-41.587000000000444,14531.469000000001,0.9943,1.0,1.0,-0.0029
2026-01-07 23:00:00,3190.14,3191.73,3156.11,3168.33,115508.632,365896386.56184,46945.706,68562.926,0.6847,-21.809999999999945,-0.6837,-21617.22000000001,115508.63200000001,0.6847,1.0,1.0,-0.1871
2026-01-07 23:05:00,3168.33,3177.0,3162.41,3168.18,42158.031,133642943.47236,20658.541,21499.49,0.9609,-0.15000000000009095,-0.0047,-840.9490000000005,42158.031,0.9609,1.0,1.0,-0.0199
2026-01-07 23:10:00,3168.19,3171.72,3164.79,3167.2,20148.783,63834599.35644,10050.367,10098.416,0.9952,-0.9900000000002365,-0.0312,-48.04899999999907,20148.783,0.9952,1.0,1.0,-0.0024
2026-01-07 23:15:00,3167.2,3168.39,3142.52,3152.55,98602.725,310861354.01338,40264.776,58337.949,0.6902,-14.649999999999636,-0.4626,-18073.173000000003,98602.725,0.6902,1.0,1.0,-0.1833
2026-01-07 23:20:00,3152.54,3158.51,3146.46,3156.28,37331.776,117703006.68491,22157.273,15174.503,1.4602,3.7400000000002365,0.1186,6982.77,37331.776,1.4602,1.0,1.0,0.187
2026-01-07 23:25:00,3156.27,3164.44,3148.48,3159.69,31092.955,98091879.8207,16184.959,14907.996,1.0857,3.4200000000000728,0.1084,1276.9630000000016,31092.955,1.0857,1.0,1.0,0.0411
2026-01-07 23:30:00,3159.7,3161.0,3151.39,3157.51,21888.498,69096031.42646,11912.56,9975.938,1.1941,-2.1899999999996,-0.0693,1936.6219999999994,21888.498,1.1941,1.0,1.0,0.0885
2026-01-07 23:35:00,3157.53,3165.77,3154.0,3159.37,23660.857,74805191.66573,13250.66,10410.197,1.2729,1.8399999999996908,0.0583,2840.4629999999997,23660.857,1.2729,1.0,1.0,0.12
2026-01-07 23:40:00,3159.36,3164.88,3159.2,3160.79,11370.281,35951863.44549,6741.714,4628.567,1.4565,1.4299999999998363,0.0453,2113.147,11370.280999999999,1.4565,1.0,1.0,0.1858
2026-01-07 23:45:00,3160.79,3172.79,3158.0,3170.01,31021.057,98191152.66431999,22512.294,8508.763,2.6458,9.220000000000255,0.2917,14003.531,31021.057,2.6458,1.0,1.0,0.4514
2026-01-07 23:50:00,3170.01,3173.0,3164.35,3164.45,14073.911,44590158.09414,6676.011,7397.9,0.9024,-5.5600000000004,-0.1754,-721.8889999999992,14073.911,0.9024,1.0,1.0,-0.0513
2026-01-07 23:55:00,3164.45,3164.87,3161.28,3163.12,8633.861,27310481.806459997,3715.492,4917.966,0.7555,-1.3299999999999272,-0.042,-1202.4740000000002,8633.458,0.7555,1.0,1.0,-0.1393
2026-01-08 00:00:00,3163.13,3167.63,3161.0,3166.96,11071.423,35039877.47919,6757.989,4313.434,1.5667,3.8299999999999272,0.1211,2444.5549999999994,11071.422999999999,1.5667,1.0,1.0,0.2208
2026-01-08 00:05:00,3166.96,3171.9,3166.11,3169.15,8775.639,27812884.332960002,5113.54,3662.099,1.3963,2.1900000000000546,0.0692,1451.4409999999998,8775.639,1.3963,1.0,1.0,0.1654
2026-01-08 00:10:00,3169.15,3173.2,3167.0,3171.56,7166.941,22720268.18872,3918.698,3248.243,1.2064,2.4099999999998545,0.076,670.4549999999999,7166.941,1.2064,1.0,1.0,0.0935
2026-01-08 00:15:00,3171.55,3174.4,3169.35,3169.6,10639.932,33743879.12228,4326.484,6313.448,0.6853,-1.9500000000002728,-0.0615,-1986.964,10639.932,0.6853,1.0,1.0,-0.1867
2026-01-08 00:20:00,3169.61,3178.0,3166.17,3171.67,15976.976,50699497.82346,7567.572,8409.404,0.8999,2.0599999999999454,0.065,-841.8320000000003,15976.976,0.8999,1.0,1.0,-0.0527
2026-01-08 00:25:00,3171.66,3172.5,3164.0,3167.56,9068.845000000001,28727042.653810002,4021.536,5047.309,0.7968,-4.099999999999909,-0.1293,-1025.7730000000001,9068.845000000001,0.7968,1.0,1.0,-0.1131
2026-01-08 00:30:00,3167.57,3169.2,3153.6,3158.76,26106.323,82500738.38517,9176.445,16929.878,0.542,-8.809999999999945,-0.2781,-7753.433000000001,26106.323,0.542,1.0,1.0,-0.297
2026-01-08 00:35:00,3158.76,3162.67,3147.02,3160.76,33886.361,106930767.11843,13087.674,20798.687,0.6293,2.0,0.0633,-7711.013000000001,33886.361000000004,0.6293,1.0,1.0,-0.2276
2026-01-08 00:40:00,3160.75,3167.71,3158.62,3164.46,8387.146,26528235.99315,4752.29,3634.856,1.3074,3.7100000000000364,0.1174,1117.4339999999997,8387.146,1.3074,1.0,1.0,0.1332
2026-01-08 00:45:00,3164.46,3167.22,3158.4,3158.83,7116.544,22516828.9131,3161.085,3955.459,0.7992,-5.630000000000109,-0.1779,-794.3739999999998,7116.544,0.7992,1.0,1.0,-0.1116
2026-01-08 00:50:00,3158.84,3160.97,3155.49,3158.0,6097.907,19253382.03188,2141.29,3956.617,0.5412,-0.8400000000001455,-0.0266,-1815.3270000000002,6097.907,0.5412,1.0,1.0,-0.2977
2026-01-08 00:55:00,3158.0,3160.64,3154.33,3155.95,5305.011,16752127.127209999,2299.227,3005.784,0.7649,-2.050000000000182,-0.0649,-706.5570000000002,5305.011,0.7649,1.0,1.0,-0.1332
2026-01-08 01:00:00,3155.95,3158.24,3149.15,3155.72,20426.893,64409976.96104,9638.457,10788.436,0.8934,-0.2300000000000182,-0.0073,-1149.9789999999994,20426.893,0.8934,1.0,1.0,-0.0563
2026-01-08 01:05:00,3155.72,3161.59,3155.2,3159.72,9131.172,28842831.73523,5593.522,3537.65,1.5811,4.0,0.1268,2055.872,9131.172,1.5811,1.0,1.0,0.2251
2026-01-08 01:10:00,3159.73,3159.73,3155.11,3155.85,3729.823,11776326.91876,1880.395,1849.428,1.0167,-3.880000000000109,-0.1228,30.96699999999987,3729.8230000000003,1.0167,1.0,1.0,0.0083
2026-01-08 01:15:00,3155.84,3161.54,3155.67,3160.93,9070.76,28660976.76506,6124.23,2946.53,2.0785,5.089999999999691,0.1613,3177.6999999999994,9070.76,2.0785,1.0,1.0,0.3503
2026-01-08 01:20:00,3160.93,3168.73,3160.09,3164.44,9745.948,30844755.25338,6372.193,3373.755,1.8888,3.5100000000002183,0.111,2998.438,9745.948,1.8888,1.0,1.0,0.3077
2026-01-08 01:25:00,3164.44,3168.39,3162.01,3167.51,9202.401,29131333.023110002,7442.711,1759.69,4.2296,3.0700000000001637,0.097,5683.021000000001,9202.401,4.2296,1.0,1.0,0.6176
2026-01-08 01:30:00,3167.51,3169.92,3165.5,3168.08,5648.004,17893763.4654,3425.577,2222.427,1.5414,0.569999999999709,0.018,1203.15,5648.004000000001,1.5414,1.0,1.0,0.213
2026-01-08 01:35:00,3168.08,3169.07,3163.0,3165.04,4011.797,12698776.69901,1411.687,2600.11,0.5429,-3.0399999999999636,-0.096,-1188.4230000000002,4011.797,0.5429,1.0,1.0,-0.2962
2026-01-08 01:40:00,3165.04,3165.56,3157.59,3161.38,5946.956,18799052.59279,2124.868,3822.088,0.5559,-3.6599999999998545,-0.1156,-1697.2200000000003,5946.956,0.5559,1.0,1.0,-0.2854
2026-01-08 01:45:00,3161.38,3162.8,3158.15,3158.16,3178.274,10044904.4529,1168.976,2009.298,0.5818,-3.2200000000002547,-0.1019,-840.3219999999999,3178.2740000000003,0.5818,1.0,1.0,-0.2644
2026-01-08 01:50:00,3158.15,3158.15,3143.63,3152.01,25772.181,81168834.03361,9532.186,16239.995,0.587,-6.139999999999873,-0.1944,-6707.809000000001,25772.181,0.587,1.0,1.0,-0.2603
2026-01-08 01:55:00,3152.01,3155.99,3149.39,3150.4,7164.719,22589962.2186,3556.777,3607.942,0.9858,-1.6100000000001273,-0.0511,-51.164999999999964,7164.719,0.9858,1.0,1.0,-0.0071
2026-01-08 02:00:00,3150.4,3150.95,3146.27,3147.02,9456.969000000001,29777422.43573,4417.654,5039.315,0.8766,-3.380000000000109,-0.1073,-621.6609999999991,9456.969000000001,0.8766,1.0,1.0,-0.0657
2026-01-08 02:05:00,3147.02,3152.78,3145.23,3152.34,7818.879,24622857.67849,3885.95,3932.929,0.9881,5.320000000000164,0.169,-46.97900000000027,7818.879,0.9881,1.0,1.0,-0.006
2026-01-08 02:10:00,3152.34,3153.83,3148.6,3151.94,6601.933,20807356.70731,4572.638,2029.295,2.2533,-0.40000000000009095,-0.0127,2543.343,6601.933,2.2533,1.0,1.0,0.3852
2026-01-08 02:15:00,3151.95,3152.57,3147.48,3150.47,5461.54,17201066.18004,2379.261,3082.279,0.7719,-1.4800000000000182,-0.047,-703.018,5461.54,0.7719,1.0,1.0,-0.1287
2026-01-08 02:20:00,3150.46,3152.4,3146.0,3147.33,7118.929,22413168.079109997,2776.436,4342.493,0.6394,-3.130000000000109,-0.0994,-1566.0570000000002,7118.929,0.6394,1.0,1.0,-0.22
2026-01-08 02:25:00,3147.35,3153.98,3131.02,3150.27,82558.179,259242701.04560998,31938.858,50619.321,0.631,2.9200000000000728,0.0928,-18680.463000000003,82558.179,0.631,1.0,1.0,-0.2263
2026-01-08 02:30:00,3150.27,3164.16,3150.27,3159.25,25590.337,80850303.09049,15015.183,10575.154,1.4199,8.980000000000018,0.2851,4440.029,25590.337,1.4199,1.0,1.0,0.1735
2026-01-08 02:35:00,3159.26,3160.9,3154.4,3158.4,8304.754,26216890.63966,2901.245,5403.509,0.5369,-0.8600000000001273,-0.0272,-2502.264,8304.754,0.5369,1.0,1.0,-0.3013
2026-01-08 02:40:00,3158.41,3159.52,3150.06,3151.07,7536.3009999999995,23771320.16477,1528.719,6007.582,0.2545,-7.339999999999691,-0.2324,-4478.863,7536.301,0.2545,1.0,1.0,-0.5943
2026-01-08 02:45:00,3151.06,3154.89,3145.93,3154.8,15300.456,48189452.05425,7169.216,8131.24,0.8817,3.7400000000002365,0.1187,-962.0239999999994,15300.456,0.8817,1.0,1.0,-0.0629
2026-01-08 02:50:00,3154.8,3155.49,3145.24,3148.0,9641.637,30370863.91979,2510.235,7131.402,0.352,-6.800000000000182,-0.2155,-4621.1669999999995,9641.637,0.352,1.0,1.0,-0.4793
2026-01-08 02:55:00,3148.01,3150.0,3135.26,3145.01,23574.511,74047653.02304,8992.901,14581.61,0.6167,-3.0,-0.0953,-5588.709000000001,23574.511,0.6167,1.0,1.0,-0.2371
2026-01-08 03:00:00,3145.01,3154.23,3142.69,3153.61,13667.554,43028150.28642,8416.162,5251.392,1.6027,8.599999999999909,0.2734,3164.7700000000004,13667.554,1.6027,1.0,1.0,0.2316
2026-01-08 03:05:00,3153.6,3154.23,3137.38,3140.1,11391.407,35811533.84407,3208.12,8183.287,0.392,-13.5,-0.4281,-4975.167,11391.407,0.392,1.0,1.0,-0.4367
2026-01-08 03:10:00,3140.1,3142.93,3135.65,3138.0,13952.803,43798143.91587,8760.629,5192.174,1.6873,-2.099999999999909,-0.0669,3568.455000000001,13952.803,1.6873,1.0,1.0,0.2558
2026-01-08 03:15:00,3138.0,3140.15,3123.17,3137.67,52356.234,163875915.93123,19837.118,32519.116,0.61,-0.32999999999992724,-0.0105,-12681.998000000003,52356.234,0.61,1.0,1.0,-0.2422
2026-01-08 03:20:00,3137.68,3138.77,3129.74,3131.29,11095.244999999999,34776777.43869,5816.544,5278.701,1.1019,-6.389999999999873,-0.2037,537.8429999999998,11095.244999999999,1.1019,1.0,1.0,0.0485
2026-01-08 03:25:00,3131.28,3135.63,3129.79,3135.4,8612.583999999999,26977526.49491,4415.004,4197.58,1.0518,4.119999999999891,0.1316,217.42399999999998,8612.583999999999,1.0518,1.0,1.0,0.0252
2026-01-08 03:30:00,3135.4,3145.95,3134.42,3142.21,16968.011,53301000.49036,11692.721,5275.29,2.2165,6.809999999999945,0.2172,6417.431,16968.011,2.2165,1.0,1.0,0.3782
2026-01-08 03:35:00,3142.22,3147.63,3139.58,3145.33,7112.705,22364680.1098,4336.519,2776.186,1.562,3.1100000000001273,0.099,1560.333,7112.705,1.562,1.0,1.0,0.2194
2026-01-08 03:40:00,3145.33,3145.33,3139.72,3142.57,3665.114,11517375.82268,1373.226,2291.888,0.5992,-2.7599999999997635,-0.0877,-918.6619999999998,3665.114,0.5992,1.0,1.0,-0.2507
2026-01-08 03:45:00,3142.57,3145.58,3141.72,3145.29,4309.895,13551747.629530001,2292.711,2017.184,1.1366,2.7199999999998,0.0866,275.5269999999998,4309.8949999999995,1.1366,1.0,1.0,0.0639
2026-01-08 03:50:00,3145.29,3150.25,3145.0,3145.8,10103.984,31807503.71195,4732.074,5371.91,0.8809,0.5100000000002183,0.0162,-639.8360000000002,10103.984,0.8809,1.0,1.0,-0.0633
2026-01-08 03:55:00,3145.8,3147.04,3144.01,3144.01,3333.2780000000002,10484456.02913,1417.529,1915.749,0.7399,-1.7899999999999636,-0.0569,-498.22,3333.2780000000002,0.7399,1.0,1.0,-0.1495
2026-01-08 04:00:00,3144.01,3149.98,3144.01,3146.92,8846.614,27833248.307159998,3946.502,4900.112,0.8054,2.9099999999998545,0.0926,-953.6100000000001,8846.614,0.8054,1.0,1.0,-0.1078
2026-01-08 04:05:00,3146.92,3149.52,3142.0,3142.01,3375.522,10620913.82491,1682.135,1693.387,0.9934,-4.9099999999998545,-0.156,-11.251999999999953,3375.522,0.9934,1.0,1.0,-0.0033
2026-01-08 04:10:00,3142.0,3143.64,3132.58,3135.27,11437.953,35888383.09053,4723.717,6714.236,0.7035,-6.730000000000018,-0.2142,-1990.5190000000002,11437.953,0.7035,1.0,1.0,-0.174
2026-01-08 04:15:00,3135.27,3138.79,3132.36,3138.48,7501.101000000001,23517356.26989,4767.124,2733.977,1.7437,3.2100000000000364,0.1024,2033.147,7501.101,1.7437,1.0,1.0,0.271
2026-01-08 04:20:00,3138.48,3139.5,3126.1,3127.39,11754.175,36795607.23384,4072.066,7682.109,0.5301,-11.090000000000146,-0.3534,-3610.0430000000006,11754.175,0.5301,1.0,1.0,-0.3071
2026-01-08 04:25:00,3127.36,3135.66,3127.35,3132.7,12602.219,39475770.38012,7582.305,5019.914,1.5104,5.339999999999691,0.1708,2562.3910000000005,12602.219000000001,1.5104,1.0,1.0,0.2033
2026-01-08 04:30:00,3132.7,3137.69,3132.0,3134.24,9005.572,28236621.302050002,4404.639,4600.933,0.9573,1.5399999999999636,0.0492,-196.29399999999987,9005.572,0.9573,1.0,1.0,-0.0218
2026-01-08 04:35:00,3134.24,3139.82,3131.97,3137.25,7920.746999999999,24845674.29175,3254.374,4666.373,0.6974,3.0100000000002183,0.096,-1411.9989999999998,7920.746999999999,0.6974,1.0,1.0,-0.1783
2026-01-08 04:40:00,3137.26,3139.99,3136.0,3136.88,5418.438999999999,17004924.18359,2140.524,3277.915,0.653,-0.38000000000010914,-0.0121,-1137.391,5418.439,0.653,1.0,1.0,-0.2099
2026-01-08 04:45:00,3136.89,3139.35,3134.54,3138.3,5763.661,18076644.51425,2284.48,3479.181,0.6566,1.4100000000003092,0.0449,-1194.701,5763.661,0.6566,1.0,1.0,-0.2073
2026-01-08 04:50:00,3138.3,3141.03,3137.04,3138.14,3679.555,11550295.170090001,1910.633,1768.922,1.0801,-0.16000000000030923,-0.0051,141.711,3679.5550000000003,1.0801,1.0,1.0,0.0385
2026-01-08 04:55:00,3138.13,3140.86,3136.8,3137.15,6544.452,20540941.33406,4470.305,2074.147,2.1552,-0.9800000000000182,-0.0312,2396.1580000000004,6544.452,2.1552,1.0,1.0,0.3661
2026-01-08 05:00:00,3137.15,3142.58,3136.59,3139.49,4677.465,14685794.07456,3015.931,1661.534,1.8151,2.3399999999996908,0.0746,1354.397,4677.465,1.8151,1.0,1.0,0.2896
2026-01-08 05:05:00,3139.49,3142.0,3137.1,3141.98,2615.378,8211086.86747,1744.784,870.594,2.0041,2.4900000000002365,0.0793,874.19,2615.378,2.0041,1.0,1.0,0.3342
2026-01-08 05:10:00,3141.99,3144.51,3139.37,3143.16,2202.953,6921230.990730001,1302.857,900.096,1.4475,1.1700000000000728,0.0372,402.76099999999997,2202.953,1.4475,1.0,1.0,0.1828
2026-01-08 05:15:00,3143.15,3145.74,3141.5,3143.49,3300.7870000000003,10377328.59694,1615.603,1685.184,0.9587,0.33999999999969077,0.0108,-69.5809999999999,3300.7870000000003,0.9587,1.0,1.0,-0.0211
2026-01-08 05:20:00,3143.5,3143.5,3140.3,3143.39,2593.251,8146056.41697,1419.76,1173.491,1.2099,-0.11000000000012733,-0.0035,246.269,2593.251,1.2099,1.0,1.0,0.095
2026-01-08 05:25:00,3143.39,3145.06,3143.21,3145.05,1889.687,5941371.5433600005,797.522,1092.165,0.7302,1.6600000000003092,0.0528,-294.6429999999999,1889.687,0.7302,1.0,1.0,-0.1559
2026-01-08 05:30:00,3145.06,3147.0,3144.09,3146.47,6952.014999999999,21867301.29,2193.281,4758.734,0.4609,1.4099999999998545,0.0448,-2565.4530000000004,6952.015,0.4609,1.0,1.0,-0.369
2026-01-08 05:35:00,3146.46,3146.78,3143.37,3144.99,2787.9010000000003,8767154.73962,731.727,2056.174,0.3559,-1.4700000000002547,-0.0467,-1324.4470000000001,2787.901,0.3559,1.0,1.0,-0.4751
2026-01-08 05:40:00,3145.0,3150.45,3144.99,3149.19,6499.226,20460066.69388,4971.648,1527.578,3.2546,4.190000000000055,0.1332,3444.07,6499.226000000001,3.2546,1.0,1.0,0.5299
2026-01-08 05:45:00,3149.18,3151.36,3146.5,3150.0,2879.665,9067376.758440001,1429.227,1450.438,0.9854,0.8200000000001637,0.026,-21.211000000000013,2879.665,0.9854,1.0,1.0,-0.0074
2026-01-08 05:50:00,3150.0,3150.0,3146.54,3147.37,1548.857,4876870.024119999,509.362,1039.495,0.49,-2.630000000000109,-0.0835,-530.1329999999998,1548.857,0.49,1.0,1.0,-0.3423
2026-01-08 05:55:00,3147.38,3149.76,3147.37,3148.24,1770.929,5576567.74012,1104.089,666.84,1.6557,0.8599999999996726,0.0273,437.2489999999999,1770.929,1.6557,1.0,1.0,0.2469
2026-01-08 06:00:00,3148.23,3148.24,3142.0,3145.13,7724.894,24289754.5135,4613.318,3111.576,1.4826,-3.099999999999909,-0.0985,1501.7420000000002,7724.894,1.4826,1.0,1.0,0.1944
2026-01-08 06:05:00,3145.12,3152.11,3144.63,3150.55,2662.196,8386724.218,1487.723,1174.473,1.2667,5.430000000000291,0.1726,313.25,2662.196,1.2667,1.0,1.0,0.1177
2026-01-08 06:10:00,3150.55,3150.56,3142.35,3142.36,5015.094,15777931.73032,1670.815,3344.279,0.4996,-8.190000000000055,-0.26,-1673.464,5015.094,0.4996,1.0,1.0,-0.3337
2026-01-08 06:15:00,3142.35,3146.93,3142.35,3146.12,4921.655,15477583.57539,4191.654,730.001,5.742,3.769999999999982,0.12,3461.6530000000002,4921.655000000001,5.742,1.0,1.0,0.7034
2026-01-08 06:20:00,3146.11,3152.9,3145.69,3152.15,11314.983,35642073.72094,8927.463,2387.52,3.7392,6.039999999999964,0.192,6539.942999999999,11314.983,3.7392,1.0,1.0,0.578
2026-01-08 06:25:00,3152.15,3154.81,3151.33,3154.35,2457.101,7747372.11912,1623.788,833.313,1.9486,2.199999999999818,0.0698,790.475,2457.101,1.9486,1.0,1.0,0.3217
2026-01-08 06:30:00,3154.35,3165.0,3153.79,3157.69,12977.459,41004951.79714,8367.655,4609.804,1.8152,3.3400000000001455,0.1059,3757.8510000000006,12977.459,1.8152,1.0,1.0,0.2896
2026-01-08 06:35:00,3157.7,3157.7,3152.64,3153.01,3177.7960000000003,10027136.88212,1454.827,1722.969,0.8444,-4.6899999999996,-0.1485,-268.14200000000005,3177.7960000000003,0.8444,1.0,1.0,-0.0844
2026-01-08 06:40:00,3153.01,3153.49,3149.44,3150.26,2367.048,7458937.59628,862.989,1504.059,0.5738,-2.75,-0.0872,-641.0699999999999,2367.048,0.5738,1.0,1.0,-0.2708
2026-01-08 06:45:00,3150.26,3155.22,3150.26,3151.31,2711.821,8549980.75258,1390.613,1321.208,1.0525,1.0499999999997272,0.0333,69.40499999999997,2711.821,1.0525,1.0,1.0,0.0256
2026-01-08 06:50:00,3151.31,3152.79,3143.76,3152.35,9513.804,29945861.25237,3074.107,6439.697,0.4774,1.0399999999999636,0.033,-3365.59,9513.804,0.4774,1.0,1.0,-0.3538
2026-01-08 06:55:00,3152.36,3153.07,3150.0,3151.88,3203.688,10096599.83128,2283.437,920.251,2.4813,-0.4800000000000182,-0.0152,1363.186,3203.688,2.4813,1.0,1.0,0.4255
2026-01-08 07:00:00,3151.88,3152.83,3141.69,3142.3,18411.038,57930310.00322,4282.213,14128.825,0.3031,-9.579999999999927,-0.3039,-9846.612000000001,18411.038,0.3031,1.0,1.0,-0.5348
2026-01-08 07:05:00,3142.31,3145.2,3142.11,3142.12,3239.621,10185219.345900001,2321.037,918.584,2.5268,-0.19000000000005457,-0.006,1402.453,3239.6209999999996,2.5268,1.0,1.0,0.4329
2026-01-08 07:10:00,3142.11,3154.18,3142.0,3154.09,11533.765,36310868.28588,9327.924,2205.841,4.2287,11.980000000000018,0.3813,7122.0830000000005,11533.765000000001,4.2287,1.0,1.0,0.6175
2026-01-08 07:15:00,3154.09,3176.0,3153.45,3171.98,47897.289000000004,151628471.37662,32420.618,15476.671,2.0948,17.889999999999873,0.5672,16943.947,47897.289,2.0948,1.0,1.0,0.3538
2026-01-08 07:20:00,3171.98,3178.33,3164.59,3176.45,20285.581,64356792.73975,13642.841,6642.74,2.0538,4.4699999999998,0.1409,7000.101000000001,20285.581,2.0538,1.0,1.0,0.3451
2026-01-08 07:25:00,3176.45,3180.0,3167.09,3169.3,17460.972999999998,55408549.44323,9007.401,8453.572,1.0655,-7.149999999999636,-0.2251,553.8289999999997,17460.972999999998,1.0655,1.0,1.0,0.0317
2026-01-08 07:30:00,3169.29,3171.33,3166.45,3166.45,5188.613,16444319.17014,2616.94,2571.673,1.0176,-2.8400000000001455,-0.0896,45.26700000000028,5188.612999999999,1.0176,1.0,1.0,0.0087
2026-01-08 07:35:00,3166.45,3166.7,3162.0,3162.03,9307.357,29453766.71163,3879.83,5427.527,0.7148,-4.419999999999618,-0.1396,-1547.6970000000001,9307.357,0.7148,1.0,1.0,-0.1663
2026-01-08 07:40:00,3162.03,3165.47,3161.0,3164.32,2590.948,8196976.66015,1844.551,746.397,2.4713,2.2899999999999636,0.0724,1098.154,2590.948,2.4713,1.0,1.0,0.4238
2026-01-08 07:45:00,3164.33,3164.44,3160.52,3162.92,2237.9700000000003,7077506.339,1111.107,1126.863,0.986,-1.4099999999998545,-0.0446,-15.756000000000085,2237.9700000000003,0.986,1.0,1.0,-0.007
2026-01-08 07:50:00,3162.91,3168.0,3162.3,3168.0,3707.344,11734403.00668,3118.43,588.914,5.2952,5.0900000000001455,0.1609,2529.5159999999996,3707.344,5.2952,1.0,1.0,0.6823
2026-01-08 07:55:00,3167.99,3169.09,3166.65,3167.33,3207.232,10160126.79573,2114.656,1092.576,1.9355,-0.6599999999998545,-0.0208,1022.0799999999999,3207.232,1.9355,1.0,1.0,0.3187
2026-01-08 08:00:00,3167.33,3173.0,3164.31,3165.42,4773.08,15122194.755379999,2588.724,2184.356,1.1851,-1.9099999999998545,-0.0603,404.36799999999994,4773.08,1.1851,1.0,1.0,0.0847
2026-01-08 08:05:00,3165.42,3167.02,3162.38,3163.5,3406.6949999999997,10781723.77369,1224.723,2181.972,0.5613,-1.9200000000000728,-0.0607,-957.2490000000003,3406.695,0.5613,1.0,1.0,-0.281
2026-01-08 08:10:00,3163.5,3163.5,3160.32,3160.75,3163.016,10000978.27225,907.867,2255.149,0.4026,-2.75,-0.0869,-1347.282,3163.0159999999996,0.4026,1.0,1.0,-0.4259
2026-01-08 08:15:00,3160.75,3160.76,3156.17,3157.0,7713.099,24359135.6058,2714.401,4998.698,0.543,-3.75,-0.1186,-2284.2970000000005,7713.099,0.543,1.0,1.0,-0.2962
2026-01-08 08:20:00,3157.0,3158.92,3155.18,3158.53,4272.5960000000005,13488057.16114,1918.039,2354.557,0.8146,1.5300000000002,0.0485,-436.5179999999998,4272.596,0.8146,1.0,1.0,-0.1022
2026-01-08 08:25:00,3158.52,3159.0,3155.01,3156.24,3145.04,9929651.88414,1018.183,2126.857,0.4787,-2.2800000000002,-0.0722,-1108.674,3145.04,0.4787,1.0,1.0,-0.3525
2026-01-08 08:30:00,3156.25,3160.44,3153.12,3158.49,7818.6449999999995,24689694.9477,5867.044,1951.601,3.0063,2.2399999999997817,0.071,3915.4429999999998,7818.645,3.0063,1.0,1.0,0.5008
2026-01-08 08:35:00,3158.49,3162.73,3157.76,3162.01,3670.621,11601358.95787,2610.357,1060.264,2.462,3.5200000000004366,0.1114,1550.093,3670.621,2.462,1.0,1.0,0.4223
2026-01-08 08:40:00,3162.0,3166.1,3162.0,3165.54,5679.362999999999,17971241.96638,2707.98,2971.383,0.9114,3.5399999999999636,0.112,-263.4029999999998,5679.362999999999,0.9114,1.0,1.0,-0.0464
2026-01-08 08:45:00,3165.54,3173.88,3165.54,3170.72,9500.279999999999,30125116.567259997,5766.852,3733.428,1.5447,5.179999999999836,0.1636,2033.424,9500.279999999999,1.5447,1.0,1.0,0.214
2026-01-08 08:50:00,3170.73,3174.07,3167.67,3173.45,7746.347,24569808.79251,4018.133,3728.214,1.0778,2.7199999999998,0.0858,289.91899999999987,7746.347,1.0778,1.0,1.0,0.0374
2026-01-08 08:55:00,3173.46,3173.99,3168.42,3169.25,4916.922,15595312.88432,1628.824,3288.098,0.4954,-4.210000000000036,-0.1327,-1659.274,4916.9220000000005,0.4954,1.0,1.0,-0.3375
2026-01-08 09:00:00,3169.25,3170.65,3167.0,3169.99,5124.116,16237232.9866,2621.305,2502.811,1.0473,0.7399999999997817,0.0233,118.49399999999969,5124.116,1.0473,1.0,1.0,0.0231
2026-01-08 09:05:00,3169.99,3172.29,3168.6,3169.31,3963.717,12567063.452,1763.733,2199.984,0.8017,-0.6799999999998363,-0.0215,-436.251,3963.7169999999996,0.8017,1.0,1.0,-0.1101
2026-01-08 09:10:00,3169.31,3172.9,3168.5,3172.87,2897.623,9189044.88392,1255.3,1642.323,0.7643,3.5599999999999454,0.1123,-387.02300000000014,2897.623,0.7643,1.0,1.0,-0.1336
2026-01-08 09:15:00,3172.88,3172.88,3167.13,3171.24,6871.982,21778892.92212,4202.588,2669.394,1.5744,-1.6400000000003274,-0.0517,1533.194,6871.982,1.5744,1.0,1.0,0.2231
2026-01-08 09:20:00,3171.24,3176.66,3169.6,3176.23,4933.9490000000005,15660462.44555,3140.448,1793.501,1.751,4.9900000000002365,0.1574,1346.947,4933.949,1.751,1.0,1.0,0.273
2026-01-08 09:25:00,3176.23,3180.0,3175.0,3176.3,9304.159,29560669.44973,5632.565,3671.594,1.5341,0.07000000000016371,0.0022,1960.9709999999995,9304.159,1.5341,1.0,1.0,0.2108
2026-01-08 09:30:00,3176.31,3176.64,3171.48,3172.01,6022.049,19112951.4428,2570.256,3451.793,0.7446,-4.299999999999727,-0.1354,-881.5370000000003,6022.049,0.7446,1.0,1.0,-0.1464
2026-01-08 09:35:00,3172.01,3172.66,3170.1,3172.24,4600.286,14589588.07546,2397.609,2202.677,1.0885,0.22999999999956344,0.0073,194.9319999999998,4600.286,1.0885,1.0,1.0,0.0424
2026-01-08 09:40:00,3172.28,3173.22,3170.9,3172.95,3595.694,11405193.7954,2013.83,1581.864,1.2731,0.669999999999618,0.0211,431.9659999999999,3595.694,1.2731,1.0,1.0,0.1201
2026-01-08 09:45:00,3172.96,3176.57,3171.1,3175.69,3246.018,10304919.5218,1127.087,2118.931,0.5319,2.730000000000018,0.086,-991.844,3246.018,0.5319,1.0,1.0,-0.3056
2026-01-08 09:50:00,3175.7,3177.0,3173.85,3174.45,1923.439,6106969.58716,620.736,1302.703,0.4765,-1.25,-0.0394,-681.967,1923.4389999999999,0.4765,1.0,1.0,-0.3546
2026-01-08 09:55:00,3174.45,3176.0,3173.86,3173.87,1723.014,5470896.80029,794.494,928.52,0.8557,-0.5799999999999272,-0.0183,-134.02599999999995,1723.0140000000001,0.8557,1.0,1.0,-0.0778
2026-01-08 10:00:00,3173.86,3176.5,3168.58,3171.16,8859.359,28108366.66107,4041.505,4817.854,0.8389,-2.700000000000273,-0.0851,-776.3490000000002,8859.359,0.8389,1.0,1.0,-0.0876
2026-01-08 10:05:00,3171.16,3175.78,3169.21,3175.25,2701.3559999999998,8571437.91855,1173.519,1527.837,0.7681,4.0900000000001455,0.129,-354.318,2701.3559999999998,0.7681,1.0,1.0,-0.1312
2026-01-08 10:10:00,3175.24,3183.0,3172.4,3179.65,10702.028,34017613.99662,7175.693,3526.335,2.0349,4.410000000000309,0.1389,3649.358,10702.028,2.0349,1.0,1.0,0.341
2026-01-08 10:15:00,3179.6,3180.25,3175.3,3176.32,4874.52,15490707.63873,2267.723,2606.797,0.8699,-3.2799999999997453,-0.1032,-339.07400000000007,4874.52,0.8699,1.0,1.0,-0.0696
2026-01-08 10:20:00,3176.31,3176.31,3159.45,3162.41,15609.203000000001,49440302.52613,3765.768,11843.435,0.318,-13.900000000000091,-0.4376,-8077.6669999999995,15609.203,0.318,1.0,1.0,-0.5175
2026-01-08 10:25:00,3162.41,3167.85,3160.1,3167.58,6798.705,21512024.858850002,3841.807,2956.898,1.2993,5.170000000000073,0.1635,884.9089999999997,6798.705,1.2993,1.0,1.0,0.1302
2026-01-08 10:30:00,3167.59,3167.59,3160.66,3164.09,4428.96,14011210.447980002,1892.52,2536.44,0.7461,-3.5,-0.1105,-643.9200000000001,4428.96,0.7461,1.0,1.0,-0.1454
2026-01-08 10:35:00,3164.09,3164.09,3150.58,3154.65,20678.586,65247277.53175,6284.628,14393.958,0.4366,-9.440000000000055,-0.2983,-8109.330000000001,20678.586,0.4366,1.0,1.0,-0.3922
2026-01-08 10:40:00,3154.65,3156.87,3151.63,3154.09,6988.673,22046535.59711,3593.45,3395.223,1.0584,-0.5599999999999454,-0.0178,198.22699999999986,6988.673,1.0584,1.0,1.0,0.0284
2026-01-08 10:45:00,3154.08,3154.6,3146.48,3153.71,15764.679,49648139.66673,7336.963,8427.716,0.8706,-0.36999999999989086,-0.0117,-1090.7530000000006,15764.679,0.8706,1.0,1.0,-0.0692
2026-01-08 10:50:00,3153.71,3157.0,3152.5,3156.81,7741.033,24424716.92201,4624.006,3117.027,1.4835,3.099999999999909,0.0983,1506.9790000000003,7741.033,1.4835,1.0,1.0,0.1947
2026-01-08 10:55:00,3156.81,3158.6,3155.0,3157.8,4366.2880000000005,13785361.2295,2421.878,1944.41,1.2456,0.9900000000002365,0.0314,477.4680000000001,4366.2880000000005,1.2456,1.0,1.0,0.1094
2026-01-08 11:00:00,3157.8,3162.89,3155.0,3162.45,5343.279,16880989.779430002,3458.232,1885.047,1.8346,4.649999999999636,0.1473,1573.185,5343.279,1.8346,1.0,1.0,0.2944
2026-01-08 11:05:00,3162.45,3165.01,3160.5,3162.61,6391.945,20222273.10353,3105.408,3286.537,0.9449,0.16000000000030923,0.0051,-181.1289999999999,6391.945,0.9449,1.0,1.0,-0.0283
2026-01-08 11:10:00,3162.6,3163.0,3160.02,3161.49,2849.445,9007879.970619999,1125.316,1724.129,0.6527,-1.1100000000001273,-0.0351,-598.8129999999999,2849.4449999999997,0.6527,1.0,1.0,-0.2102
2026-01-08 11:15:00,3161.5,3162.34,3158.0,3160.0,3892.047,12300296.1451,2374.239,1517.808,1.5643,-1.5,-0.0474,856.431,3892.047,1.5643,1.0,1.0,0.22
2026-01-08 11:20:00,3160.0,3160.75,3156.0,3156.97,2412.273,7617918.36331,710.741,1701.532,0.4177,-3.0300000000002,-0.0959,-990.7909999999999,2412.273,0.4177,1.0,1.0,-0.4107
2026-01-08 11:25:00,3156.97,3158.0,3150.55,3151.24,6963.615,21954190.98387,2672.93,4290.53,0.623,-5.730000000000018,-0.1815,-1617.6,6963.459999999999,0.623,1.0,1.0,-0.2323
2026-01-08 11:30:00,3151.24,3155.21,3151.0,3152.45,3727.542,11754093.887699999,2291.241,1436.456,1.5951,1.2100000000000364,0.0384,854.7850000000001,3727.697,1.5951,1.0,1.0,0.2293
2026-01-08 11:35:00,3152.45,3154.67,3152.01,3153.13,2235.0789999999997,7047415.99149,1363.342,871.737,1.5639,0.680000000000291,0.0216,491.60500000000013,2235.079,1.5639,1.0,1.0,0.2199
2026-01-08 11:40:00,3153.13,3153.7,3132.08,3138.64,35446.21,111304838.58691,10622.95,24823.26,0.4279,-14.490000000000236,-0.4595,-14200.309999999998,35446.21,0.4279,1.0,1.0,-0.4006
2026-01-08 11:45:00,3138.65,3140.6,3131.12,3138.24,18981.201999999997,59551071.95859,9867.131,9114.071,1.0826,-0.41000000000030923,-0.0131,753.0599999999995,18981.201999999997,1.0826,1.0,1.0,0.0397
2026-01-08 11:50:00,3138.23,3140.44,3134.61,3137.89,12230.471,38374796.43248,5268.17,6962.301,0.7567,-0.3400000000001455,-0.0108,-1694.1310000000003,12230.471000000001,0.7567,1.0,1.0,-0.1385
2026-01-08 11:55:00,3137.9,3141.87,3136.65,3141.55,6647.032,20870092.84505,4747.861,1899.171,2.5,3.650000000000091,0.1163,2848.6899999999996,6647.032,2.5,1.0,1.0,0.4286
2026-01-08 12:00:00,3141.56,3145.47,3139.86,3142.14,9227.285,28999520.985600002,5539.586,3687.699,1.5022,0.5799999999999272,0.0185,1851.8870000000002,9227.285,1.5022,1.0,1.0,0.2007
2026-01-08 12:05:00,3142.14,3143.79,3137.38,3137.83,5056.735000000001,15880726.66149,2057.291,2999.444,0.6859,-4.309999999999945,-0.1372,-942.1529999999998,5056.735000000001,0.6859,1.0,1.0,-0.1863
2026-01-08 12:10:00,3137.83,3142.88,3137.83,3142.88,4144.841,13017339.56365,1889.191,2255.65,0.8375,5.050000000000182,0.1609,-366.45900000000006,4144.841,0.8375,1.0,1.0,-0.0884
2026-01-08 12:15:00,3142.87,3145.49,3142.87,3144.79,4922.161,15476834.5425,2567.764,2354.397,1.0906,1.9200000000000728,0.0611,213.3670000000002,4922.161,1.0906,1.0,1.0,0.0433
2026-01-08 12:20:00,3144.8,3148.32,3144.0,3147.9,4770.01,15006855.100879999,3559.323,1210.687,2.9399,3.099999999999909,0.0986,2348.636,4770.01,2.9399,1.0,1.0,0.4924
2026-01-08 12:25:00,3147.9,3157.5,3147.9,3154.93,16006.22,50481183.73504,7437.863,8568.357,0.8681,7.029999999999745,0.2233,-1130.4939999999997,16006.220000000001,0.8681,1.0,1.0,-0.0706
2026-01-08 12:30:00,3154.93,3157.35,3153.44,3155.44,7136.419,22515687.67255,3551.238,3585.181,0.9905,0.5100000000002183,0.0162,-33.94300000000021,7136.419,0.9905,1.0,1.0,-0.0048
2026-01-08 12:35:00,3155.44,3156.86,3151.77,3153.6,6914.594,21809394.85673,3328.073,3586.521,0.9279,-1.8400000000001455,-0.0583,-258.4480000000003,6914.594,0.9279,1.0,1.0,-0.0374
2026-01-08 12:40:00,3153.6,3154.74,3151.08,3152.71,6909.849,21785569.113590002,1307.598,5602.251,0.2334,-0.8899999999998727,-0.0282,-4294.653,6909.849,0.2334,1.0,1.0,-0.6215
2026-01-08 12:45:00,3152.72,3156.28,3150.26,3152.19,2393.846,7547794.62544,1130.248,1263.598,0.8945,-0.5299999999997453,-0.0168,-133.3499999999999,2393.846,0.8945,1.0,1.0,-0.0557
2026-01-08 12:50:00,3152.19,3153.9,3150.39,3152.29,4688.111,14777906.70901,2479.003,2209.108,1.1222,0.09999999999990905,0.0032,269.895,4688.111000000001,1.1222,1.0,1.0,0.0576
2026-01-08 12:55:00,3152.29,3153.92,3151.63,3152.69,2081.635,6562250.11163,871.556,1210.079,0.7202,0.40000000000009095,0.0127,-338.5229999999999,2081.635,0.7202,1.0,1.0,-0.1626
2026-01-08 13:00:00,3152.69,3158.91,3151.76,3158.89,4863.526,15345992.927730002,3496.527,1366.999,2.5578,6.199999999999818,0.1967,2129.5280000000002,4863.526,2.5578,1.0,1.0,0.4379
2026-01-08 13:05:00,3158.89,3159.86,3155.49,3158.5,7746.1410000000005,24461203.77098,3538.633,4207.508,0.841,-0.38999999999987267,-0.0123,-668.875,7746.141,0.841,1.0,1.0,-0.0863
2026-01-08 13:10:00,3158.48,3158.5,3154.56,3154.93,2371.087,7483855.04351,825.684,1545.403,0.5343,-3.550000000000182,-0.1124,-719.719,2371.087,0.5343,1.0,1.0,-0.3035
2026-01-08 13:15:00,3154.93,3156.3,3154.0,3155.94,3291.432,10384788.82909,1282.109,2009.323,0.6381,1.0100000000002183,0.032,-727.2140000000002,3291.432,0.6381,1.0,1.0,-0.2209
2026-01-08 13:20:00,3155.94,3159.15,3155.86,3156.84,4142.053,13078555.41357,2499.918,1642.135,1.5224,0.900000000000091,0.0285,857.7830000000001,4142.053,1.5224,1.0,1.0,0.2071
2026-01-08 13:25:00,3156.83,3156.83,3152.37,3152.54,3805.136,12000695.271569999,1631.976,2173.16,0.751,-4.289999999999964,-0.1359,-541.1839999999997,3805.136,0.751,1.0,1.0,-0.1422
2026-01-08 13:30:00,3152.54,3153.0,3150.4,3151.01,3147.815,9920083.98394,1165.364,1982.451,0.5878,-1.5299999999997453,-0.0485,-817.087,3147.815,0.5878,1.0,1.0,-0.2596
2026-01-08 13:35:00,3151.01,3155.42,3149.0,3155.42,6065.579,19116018.02406,2915.478,3150.101,0.9255,4.4099999999998545,0.14,-234.62300000000005,6065.579,0.9255,1.0,1.0,-0.0387
2026-01-08 13:40:00,3155.41,3155.42,3145.64,3147.47,5687.016,17903615.83447,2794.497,2892.519,0.9661,-7.940000000000055,-0.2516,-98.02199999999993,5687.016,0.9661,1.0,1.0,-0.0172
2026-01-08 13:45:00,3147.46,3148.79,3143.03,3146.0,10176.107,32005734.35489,2871.77,7304.337,0.3932,-1.4600000000000364,-0.0464,-4432.567000000001,10176.107,0.3932,1.0,1.0,-0.4356
2026-01-08 13:50:00,3145.99,3146.77,3140.0,3142.85,9098.451,28592210.300309997,4127.715,4970.736,0.8304,-3.1399999999998727,-0.0998,-843.0209999999997,9098.451000000001,0.8304,1.0,1.0,-0.0927
2026-01-08 13:55:00,3142.85,3143.32,3140.76,3141.71,6739.538,21174859.194679998,2467.181,4272.357,0.5775,-1.1399999999998727,-0.0363,-1805.176,6739.5380000000005,0.5775,1.0,1.0,-0.2678
2026-01-08 14:00:00,3141.71,3144.99,3136.01,3137.53,10486.233,32937443.53268,5168.072,5318.161,0.9718,-4.179999999999836,-0.133,-150.08899999999994,10486.233,0.9718,1.0,1.0,-0.0143
2026-01-08 14:05:00,3137.53,3137.89,3123.93,3137.21,41944.452999999994,131297815.46278,20023.679,21920.774,0.9135,-0.3200000000001637,-0.0102,-1897.0950000000012,41944.453,0.9135,1.0,1.0,-0.0452
2026-01-08 14:10:00,3137.21,3138.0,3125.27,3130.66,23013.022,72035577.31209,10815.893,12197.129,0.8868,-6.550000000000182,-0.2088,-1381.2360000000008,23013.022,0.8868,1.0,1.0,-0.06
2026-01-08 14:15:00,3130.66,3130.66,3116.73,3120.26,46792.839,146069251.1723,15945.608,30847.231,0.5169,-10.399999999999636,-0.3322,-14901.623,46792.839,0.5169,1.0,1.0,-0.3185
2026-01-08 14:20:00,3120.27,3129.0,3111.7,3112.43,41304.795,128860942.22032,16908.424,24396.371,0.6931,-7.8400000000001455,-0.2513,-7487.947,41304.795,0.6931,1.0,1.0,-0.1813
2026-01-08 14:25:00,3112.43,3119.65,3111.23,3116.35,29800.273,92870042.03464,15002.584,14797.689,1.0138,3.9200000000000728,0.1259,204.89500000000044,29800.273,1.0138,1.0,1.0,0.0069
2026-01-08 14:30:00,3116.36,3121.43,3116.0,3118.66,13716.789999999999,42774672.48276,7332.769,6384.021,1.1486,2.299999999999727,0.0738,948.7480000000005,13716.79,1.1486,1.0,1.0,0.0692
2026-01-08 14:35:00,3118.65,3123.99,3113.48,3120.32,14482.380000000001,45170878.054519996,7217.373,7265.007,0.9934,1.6700000000000728,0.0535,-47.634000000000015,14482.38,0.9934,1.0,1.0,-0.0033
2026-01-08 14:40:00,3120.33,3122.45,3118.77,3120.01,5365.014,16742322.24861,2913.452,2451.562,1.1884,-0.31999999999970896,-0.0103,461.8900000000003,5365.014,1.1884,1.0,1.0,0.0861
2026-01-08 14:45:00,3120.01,3122.1,3117.31,3117.99,6033.574,18821272.75734,2690.189,3343.385,0.8046,-2.0200000000004366,-0.0647,-653.1960000000004,6033.5740000000005,0.8046,1.0,1.0,-0.1083
2026-01-08 14:50:00,3118.0,3119.1,3108.0,3112.79,33378.688,103912735.41582,13716.374,19662.314,0.6976,-5.210000000000036,-0.1671,-5945.939999999999,33378.687999999995,0.6976,1.0,1.0,-0.1781
2026-01-08 14:55:00,3112.8,3114.24,3102.54,3103.77,34432.828,106997639.65790999,14267.9,20164.844,0.7076,-9.0300000000002,-0.2901,-5896.944000000001,34432.744,0.7076,1.0,1.0,-0.1713
2026-01-08 15:00:00,3103.77,3111.0,3088.01,3099.9,98565.874,305360196.87803996,43327.007,55238.867,0.7844,-3.869999999999891,-0.1247,-11911.86,98565.874,0.7844,1.0,1.0,-0.1209
2026-01-08 15:05:00,3099.9,3105.4,3098.0,3102.44,29398.028000000002,91190311.82833,15113.153,14284.875,1.058,2.5399999999999636,0.0819,828.2780000000002,29398.028,1.058,1.0,1.0,0.0282
2026-01-08 15:10:00,3102.45,3109.77,3102.06,3109.24,15722.132,48838077.51692,11031.017,4691.115,2.3515,6.789999999999964,0.2189,6339.902,15722.132,2.3515,1.0,1.0,0.4032
2026-01-08 15:15:00,3109.23,3114.48,3106.47,3113.33,16865.610999999997,52472086.511539996,11675.367,5190.244,2.2495,4.099999999999909,0.1319,6485.1230000000005,16865.611,2.2495,1.0,1.0,0.3845
2026-01-08 15:20:00,3113.33,3120.68,3111.77,3117.74,14976.164999999999,46670868.16766,9659.005,5317.16,1.8166,4.4099999999998545,0.1416,4341.844999999999,14976.164999999999,1.8166,1.0,1.0,0.2899
2026-01-08 15:25:00,3117.75,3120.85,3117.75,3119.77,9476.771999999999,29559116.51754,5309.847,4166.925,1.2743,2.019999999999982,0.0648,1142.9219999999996,9476.772,1.2743,1.0,1.0,0.1206
2026-01-08 15:30:00,3119.79,3123.6,3116.35,3122.5,10867.288999999999,33914157.832320005,5626.154,5241.135,1.0735,2.7100000000000364,0.0869,385.01900000000023,10867.289,1.0735,1.0,1.0,0.0354
2026-01-08 15:35:00,3122.51,3127.4,3121.49,3123.72,14495.211000000001,45282067.47958,8727.438,5767.773,1.5131,1.2099999999995816,0.0388,2959.665,14495.211,1.5131,1.0,1.0,0.2042
2026-01-08 15:40:00,3123.72,3131.0,3122.45,3128.4,18879.506999999998,59056786.43603,11243.436,7636.071,1.4724,4.680000000000291,0.1498,3607.365,18879.506999999998,1.4724,1.0,1.0,0.1911
2026-01-08 15:45:00,3128.4,3129.8,3124.54,3125.84,11158.56,34893467.400120005,4439.064,6719.496,0.6606,-2.5599999999999454,-0.0818,-2280.432,11158.560000000001,0.6606,1.0,1.0,-0.2044
2026-01-08 15:50:00,3125.84,3128.0,3125.29,3126.0,5190.433,16228874.6434,2368.139,2822.294,0.8391,0.15999999999985448,0.0051,-454.15499999999975,5190.433,0.8391,1.0,1.0,-0.0875
2026-01-08 15:55:00,3125.99,3127.0,3123.25,3125.81,5834.356,18234312.87617,2857.915,2974.896,0.9607,-0.1799999999998363,-0.0058,-116.98100000000022,5832.811,0.9607,1.0003,0.9997,-0.0201
2026-01-08 16:00:00,3125.81,3129.0,3124.3,3127.95,5692.921,17797348.56041,2830.591,2862.33,0.9889,2.1399999999998727,0.0685,-31.739000000000033,5692.921,0.9889,1.0,1.0,-0.0056
2026-01-08 16:05:00,3127.99,3132.98,3125.37,3127.46,9981.02,31222413.71079,4076.322,5904.698,0.6904,-0.5299999999997453,-0.0169,-1828.3760000000002,9981.02,0.6904,1.0,1.0,-0.1832
2026-01-08 16:10:00,3127.46,3131.52,3125.34,3130.55,4588.613,14356092.021049999,1878.019,2710.594,0.6928,3.0900000000001455,0.0988,-832.575,4588.613,0.6928,1.0,1.0,-0.1814
2026-01-08 16:15:00,3130.56,3133.45,3128.02,3130.41,8234.691,25780588.70732,4183.95,4050.741,1.0329,-0.15000000000009095,-0.0048,133.20899999999983,8234.690999999999,1.0329,1.0,1.0,0.0162
2026-01-08 16:20:00,3130.41,3131.56,3126.9,3131.0,5798.559,18142579.29855,3114.226,2684.333,1.1601,0.5900000000001455,0.0188,429.89300000000003,5798.559,1.1601,1.0,1.0,0.0741
2026-01-08 16:25:00,3130.99,3133.0,3130.13,3131.62,7669.8910000000005,24018683.553439997,4473.735,3196.156,1.3997,0.6300000000001091,0.0201,1277.5789999999997,7669.891,1.3997,1.0,1.0,0.1666
2026-01-08 16:30:00,3131.61,3135.58,3122.38,3125.35,15377.869999999999,48093360.85956,6308.523,9069.347,0.6956,-6.260000000000218,-0.1999,-2760.8239999999996,15377.869999999999,0.6956,1.0,1.0,-0.1795
2026-01-08 16:35:00,3125.35,3126.36,3122.0,3122.9,5678.707,17739642.526249997,1959.639,3719.068,0.5269,-2.449999999999818,-0.0784,-1759.4290000000003,5678.707,0.5269,1.0,1.0,-0.3098
2026-01-08 16:40:00,3122.9,3123.9,3121.95,3123.32,4426.585,13824483.35249,1776.432,2650.153,0.6703,0.42000000000007276,0.0134,-873.7209999999998,4426.585,0.6703,1.0,1.0,-0.1974
2026-01-08 16:45:00,3123.33,3123.86,3117.12,3118.91,11659.885,36382401.50339,2844.894,8814.991,0.3227,-4.420000000000073,-0.1415,-5970.097,11659.885,0.3227,1.0,1.0,-0.512
2026-01-08 16:50:00,3118.9,3119.59,3111.25,3113.7,11561.671,36018361.02129,4705.655,6856.016,0.6864,-5.200000000000273,-0.1667,-2150.361,11561.670999999998,0.6864,1.0,1.0,-0.186
2026-01-08 16:55:00,3113.71,3116.75,3112.0,3114.8,6233.298,19410564.8853,3474.057,2759.241,1.2591,1.0900000000001455,0.035,714.8159999999998,6233.298,1.2591,1.0,1.0,0.1147
2026-01-08 17:00:00,3114.8,3116.49,3108.09,3115.65,15040.021,46808588.54556,7027.076,8012.945,0.877,0.849999999999909,0.0273,-985.8689999999997,15040.021,0.877,1.0,1.0,-0.0655
2026-01-08 17:05:00,3115.65,3122.88,3113.6,3121.49,12030.711000000001,37521158.775240004,9217.818,2812.893,3.277,5.839999999999691,0.1874,6404.924999999999,12030.711,3.277,1.0,1.0,0.5324
2026-01-08 17:10:00,3121.49,3121.75,3118.75,3118.96,3293.201,10275136.5615,1333.501,1959.7,0.6805,-2.5299999999997453,-0.0811,-626.1990000000001,3293.201,0.6805,1.0,1.0,-0.1901
2026-01-08 17:15:00,3118.95,3119.11,3112.55,3113.09,3856.4809999999998,12018719.9393,1530.75,2325.731,0.6582,-5.859999999999673,-0.1879,-794.9810000000002,3856.481,0.6582,1.0,1.0,-0.2061
2026-01-08 17:20:00,3113.1,3113.79,3106.0,3109.66,13835.917,43019243.22698,6051.064,7784.853,0.7773,-3.4400000000000546,-0.1105,-1733.7889999999998,13835.917000000001,0.7773,1.0,1.0,-0.1253
2026-01-08 17:25:00,3109.65,3111.68,3104.61,3105.12,10476.909,32557868.54392,4298.682,6178.227,0.6958,-4.5300000000002,-0.1457,-1879.545,10476.909,0.6958,1.0,1.0,-0.1794
2026-01-08 17:30:00,3105.13,3111.33,3103.25,3110.6,12645.124,39292137.27009,7279.499,5365.625,1.3567,5.4699999999998,0.1762,1913.8739999999998,12645.124,1.3567,1.0,1.0,0.1514
2026-01-08 17:35:00,3110.6,3112.25,3106.74,3108.95,8602.235,26742627.68681,2956.932,5645.303,0.5238,-1.650000000000091,-0.053,-2688.371,8602.235,0.5238,1.0,1.0,-0.3125
2026-01-08 17:40:00,3108.95,3112.91,3106.79,3112.36,4210.498,13092340.87672,2717.44,1493.058,1.82,3.4100000000003092,0.1097,1224.382,4210.498,1.82,1.0,1.0,0.2908
2026-01-08 17:45:00,3112.36,3114.75,3109.5,3114.65,4942.4259999999995,15385668.22796,3438.872,1503.554,2.2872,2.2899999999999636,0.0736,1935.3179999999998,4942.4259999999995,2.2872,1.0,1.0,0.3916
2026-01-08 17:50:00,3114.65,3116.55,3111.84,3113.15,4472.009,13928073.49496,2218.859,2253.15,0.9848,-1.5,-0.0482,-34.29100000000017,4472.009,0.9848,1.0,1.0,-0.0077
2026-01-08 17:55:00,3113.14,3114.04,3108.05,3110.25,5875.961,18274197.68043,1435.364,4440.597,0.3232,-2.8899999999998727,-0.0928,-3005.2329999999997,5875.960999999999,0.3232,1.0,1.0,-0.5114
2026-01-08 18:00:00,3110.25,3110.94,3094.0,3100.53,35710.263,110691731.19759999,11403.356,24306.907,0.4691,-9.7199999999998,-0.3125,-12903.551,35710.263,0.4691,1.0,1.0,-0.3613
2026-01-08 18:05:00,3100.53,3111.06,3099.21,3105.91,15729.242,48861286.12226,10368.679,5360.563,1.9343,5.379999999999654,0.1735,5008.116,15729.242,1.9343,1.0,1.0,0.3184
2026-01-08 18:10:00,3105.91,3108.48,3104.1,3107.01,9277.339,28813967.552,4017.705,5259.634,0.7639,1.1000000000003638,0.0354,-1241.929,9277.339,0.7639,1.0,1.0,-0.1339
2026-01-08 18:15:00,3107.01,3110.6,3105.51,3108.95,4401.279,13679829.16716,3029.679,1371.6,2.2089,1.9399999999995998,0.0624,1658.0790000000002,4401.279,2.2089,1.0,1.0,0.3767
2026-01-08 18:20:00,3108.95,3117.16,3107.08,3115.85,10752.759,33473506.63926,7008.778,3743.981,1.872,6.900000000000091,0.2219,3264.797,10752.759,1.872,1.0,1.0,0.3036
2026-01-08 18:25:00,3115.85,3118.63,3114.04,3115.63,6615.697,20614713.18964,3191.228,3424.469,0.9319,-0.2199999999997999,-0.0071,-233.24099999999999,6615.697,0.9319,1.0,1.0,-0.0353
2026-01-08 18:30:00,3115.62,3119.74,3115.33,3119.16,7197.948,22443142.45577,4625.8,2572.148,1.7984,3.5399999999999636,0.1136,2053.652,7197.948,1.7984,1.0,1.0,0.2853
2026-01-08 18:35:00,3119.15,3122.43,3115.71,3116.75,9363.375,29209259.34676,5032.024,4331.351,1.1618,-2.400000000000091,-0.0769,700.6730000000007,9363.375,1.1618,1.0,1.0,0.0748
2026-01-08 18:40:00,3116.76,3118.26,3115.7,3116.77,2571.731,8016079.55539,915.509,1656.222,0.5528,0.009999999999763531,0.0003,-740.713,2571.7309999999998,0.5528,1.0,1.0,-0.288
2026-01-08 18:45:00,3116.77,3121.28,3116.76,3119.81,4717.062,14715319.77513,2436.443,2280.619,1.0683,3.0399999999999636,0.0975,155.82400000000007,4717.062,1.0683,1.0,1.0,0.033
2026-01-08 18:50:00,3119.82,3125.0,3119.26,3125.0,10183.530999999999,31803342.33321,7365.702,2817.829,2.614,5.179999999999836,0.166,4547.873,10183.531,2.614,1.0,1.0,0.4466
2026-01-08 18:55:00,3124.99,3132.0,3123.56,3126.64,31308.084,97945950.80298,20322.68,10985.404,1.85,1.650000000000091,0.0528,9337.276,31308.084000000003,1.85,1.0,1.0,0.2982
2026-01-08 19:00:00,3126.65,3129.9,3125.42,3128.15,9946.192,31107763.15006,3805.264,6140.928,0.6197,1.5,0.048,-2335.6639999999998,9946.192,0.6197,1.0,1.0,-0.2348
2026-01-08 19:05:00,3128.15,3128.16,3119.8,3121.0,14282.084,44593016.68083,3941.425,10340.659,0.3812,-7.150000000000091,-0.2286,-6399.2339999999995,14282.083999999999,0.3812,1.0,1.0,-0.4481
2026-01-08 19:10:00,3120.99,3122.61,3120.0,3121.71,4376.338,13659703.838140002,2423.767,1952.571,1.2413,0.7200000000002547,0.0231,471.1959999999999,4376.338,1.2413,1.0,1.0,0.1077
2026-01-08 19:15:00,3121.71,3124.67,3121.25,3124.67,4073.383,12719976.95813,2719.971,1353.412,2.0097,2.9600000000000364,0.0948,1366.559,4073.383,2.0097,1.0,1.0,0.3355
2026-01-08 19:20:00,3124.66,3124.67,3112.62,3119.9,12157.188,37903995.74608,4650.168,7507.02,0.6194,-4.7599999999997635,-0.1523,-2856.8520000000008,12157.188,0.6194,1.0,1.0,-0.235
2026-01-08 19:25:00,3119.9,3121.95,3118.37,3120.46,5230.19,16319565.52327,3784.67,1445.52,2.6182,0.5599999999999454,0.0179,2339.15,5230.1900000000005,2.6182,1.0,1.0,0.4472
2026-01-08 19:30:00,3120.45,3121.0,3114.58,3117.57,6105.889,19034514.23905,3022.279,3083.61,0.9801,-2.8799999999996544,-0.0923,-61.33100000000013,6105.889,0.9801,1.0,1.0,-0.01
2026-01-08 19:35:00,3117.57,3117.68,3110.88,3111.98,7362.657,22922646.22051,3259.175,4103.482,0.7942,-5.5900000000001455,-0.1793,-844.3069999999998,7362.657,0.7942,1.0,1.0,-0.1147
2026-01-08 19:40:00,3112.0,3118.4,3110.86,3112.81,5751.808,17915946.94312,2986.597,2765.211,1.0801,0.8099999999999454,0.026,221.38600000000042,5751.808,1.0801,1.0,1.0,0.0385
2026-01-08 19:45:00,3112.81,3115.1,3111.42,3114.75,7639.439,23782702.48545,3166.839,4472.6,0.7081,1.9400000000000546,0.0623,-1305.7610000000004,7639.439,0.7081,1.0,1.0,-0.1709
2026-01-08 19:50:00,3114.75,3119.43,3114.74,3115.53,4378.023,13647536.60187,2893.204,1484.819,1.9485,0.7800000000002001,0.025,1408.3850000000002,4378.023,1.9485,1.0,1.0,0.3217
2026-01-08 19:55:00,3115.52,3119.13,3115.26,3118.96,3401.365,10602677.87929,1878.196,1523.169,1.2331,3.4400000000000546,0.1104,355.0269999999998,3401.365,1.2331,1.0,1.0,0.1044
2026-01-08 20:00:00,3118.96,3119.36,3112.53,3115.62,5418.0960000000005,16884824.51788,1919.51,3498.586,0.5487,-3.3400000000001455,-0.1071,-1579.0759999999998,5418.096,0.5487,1.0,1.0,-0.2914
2026-01-08 20:05:00,3115.61,3118.48,3102.19,3105.14,22459.52,69780398.35278,7502.294,14957.226,0.5016,-10.470000000000255,-0.336,-7454.932000000001,22459.52,0.5016,1.0,1.0,-0.3319
2026-01-08 20:10:00,3105.14,3105.84,3092.0,3101.85,50388.007,156181785.6969,19937.947,30450.06,0.6548,-3.2899999999999636,-0.106,-10512.113000000001,50388.007,0.6548,1.0,1.0,-0.2086
2026-01-08 20:15:00,3101.85,3105.0,3098.0,3101.9,13263.351999999999,41142228.84179,7090.227,6173.125,1.1486,0.0500000000001819,0.0016,917.1019999999999,13263.351999999999,1.1486,1.0,1.0,0.0691
2026-01-08 20:20:00,3101.9,3106.3,3100.68,3105.26,10192.727,31636167.449920002,6386.885,3805.842,1.6782,3.3600000000001273,0.1083,2581.043,10192.727,1.6782,1.0,1.0,0.2532
2026-01-08 20:25:00,3105.25,3106.65,3102.62,3104.99,4445.736,13803373.76856,1898.048,2547.688,0.745,-0.2600000000002183,-0.0084,-649.6400000000001,4445.736,0.745,1.0,1.0,-0.1461
2026-01-08 20:30:00,3104.98,3107.18,3092.0,3093.4,24902.882,77161290.09277001,8485.672,16417.21,0.5169,-11.579999999999927,-0.3729,-7931.537999999999,24902.881999999998,0.5169,1.0,1.0,-0.3185
2026-01-08 20:35:00,3093.39,3094.79,3083.17,3092.68,48942.926999999996,151197420.52635,22836.601,26106.326,0.8748,-0.7100000000000364,-0.023,-3269.725000000002,48942.926999999996,0.8748,1.0,1.0,-0.0668
2026-01-08 20:40:00,3092.67,3099.97,3090.61,3097.52,17727.787,54888619.08743,11707.032,6020.755,1.9444,4.849999999999909,0.1568,5686.276999999999,17727.787,1.9444,1.0,1.0,0.3208
2026-01-08 20:45:00,3097.52,3100.5,3095.4,3100.39,7129.077,22089536.03032,3705.031,3424.046,1.0821,2.869999999999891,0.0927,280.9850000000001,7129.076999999999,1.0821,1.0,1.0,0.0394
2026-01-08 20:50:00,3100.39,3102.68,3091.1,3091.95,13867.401,42946677.29842,3765.231,10102.17,0.3727,-8.440000000000055,-0.2722,-6336.939,13867.401,0.3727,1.0,1.0,-0.457
2026-01-08 20:55:00,3091.95,3096.0,3091.95,3094.0,4498.285,13919884.70452,2269.647,2228.638,1.0184,2.050000000000182,0.0663,41.009000000000015,4498.285,1.0184,1.0,1.0,0.0091
2026-01-08 21:00:00,3094.0,3097.35,3093.31,3095.91,4549.838,14084688.51543,2717.658,1832.18,1.4833,1.9099999999998545,0.0617,885.4779999999998,4549.838,1.4833,1.0,1.0,0.1946
2026-01-08 21:05:00,3095.91,3097.5,3094.1,3096.05,3107.473,9620557.3567,1362.097,1745.376,0.7804,0.14000000000032742,0.0045,-383.279,3107.473,0.7804,1.0,1.0,-0.1233
2026-01-08 21:10:00,3096.06,3098.04,3094.08,3094.09,3385.513,10483099.44616,1486.035,1899.478,0.7823,-1.9699999999998,-0.0636,-413.443,3385.513,0.7823,1.0,1.0,-0.1221
2026-01-08 21:15:00,3094.08,3099.59,3091.75,3095.41,7435.227,23018395.42423,3862.526,3572.701,1.0811,1.3299999999999272,0.043,289.8249999999998,7435.227,1.0811,1.0,1.0,0.039
2026-01-08 21:20:00,3095.4,3098.86,3094.68,3098.18,3714.446,11504509.66163,2475.331,1239.115,1.9977,2.7799999999997453,0.0898,1236.2160000000001,3714.446,1.9977,1.0,1.0,0.3328
2026-01-08 21:25:00,3098.19,3099.0,3096.5,3098.43,4719.9839999999995,14622125.91298,3103.05,1616.934,1.9191,0.23999999999978172,0.0077,1486.1160000000002,4719.984,1.9191,1.0,1.0,0.3149
2026-01-08 21:30:00,3098.43,3101.83,3091.1,3093.58,11076.701000000001,34300652.69406,5276.714,5799.987,0.9098,-4.849999999999909,-0.1565,-523.2730000000001,11076.701000000001,0.9098,1.0,1.0,-0.0472
2026-01-08 21:35:00,3093.58,3096.48,3088.0,3095.64,11053.332,34171815.0131,3929.174,7124.158,0.5515,2.0599999999999454,0.0666,-3194.9840000000004,11053.332,0.5515,1.0,1.0,-0.2891
2026-01-08 21:40:00,3095.64,3098.88,3093.32,3097.79,5417.548,16776345.41553,2854.117,2563.431,1.1134,2.150000000000091,0.0695,290.68600000000015,5417.548000000001,1.1134,1.0,1.0,0.0537
2026-01-08 21:45:00,3097.8,3099.78,3094.26,3095.02,5520.531,17098692.411930002,1814.716,3705.815,0.4897,-2.7800000000002,-0.0897,-1891.0990000000002,5520.531,0.4897,1.0,1.0,-0.3426
2026-01-08 21:50:00,3095.02,3095.03,3090.32,3094.3,5131.171,15871791.061379999,2281.513,2849.658,0.8006,-0.7199999999997999,-0.0233,-568.145,5131.171,0.8006,1.0,1.0,-0.1107
2026-01-08 21:55:00,3094.29,3096.37,3092.69,3095.25,3120.36,9657622.07387,1935.157,1185.203,1.6328,0.9600000000000364,0.031,749.954,3120.3599999999997,1.6328,1.0,1.0,0.2403
2026-01-08 22:00:00,3095.24,3095.25,3080.01,3082.01,28597.145000000004,88239462.79313001,7794.311,20802.834,0.3747,-13.229999999999563,-0.4274,-13008.523,28597.144999999997,0.3747,1.0,1.0,-0.4549
2026-01-08 22:05:00,3082.0,3089.66,3072.23,3089.26,58404.107,179882898.23452,25780.78,32623.327,0.7903,7.260000000000218,0.2356,-6842.547000000002,58404.107,0.7903,1.0,1.0,-0.1172
2026-01-08 22:10:00,3089.27,3092.91,3089.13,3091.73,12170.165,37621632.901250005,6721.551,5448.614,1.2336,2.4600000000000364,0.0796,1272.9370000000008,12170.165,1.2336,1.0,1.0,0.1046
2026-01-08 22:15:00,3091.74,3092.13,3086.0,3086.21,7790.845,24071213.727289997,2351.416,5439.429,0.4323,-5.529999999999745,-0.1789,-3088.013,7790.845,0.4323,1.0,1.0,-0.3964
2026-01-08 22:20:00,3086.2,3087.25,3079.04,3083.54,17327.494,53411532.675620005,8615.004,8712.49,0.9888,-2.6599999999998545,-0.0862,-97.48599999999897,17327.494,0.9888,1.0,1.0,-0.0056
2026-01-08 22:25:00,3083.54,3083.67,3062.71,3078.0,77366.156,237695235.80189002,32211.017,45155.139,0.7133,-5.539999999999964,-0.1797,-12944.122000000003,77366.156,0.7133,1.0,1.0,-0.1673
2026-01-08 22:30:00,3078.0,3082.69,3064.0,3080.02,68558.345,210639143.19878,33291.066,35267.279,0.944,2.019999999999982,0.0656,-1976.2130000000034,68558.345,0.944,1.0,1.0,-0.0288
2026-01-08 22:35:00,3080.0,3084.0,3065.69,3065.94,30854.734,94891306.18432,13114.671,17740.063,0.7393,-14.059999999999945,-0.4565,-4625.391999999998,30854.733999999997,0.7393,1.0,1.0,-0.1499
2026-01-08 22:40:00,3065.95,3079.67,3057.0,3057.47,71013.436,217597371.02547,31293.864,39719.572,0.7879,-8.480000000000018,-0.2766,-8425.707999999999,71013.436,0.7879,1.0,1.0,-0.1186
2026-01-08 22:45:00,3057.47,3080.61,3052.48,3076.37,83676.784,256490332.78049,41744.566,41932.218,0.9955,18.90000000000009,0.6182,-187.65200000000186,83676.784,0.9955,1.0,1.0,-0.0022
2026-01-08 22:50:00,3076.37,3086.96,3072.5,3077.36,43194.334,133077671.03873,26574.841,16619.493,1.599,0.9900000000002365,0.0322,9955.348000000002,43194.334,1.599,1.0,1.0,0.2305
2026-01-08 22:55:00,3077.36,3080.77,3070.6,3075.8,16242.671,49952614.32074,6720.645,9522.026,0.7058,-1.5599999999999454,-0.0507,-2801.3809999999994,16242.671,0.7058,1.0,1.0,-0.1725
2026-01-08 23:00:00,3075.8,3075.8,3065.31,3070.0,22961.225,70473599.58651,10758.82,12202.405,0.8817,-5.800000000000182,-0.1886,-1443.585000000001,22961.225,0.8817,1.0,1.0,-0.0629
2026-01-08 23:05:00,3069.99,3086.77,3068.88,3084.94,27192.49,83792534.60600999,15784.527,11407.963,1.3836,14.950000000000273,0.487,4376.564,27192.489999999998,1.3836,1.0,1.0,0.1609
2026-01-08 23:10:00,3084.93,3090.4,3078.61,3083.65,24789.144,76489764.23103,13363.409,11425.735,1.1696,-1.2799999999997453,-0.0415,1937.673999999999,24789.144,1.1696,1.0,1.0,0.0782
2026-01-08 23:15:00,3083.65,3094.81,3081.56,3090.4,28918.751,89353953.69248,15605.739,13312.012,1.1723,6.75,0.2189,2293.726999999999,28917.751,1.1723,1.0,1.0,0.0793
2026-01-08 23:20:00,3090.4,3106.93,3088.71,3101.25,51886.433999999994,160701068.71092,30292.69,21594.744,1.4028,10.849999999999909,0.3511,8697.946,51887.433999999994,1.4028,1.0,1.0,0.1676
2026-01-08 23:25:00,3101.24,3105.69,3098.0,3101.69,28622.307,88762188.77288,11998.422,16623.885,0.7218,0.45000000000027285,0.0145,-4625.462999999998,28622.307,0.7218,1.0,1.0,-0.1616
2026-01-08 23:30:00,3101.69,3105.57,3094.17,3094.65,23700.489,73443023.50184,9896.974,13803.515,0.717,-7.039999999999964,-0.227,-3906.5409999999993,23700.489,0.717,1.0,1.0,-0.1648
2026-01-08 23:35:00,3094.64,3095.88,3088.0,3094.54,16590.224,51291453.85764,6904.082,9686.142,0.7128,-0.09999999999990905,-0.0032,-2782.0599999999995,16590.224000000002,0.7128,1.0,1.0,-0.1677
2026-01-08 23:40:00,3094.54,3111.0,3093.56,3094.63,33479.543,103923333.1083,19102.051,14377.492,1.3286,0.09000000000014552,0.0029,4724.558999999999,33479.543,1.3286,1.0,1.0,0.1411
2026-01-08 23:45:00,3094.63,3095.36,3084.42,3092.29,32605.793,100741742.33559999,16824.65,15781.143,1.0661,-2.3400000000001455,-0.0756,1043.5070000000014,32605.793,1.0661,1.0,1.0,0.032
2026-01-08 23:50:00,3092.28,3099.0,3091.01,3091.55,13712.648,42435650.257419996,7014.591,6698.057,1.0473,-0.7300000000000182,-0.0236,316.53400000000056,13712.648000000001,1.0473,1.0,1.0,0.0231
2026-01-08 23:55:00,3091.56,3104.37,3090.83,3102.5,18289.394,56647845.167119995,10497.565,7791.829,1.3473,10.940000000000055,0.3539,2705.736000000001,18289.394,1.3473,1.0,1.0,0.1479
2026-01-09 00:00:00,3102.46,3106.8,3098.0,3098.06,26953.084,83640434.74186,11626.983,15326.101,0.7586,-4.400000000000091,-0.1418,-3699.1180000000004,26953.084000000003,0.7586,1.0,1.0,-0.1372
2026-01-09 00:05:00,3098.05,3105.0,3096.48,3098.0,12736.34,39485876.071490005,7534.577,5201.763,1.4485,-0.0500000000001819,-0.0016,2332.8140000000003,12736.34,1.4485,1.0,1.0,0.1832
2026-01-09 00:10:00,3097.99,3102.0,3094.68,3097.05,12714.937,39387003.87445,4939.128,7775.809,0.6352,-0.9399999999995998,-0.0303,-2836.6810000000005,12714.937,0.6352,1.0,1.0,-0.2231
2026-01-09 00:15:00,3097.06,3098.67,3090.92,3094.23,12735.576,39411305.09411,5397.762,7337.814,0.7356,-2.8299999999999272,-0.0914,-1940.0520000000006,12735.576000000001,0.7356,1.0,1.0,-0.1523
2026-01-09 00:20:00,3094.24,3099.24,3092.1,3097.36,10874.465,33672178.883829996,6776.146,4098.319,1.6534,3.1200000000003456,0.1008,2677.8269999999993,10874.465,1.6534,1.0,1.0,0.2462
2026-01-09 00:25:00,3097.35,3100.52,3094.01,3099.64,3697.483,11454053.36267,1636.926,2060.557,0.7944,2.2899999999999636,0.0739,-423.63099999999986,3697.4829999999997,0.7944,1.0,1.0,-0.1146
2026-01-09 00:30:00,3099.64,3101.43,3093.66,3096.04,7226.508,22390525.72764,2591.829,4634.679,0.5592,-3.599999999999909,-0.1161,-2042.85,7226.508,0.5592,1.0,1.0,-0.2827
2026-01-09 00:35:00,3096.04,3098.89,3088.59,3095.39,15319.758,47385661.7198,9263.378,6056.38,1.5295,-0.650000000000091,-0.021,3206.9980000000005,15319.758000000002,1.5295,1.0,1.0,0.2093
2026-01-09 00:40:00,3095.39,3112.99,3093.62,3108.12,20676.881999999998,64248934.58563,11605.074,9071.808,1.2792,12.730000000000018,0.4113,2533.2659999999996,20676.882,1.2792,1.0,1.0,0.1225
2026-01-09 00:45:00,3108.13,3119.69,3108.05,3115.77,28674.273999999998,89302907.45594001,16602.11,12072.164,1.3752,7.639999999999873,0.2458,4529.946,28674.274,1.3752,1.0,1.0,0.158
2026-01-09 00:50:00,3115.76,3117.9,3111.1,3112.75,12450.719000000001,38774808.44061,5053.743,7396.976,0.6832,-3.0100000000002183,-0.0966,-2343.2329999999993,12450.719000000001,0.6832,1.0,1.0,-0.1882
2026-01-09 00:55:00,3112.75,3122.17,3111.84,3120.18,11225.343,34989295.34925,6447.786,4777.557,1.3496,7.429999999999836,0.2387,1670.2290000000003,11225.343,1.3496,1.0,1.0,0.1488
2026-01-09 01:00:00,3120.19,3127.45,3118.4,3124.0,29599.379,92448516.61902,16551.955,13047.424,1.2686,3.8099999999999454,0.1221,3504.531000000001,29599.379,1.2686,1.0,1.0,0.1184
2026-01-09 01:05:00,3124.0,3127.5,3117.04,3123.32,21859.023999999998,68252592.34373,10638.77,11220.254,0.9482,-0.6799999999998363,-0.0218,-581.4840000000004,21859.024,0.9482,1.0,1.0,-0.0266
2026-01-09 01:10:00,3123.32,3124.68,3119.5,3122.73,8776.416,27402118.69405,3963.109,4813.307,0.8234,-0.5900000000001455,-0.0189,-850.1979999999999,8776.416,0.8234,1.0,1.0,-0.0969
2026-01-09 01:15:00,3122.73,3123.73,3116.0,3118.44,10627.887,33151027.714,3970.549,6657.338,0.5964,-4.289999999999964,-0.1374,-2686.7889999999998,10627.886999999999,0.5964,1.0,1.0,-0.2528
2026-01-09 01:20:00,3118.45,3123.0,3116.27,3117.4,7277.884,22697396.35426,2971.405,4306.479,0.69,-1.0499999999997272,-0.0337,-1335.074,7277.884,0.69,1.0,1.0,-0.1834
2026-01-09 01:25:00,3117.41,3117.86,3108.9,3111.33,19529.412,60786563.91425,7373.506,12155.906,0.6066,-6.079999999999927,-0.195,-4782.400000000001,19529.412,0.6066,1.0,1.0,-0.2449
2026-01-09 01:30:00,3111.35,3118.23,3111.35,3117.42,9130.258,28438855.20338,6481.958,2648.3,2.4476,6.070000000000164,0.1951,3833.6579999999994,9130.258,2.4476,1.0,1.0,0.4199
2026-01-09 01:35:00,3117.41,3120.0,3114.86,3119.84,4510.23,14060550.382509999,1946.938,2563.292,0.7595,2.430000000000291,0.0779,-616.3539999999998,4510.23,0.7595,1.0,1.0,-0.1367
2026-01-09 01:40:00,3119.85,3121.55,3119.0,3120.55,4301.869,13422341.95618,2442.027,1859.842,1.313,0.7000000000002728,0.0224,582.185,4301.869000000001,1.313,1.0,1.0,0.1353
2026-01-09 01:45:00,3120.55,3128.0,3120.49,3123.48,13524.932,42262389.28052,8561.917,4963.015,1.7251,2.9299999999998363,0.0939,3598.901999999999,13524.932,1.7251,1.0,1.0,0.2661
2026-01-09 01:50:00,3123.49,3133.68,3123.48,3132.48,19672.576999999997,61585769.423930004,12562.74,7109.837,1.767,8.990000000000236,0.2878,5452.902999999999,19672.577,1.767,1.0,1.0,0.2772
2026-01-09 01:55:00,3132.48,3137.97,3130.58,3133.49,25115.013,78725167.95698,18202.702,6912.311,2.6334,1.0099999999997635,0.0322,11290.391000000001,25115.013,2.6334,1.0,1.0,0.4495
2026-01-09 02:00:00,3133.48,3133.93,3129.44,3129.82,6202.7080000000005,19425861.78953,2579.227,3623.481,0.7118,-3.6599999999998545,-0.1168,-1044.2540000000004,6202.7080000000005,0.7118,1.0,1.0,-0.1684
2026-01-09 02:05:00,3129.8,3130.96,3125.49,3128.99,12992.747000000001,40642655.81588,3205.551,9787.196,0.3275,-0.8100000000004002,-0.0259,-6581.645,12992.747,0.3275,1.0,1.0,-0.5066
2026-01-09 02:10:00,3128.99,3129.0,3121.25,3121.39,10528.458,32888819.61603,4316.952,6211.506,0.695,-7.599999999999909,-0.2429,-1894.554,10528.458,0.695,1.0,1.0,-0.1799
2026-01-09 02:15:00,3121.4,3126.43,3118.92,3126.43,8394.607,26203887.26335,4801.162,3593.445,1.3361,5.029999999999745,0.1611,1207.717,8394.607,1.3361,1.0,1.0,0.1439
2026-01-09 02:20:00,3126.43,3128.09,3120.19,3120.67,7944.992,24819939.55698,2349.538,5595.454,0.4199,-5.7599999999997635,-0.1842,-3245.9159999999997,7944.992,0.4199,1.0,1.0,-0.4085
2026-01-09 02:25:00,3120.67,3124.29,3120.66,3123.31,2344.391,7320106.21002,1114.382,1230.009,0.906,2.6399999999998727,0.0846,-115.62699999999995,2344.391,0.906,1.0,1.0,-0.0493
2026-01-09 02:30:00,3123.31,3128.32,3121.4,3121.96,9446.427,29528613.123,7600.848,1845.579,4.1184,-1.349999999999909,-0.0432,5755.269,9446.427,4.1184,1.0,1.0,0.6093
2026-01-09 02:35:00,3121.96,3125.95,3121.71,3121.71,5724.74,17881570.64731,3577.103,2147.637,1.6656,-0.25,-0.008,1429.466,5724.74,1.6656,1.0,1.0,0.2497
2026-01-09 02:40:00,3121.72,3122.4,3116.6,3119.0,15279.946,47653330.74819,7589.185,7690.761,0.9868,-2.7199999999998,-0.0871,-101.57600000000002,15279.946,0.9868,1.0,1.0,-0.0066
2026-01-09 02:45:00,3119.0,3122.65,3117.3,3121.34,6410.839,19997455.70819,3114.207,3296.632,0.9447,2.3400000000001455,0.075,-182.42500000000018,6410.839,0.9447,1.0,1.0,-0.0285
2026-01-09 02:50:00,3121.35,3123.22,3118.52,3121.13,6846.599,21369075.89895,4408.629,2437.97,1.8083,-0.2199999999997999,-0.007,1970.659,6846.599,1.8083,1.0,1.0,0.2878
2026-01-09 02:55:00,3121.1,3121.1,3113.01,3118.61,13740.211,42824765.504319996,4222.091,9518.12,0.4436,-2.4899999999997817,-0.0798,-5296.029,13740.211000000001,0.4436,1.0,1.0,-0.3854
2026-01-09 03:00:00,3118.61,3121.57,3114.97,3121.0,3482.391,10858028.98094,2154.459,1327.932,1.6224,2.3899999999998727,0.0766,826.5269999999998,3482.3909999999996,1.6224,1.0,1.0,0.2373
2026-01-09 03:05:00,3121.0,3127.46,3120.99,3123.32,7775.664,24295022.251289997,3581.168,4194.496,0.8538,2.3200000000001637,0.0743,-613.328,7775.664000000001,0.8538,1.0,1.0,-0.0789
2026-01-09 03:10:00,3123.31,3125.57,3120.75,3122.46,2449.155,7650799.06128,1660.732,788.423,2.1064,-0.849999999999909,-0.0272,872.309,2449.1549999999997,2.1064,1.0,1.0,0.3562
2026-01-09 03:15:00,3122.46,3122.47,3105.28,3114.4,17973.321,55930547.284,5637.157,12336.164,0.457,-8.059999999999945,-0.2581,-6699.0070000000005,17973.321,0.457,1.0,1.0,-0.3727
2026-01-09 03:20:00,3114.4,3116.45,3113.07,3115.19,2303.302,7174605.61825,1256.424,1046.878,1.2002,0.7899999999999636,0.0254,209.54600000000005,2303.3019999999997,1.2002,1.0,1.0,0.091
2026-01-09 03:25:00,3115.19,3116.3,3113.15,3115.01,2301.865,7169404.44637,1485.835,816.03,1.8208,-0.1799999999998363,-0.0058,669.8050000000001,2301.865,1.8208,1.0,1.0,0.291
2026-01-09 03:30:00,3115.0,3123.99,3114.76,3123.64,5553.851000000001,17324487.07437,4454.45,1099.401,4.0517,8.639999999999873,0.2774,3355.049,5553.851,4.0517,1.0,1.0,0.6041
2026-01-09 03:35:00,3123.65,3124.46,3120.3,3122.49,4394.811,13722262.876430001,2162.914,2231.897,0.9691,-1.1600000000003092,-0.0371,-68.98299999999972,4394.811,0.9691,1.0,1.0,-0.0157
2026-01-09 03:40:00,3122.5,3122.5,3114.3,3114.89,4190.9529999999995,13067197.897069998,1705.246,2485.707,0.686,-7.610000000000127,-0.2437,-780.4609999999998,4190.9529999999995,0.686,1.0,1.0,-0.1862
2026-01-09 03:45:00,3114.9,3117.58,3114.29,3116.5,3431.577,10693095.16502,2496.737,934.84,2.6708,1.599999999999909,0.0514,1561.897,3431.577,2.6708,1.0,1.0,0.4552
2026-01-09 03:50:00,3116.5,3118.38,3113.33,3113.56,2767.892,8622794.82398,668.952,2098.94,0.3187,-2.9400000000000546,-0.0943,-1429.988,2767.892,0.3187,1.0,1.0,-0.5166
2026-01-09 03:55:00,3113.56,3113.56,3101.74,3109.8,10248.42,31842188.09051,4425.295,5823.125,0.76,-3.7599999999997635,-0.1208,-1397.83,10248.42,0.76,1.0,1.0,-0.1364
2026-01-09 04:00:00,3109.79,3109.79,3095.58,3097.4,14730.007,45668611.58154,4854.193,9875.814,0.4915,-12.389999999999873,-0.3984,-5021.621,14730.007000000001,0.4915,1.0,1.0,-0.3409
2026-01-09 04:05:00,3097.4,3098.0,3087.22,3091.34,17076.745,52795586.26205,8385.447,8691.298,0.9648,-6.059999999999945,-0.1956,-305.85100000000057,17076.745000000003,0.9648,1.0,1.0,-0.0179
2026-01-09 04:10:00,3091.34,3097.58,3091.33,3095.24,5867.525,18156400.2286,3033.025,2834.5,1.07,3.899999999999636,0.1262,198.5250000000001,5867.525,1.07,1.0,1.0,0.0338
2026-01-09 04:15:00,3095.24,3100.06,3093.29,3097.79,4631.485,14340706.781200001,2311.939,2319.546,0.9967,2.550000000000182,0.0824,-7.606999999999971,4631.485,0.9967,1.0,1.0,-0.0016
2026-01-09 04:20:00,3097.8,3101.11,3093.43,3093.72,3520.746,10904740.64118,1458.447,2062.299,0.7072,-4.080000000000382,-0.1317,-603.8520000000001,3520.746,0.7072,1.0,1.0,-0.1715
2026-01-09 04:25:00,3093.72,3095.26,3090.0,3093.79,4536.994,14033727.88049,1704.23,2832.764,0.6016,0.07000000000016371,0.0023,-1128.534,4536.994000000001,0.6016,1.0,1.0,-0.2487
2026-01-09 04:30:00,3093.8,3097.98,3093.8,3097.7,4176.543,12932445.82094,2614.589,1561.954,1.6739,3.899999999999636,0.1261,1052.635,4176.543,1.6739,1.0,1.0,0.252
2026-01-09 04:35:00,3097.69,3102.98,3097.69,3100.98,3789.163,11748172.26781,1848.238,1940.925,0.9522,3.2899999999999636,0.1062,-92.6869999999999,3789.163,0.9522,1.0,1.0,-0.0245
2026-01-09 04:40:00,3100.98,3104.0,3099.27,3099.63,3333.606,10338251.510230001,1753.819,1579.787,1.1102,-1.349999999999909,-0.0435,174.03199999999993,3333.6059999999998,1.1102,1.0,1.0,0.0522
2026-01-09 04:45:00,3099.63,3104.69,3099.28,3102.47,2902.059,9004234.74807,1575.398,1326.661,1.1875,2.8399999999996908,0.0916,248.73699999999985,2902.059,1.1875,1.0,1.0,0.0857
2026-01-09 04:50:00,3102.47,3106.59,3099.61,3103.47,4077.236,12654259.20106,2421.193,1656.043,1.462,1.0,0.0322,765.1500000000003,4077.236,1.462,1.0,1.0,0.1877
2026-01-09 04:55:00,3103.46,3108.66,3103.18,3106.63,5725.4310000000005,17784610.91429,3065.278,2660.093,1.1523,3.1700000000000728,0.1021,405.18499999999995,5725.370999999999,1.1523,1.0,1.0,0.0708
2026-01-09 05:00:00,3106.62,3111.28,3106.62,3110.57,3984.163,12384946.68792,2327.558,1656.605,1.405,3.950000000000273,0.1271,670.953,3984.163,1.405,1.0,1.0,0.1684
2026-01-09 05:05:00,3110.56,3113.0,3110.15,3111.53,2945.3089999999997,9164691.19149,1602.511,1342.798,1.1934,0.9700000000002547,0.0312,259.71299999999997,2945.309,1.1934,1.0,1.0,0.0882
2026-01-09 05:10:00,3111.54,3113.42,3110.0,3111.89,1868.692,5814710.65494,1034.167,834.525,1.2392,0.34999999999990905,0.0112,199.64199999999994,1868.692,1.2392,1.0,1.0,0.1068
2026-01-09 05:15:00,3111.9,3112.67,3107.49,3108.61,2826.676,8789417.5433,1097.001,1729.675,0.6342,-3.2899999999999636,-0.1057,-632.674,2826.676,0.6342,1.0,1.0,-0.2238
2026-01-09 05:20:00,3108.61,3109.05,3106.0,3107.77,1952.8719999999998,6068372.31083,755.028,1197.844,0.6303,-0.8400000000001455,-0.027,-442.81600000000003,1952.872,0.6303,1.0,1.0,-0.2268
2026-01-09 05:25:00,3107.77,3108.43,3106.26,3107.86,3047.529,9469644.07741,1983.137,1064.392,1.8632,0.09000000000014552,0.0029,918.7449999999999,3047.529,1.8632,1.0,1.0,0.3015
2026-01-09 05:30:00,3107.86,3111.34,3106.08,3110.94,2503.192,7781293.93582,1990.532,512.66,3.8828,3.0799999999999272,0.0991,1477.8719999999998,2503.192,3.8828,1.0,1.0,0.5904
2026-01-09 05:35:00,3110.95,3118.63,3110.76,3117.7,5558.842000000001,17318113.89898,4630.793,928.049,4.9898,6.75,0.217,3702.7439999999997,5558.842,4.9898,1.0,1.0,0.6661
2026-01-09 05:40:00,3117.69,3120.53,3116.44,3116.45,4942.302,15410676.96341,1728.968,3213.334,0.5381,-1.2400000000002365,-0.0398,-1484.3659999999998,4942.302,0.5381,1.0,1.0,-0.3003
2026-01-09 05:45:00,3116.44,3118.18,3115.03,3117.44,3339.676,10409623.382199999,1597.118,1742.558,0.9165,1.0,0.0321,-145.44000000000005,3339.676,0.9165,1.0,1.0,-0.0435
2026-01-09 05:50:00,3117.44,3119.59,3116.6,3117.61,1924.6789999999999,6001331.71274,1045.846,878.829,1.19,0.17000000000007276,0.0055,167.01700000000005,1924.675,1.19,1.0,1.0,0.0868
2026-01-09 05:55:00,3117.61,3121.99,3117.1,3117.92,3310.8450000000003,10326789.95717,1910.486,1400.363,1.3643,0.30999999999994543,0.0099,510.12300000000005,3310.849,1.3643,1.0,1.0,0.1541
2026-01-09 06:00:00,3117.94,3123.0,3117.93,3119.76,3154.128,9842170.2894,2151.208,1002.92,2.1449,1.8200000000001637,0.0584,1148.288,3154.128,2.1449,1.0,1.0,0.3641
2026-01-09 06:05:00,3119.75,3119.9,3116.83,3117.85,2574.349,8028019.75072,716.638,1857.711,0.3858,-1.900000000000091,-0.0609,-1141.0729999999999,2574.349,0.3858,1.0,1.0,-0.4432
2026-01-09 06:10:00,3117.85,3129.66,3117.84,3125.51,5547.515,17335856.88772,4496.715,1050.8,4.2793,7.660000000000309,0.2457,3445.915,5547.515,4.2793,1.0,1.0,0.6212
2026-01-09 06:15:00,3125.51,3125.51,3120.36,3123.07,2179.456,6806021.4225200005,1012.641,1166.815,0.8679,-2.4400000000000546,-0.0781,-154.1740000000001,2179.456,0.8679,1.0,1.0,-0.0707
2026-01-09 06:20:00,3123.1,3123.32,3121.42,3121.96,1511.696,4719558.95835,533.615,978.081,0.5456,-1.1399999999998727,-0.0365,-444.466,1511.696,0.5456,1.0,1.0,-0.294
2026-01-09 06:25:00,3121.95,3121.95,3119.41,3121.01,2001.661,6245926.62505,808.89,1192.771,0.6782,-0.9399999999995998,-0.0301,-383.881,2001.661,0.6782,1.0,1.0,-0.1918
2026-01-09 06:30:00,3121.02,3121.02,3111.02,3115.6,7248.205,22578612.674420003,1475.214,5772.991,0.2555,-5.420000000000073,-0.1737,-4297.777,7248.205,0.2555,1.0,1.0,-0.5929
2026-01-09 06:35:00,3115.59,3115.6,3105.53,3108.6,4377.753,13618507.60193,1361.694,3016.059,0.4515,-6.9900000000002365,-0.2244,-1654.3650000000002,4377.753000000001,0.4515,1.0,1.0,-0.3779
2026-01-09 06:40:00,3108.61,3112.21,3107.62,3109.56,3487.209,10846325.01833,1667.081,1820.128,0.9159,0.9499999999998181,0.0306,-153.04700000000003,3487.209,0.9159,1.0,1.0,-0.0439
2026-01-09 06:45:00,3109.56,3116.72,3109.55,3114.54,2310.623,7196085.19643,1676.182,634.441,2.642,4.980000000000018,0.1602,1041.741,2310.623,2.642,1.0,1.0,0.4508
2026-01-09 06:50:00,3114.51,3117.6,3114.42,3116.74,1697.391,5289614.48854,991.226,706.165,1.4037,2.2299999999995634,0.0716,285.06100000000004,1697.391,1.4037,1.0,1.0,0.1679
2026-01-09 06:55:00,3116.74,3118.0,3114.46,3117.81,1694.273,5280899.53144,845.542,848.731,0.9962,1.0700000000001637,0.0343,-3.1889999999999645,1694.2730000000001,0.9962,1.0,1.0,-0.0019
2026-01-09 07:00:00,3117.81,3120.35,3116.0,3116.36,3574.537,11145518.29791,2323.712,1250.825,1.8577,-1.449999999999818,-0.0465,1072.887,3574.5370000000003,1.8577,1.0,1.0,0.3001
2026-01-09 07:05:00,3116.35,3120.7,3116.0,3119.2,2125.897,6630557.08038,1069.33,1056.567,1.0121,2.849999999999909,0.0915,12.76299999999992,2125.897,1.0121,1.0,1.0,0.006
2026-01-09 07:10:00,3119.2,3119.2,3115.86,3117.09,964.62,3007403.83916,293.487,671.133,0.4373,-2.1099999999996726,-0.0676,-377.646,964.6200000000001,0.4373,1.0,1.0,-0.3915
2026-01-09 07:15:00,3117.09,3120.2,3117.0,3119.62,1790.8229999999999,5585671.31793,730.87,1059.953,0.6895,2.5299999999997453,0.0812,-329.08299999999997,1790.8229999999999,0.6895,1.0,1.0,-0.1838
2026-01-09 07:20:00,3119.62,3119.62,3117.65,3117.65,1580.217,4927920.08719,754.48,825.737,0.9137,-1.9699999999998,-0.0631,-71.25699999999995,1580.217,0.9137,1.0,1.0,-0.0451
2026-01-09 07:25:00,3117.66,3117.66,3116.0,3116.75,1402.109,4369865.6011500005,419.018,983.091,0.4262,-0.9099999999998545,-0.0292,-564.0730000000001,1402.109,0.4262,1.0,1.0,-0.4023
2026-01-09 07:30:00,3116.75,3117.84,3108.33,3110.0,4308.332,13407790.567669999,1417.119,2891.213,0.4901,-6.75,-0.2166,-1474.0940000000003,4308.332,0.4901,1.0,1.0,-0.3421
2026-01-09 07:35:00,3110.0,3110.6,3108.39,3110.01,6143.45,19104006.89904,3405.639,2737.811,1.2439,0.010000000000218279,0.0003,667.828,6143.450000000001,1.2439,1.0,1.0,0.1087
2026-01-09 07:40:00,3110.01,3111.38,3107.66,3107.84,1919.318,5968391.2359299995,906.0,1013.318,0.8941,-2.1700000000000728,-0.0698,-107.31799999999998,1919.318,0.8941,1.0,1.0,-0.0559
2026-01-09 07:45:00,3107.84,3111.64,3107.52,3108.91,3742.2219999999998,11635493.615430001,2399.967,1342.255,1.788,1.069999999999709,0.0344,1057.712,3742.222,1.788,1.0,1.0,0.2826
2026-01-09 07:50:00,3108.91,3109.28,3104.16,3104.81,4030.2219999999998,12518767.887430001,1278.977,2751.245,0.4649,-4.099999999999909,-0.1319,-1472.2679999999998,4030.2219999999998,0.4649,1.0,1.0,-0.3653
2026-01-09 07:55:00,3104.8,3106.45,3104.44,3105.3,3111.417,9663170.78352,1660.465,1450.952,1.1444,0.5,0.0161,209.51299999999992,3111.417,1.1444,1.0,1.0,0.0673
2026-01-09 08:00:00,3105.33,3106.7,3104.0,3106.37,2919.93,9067328.515660001,1256.654,1663.276,0.7555,1.0399999999999636,0.0335,-406.62200000000007,2919.9300000000003,0.7555,1.0,1.0,-0.1393
2026-01-09 08:05:00,3106.37,3110.36,3105.6,3110.36,3643.599,11326966.04353,2995.793,647.806,4.6245,3.9900000000002365,0.1284,2347.987,3643.599,4.6245,1.0,1.0,0.6444
2026-01-09 08:10:00,3110.36,3114.93,3110.2,3110.2,4613.904,14359835.71958,3354.153,1259.751,2.6626,-0.16000000000030923,-0.0051,2094.402,4613.9039999999995,2.6626,1.0,1.0,0.4539
2026-01-09 08:15:00,3110.2,3111.18,3106.02,3106.96,2709.253,8421374.18955,857.376,1851.877,0.463,-3.2399999999997817,-0.1042,-994.501,2709.2529999999997,0.463,1.0,1.0,-0.3671
2026-01-09 08:20:00,3106.96,3110.36,3106.96,3107.67,3984.8559999999998,12389022.186719999,2571.352,1413.504,1.8191,0.7100000000000364,0.0229,1157.848,3984.8559999999998,1.8191,1.0,1.0,0.2906
2026-01-09 08:25:00,3107.67,3107.93,3102.24,3103.73,3681.635,11428550.0174,897.682,2783.953,0.3224,-3.9400000000000546,-0.1268,-1886.271,3681.635,0.3224,1.0,1.0,-0.5123
2026-01-09 08:30:00,3103.72,3108.0,3103.72,3107.48,2335.596,7253282.0838,1913.085,422.511,4.5279,3.7600000000002183,0.1211,1490.574,2335.596,4.5279,1.0,1.0,0.6382
2026-01-09 08:35:00,3107.49,3113.2,3106.05,3111.45,1912.792,5948407.73904,1416.367,496.425,2.8531,3.9600000000000364,0.1274,919.942,1912.792,2.8531,1.0,1.0,0.4809
2026-01-09 08:40:00,3111.46,3113.83,3111.46,3112.15,2631.846,8191886.14648,1433.143,1198.703,1.1956,0.6900000000000546,0.0222,234.44000000000005,2631.846,1.1956,1.0,1.0,0.0891
2026-01-09 08:45:00,3112.13,3116.57,3111.22,3115.34,5811.075,18095202.24771,4473.383,1337.692,3.3441,3.2100000000000364,0.1031,3135.691,5811.075,3.3441,1.0,1.0,0.5396
2026-01-09 08:50:00,3115.33,3115.97,3113.83,3114.51,2909.827,9063004.07458,1100.625,1809.202,0.6083,-0.819999999999709,-0.0263,-708.577,2909.827,0.6083,1.0,1.0,-0.2435
2026-01-09 08:55:00,3114.5,3115.71,3113.64,3114.86,2654.46,8267178.65157,1367.333,1287.127,1.0623,0.36000000000012733,0.0116,80.20600000000013,2654.46,1.0623,1.0,1.0,0.0302
2026-01-09 09:00:00,3114.87,3116.4,3113.13,3116.4,3940.97,12275897.768099999,2589.178,1351.792,1.9154,1.5300000000002,0.0491,1237.386,3940.97,1.9154,1.0,1.0,0.314
2026-01-09 09:05:00,3116.4,3116.4,3112.5,3115.72,4249.149,13233299.24271,2648.049,1601.1,1.6539,-0.680000000000291,-0.0218,1046.949,4249.148999999999,1.6539,1.0,1.0,0.2464
2026-01-09 09:10:00,3115.72,3116.37,3112.94,3113.53,2557.367,7963591.0404900005,1543.184,1014.183,1.5216,-2.1899999999996,-0.0703,529.001,2557.367,1.5216,1.0,1.0,0.2069
2026-01-09 09:15:00,3113.52,3116.24,3112.01,3112.01,2952.8990000000003,9196247.60137,1010.817,1942.082,0.5205,-1.5099999999997635,-0.0485,-931.2650000000001,2952.8990000000003,0.5205,1.0,1.0,-0.3154
2026-01-09 09:20:00,3112.01,3112.63,3104.32,3105.67,6479.843,20137487.49603,2622.282,3857.561,0.6798,-6.3400000000001455,-0.2037,-1235.279,6479.843000000001,0.6798,1.0,1.0,-0.1906
2026-01-09 09:25:00,3105.67,3144.54,3098.03,3137.97,78716.171,246004520.6362,52559.91,26156.261,2.0095,32.29999999999973,1.04,26403.649000000005,78716.171,2.0095,1.0,1.0,0.3354
2026-01-09 09:30:00,3137.97,3147.0,3106.09,3107.6,45612.31,142657846.59377,19754.724,25857.586,0.764,-30.36999999999989,-0.9678,-6102.862000000001,45612.31,0.764,1.0,1.0,-0.1338
2026-01-09 09:35:00,3107.59,3108.58,3080.01,3094.35,84691.303,261990813.6202,31220.72,53470.583,0.5839,-13.240000000000236,-0.4261,-22249.862999999998,84691.303,0.5839,1.0,1.0,-0.2627
2026-01-09 09:40:00,3094.35,3098.01,3092.0,3098.0,9980.811,30895916.19254,5695.273,4285.538,1.329,3.650000000000091,0.118,1409.7350000000006,9980.811,1.329,1.0,1.0,0.1412
2026-01-09 09:45:00,3098.01,3105.0,3097.34,3104.5,9392.231,29125891.64873,5909.52,3482.711,1.6968,6.489999999999782,0.2095,2426.8090000000007,9392.231,1.6968,1.0,1.0,0.2584
2026-01-09 09:50:00,3104.5,3104.64,3097.8,3103.58,6004.533,18619151.12156,2262.099,3742.434,0.6044,-0.9200000000000728,-0.0296,-1480.335,6004.533,0.6044,1.0,1.0,-0.2465
2026-01-09 09:55:00,3103.58,3104.87,3102.38,3104.49,3236.42,10045066.7328,2093.327,1143.093,1.8313,0.9099999999998545,0.0293,950.2340000000002,3236.42,1.8313,1.0,1.0,0.2936
2026-01-09 10:00:00,3104.48,3112.0,3102.3,3109.99,8567.898,26619646.15685,4678.127,3889.771,1.2027,5.5099999999997635,0.1775,788.3560000000002,8567.898000000001,1.2027,1.0,1.0,0.092
2026-01-09 10:05:00,3109.99,3125.0,3109.98,3120.87,22124.942,69016713.81949,11880.865,10244.077,1.1598,10.88000000000011,0.3498,1636.7880000000005,22124.942,1.1598,1.0,1.0,0.074
2026-01-09 10:10:00,3120.86,3124.64,3120.26,3121.74,9310.223,29069662.566809997,3479.394,5830.829,0.5967,0.8799999999996544,0.0282,-2351.435,9310.223,0.5967,1.0,1.0,-0.2526
2026-01-09 10:15:00,3121.74,3123.0,3119.0,3120.65,8618.512,26897719.27724,3254.965,5363.547,0.6069,-1.0899999999996908,-0.0349,-2108.5819999999994,8618.511999999999,0.6069,1.0,1.0,-0.2447
2026-01-09 10:20:00,3120.65,3124.99,3120.48,3121.12,5781.6759999999995,18053775.47844,3187.96,2593.716,1.2291,0.4699999999997999,0.0151,594.2440000000001,5781.6759999999995,1.2291,1.0,1.0,0.1028
2026-01-09 10:25:00,3121.12,3121.45,3115.5,3116.46,5126.322,15986953.81943,1973.612,3152.71,0.626,-4.6599999999998545,-0.1493,-1179.098,5126.322,0.626,1.0,1.0,-0.23
2026-01-09 10:30:00,3116.46,3119.59,3113.23,3114.2,5338.6,16631466.30326,1834.681,3503.919,0.5236,-2.2600000000002183,-0.0725,-1669.2379999999998,5338.6,0.5236,1.0,1.0,-0.3127
2026-01-09 10:35:00,3114.21,3117.5,3113.32,3113.32,3506.141,10921731.36315,1907.072,1599.069,1.1926,-0.8899999999998727,-0.0286,308.00299999999993,3506.1409999999996,1.1926,1.0,1.0,0.0878
2026-01-09 10:40:00,3113.32,3114.7,3110.94,3114.7,4399.4400000000005,13692539.30091,2022.038,2377.402,0.8505,1.3799999999996544,0.0443,-355.36400000000003,4399.4400000000005,0.8505,1.0,1.0,-0.0808
2026-01-09 10:45:00,3114.69,3116.63,3109.25,3109.66,4556.2080000000005,14182273.991799999,2055.418,2500.79,0.8219,-5.0300000000002,-0.1615,-445.37199999999984,4556.2080000000005,0.8219,1.0,1.0,-0.0978
2026-01-09 10:50:00,3109.66,3110.25,3105.32,3106.45,7029.097,21842762.7677,2564.935,4464.162,0.5746,-3.2100000000000364,-0.1032,-1899.2270000000003,7029.097,0.5746,1.0,1.0,-0.2702
2026-01-09 10:55:00,3106.46,3108.29,3105.55,3108.15,6036.575,18751640.16025,4434.344,1602.231,2.7676,1.6900000000000546,0.0544,2832.1130000000003,6036.575,2.7676,1.0,1.0,0.4692
2026-01-09 11:00:00,3108.16,3109.38,3105.23,3109.38,3782.686,11752734.981460001,2578.517,1204.169,2.1413,1.2200000000002547,0.0393,1374.3479999999997,3782.6859999999997,2.1413,1.0,1.0,0.3633
2026-01-09 11:05:00,3109.38,3115.42,3108.0,3113.43,8491.582,26430951.5926,6816.339,1675.243,4.0689,4.049999999999727,0.1303,5141.096,8491.582,4.0689,1.0,1.0,0.6054
2026-01-09 11:10:00,3113.44,3116.0,3112.83,3113.37,1931.9,6017339.3861,996.21,935.69,1.0647,-0.07000000000016371,-0.0022,60.51999999999998,1931.9,1.0647,1.0,1.0,0.0313
2026-01-09 11:15:00,3113.37,3113.69,3108.26,3112.99,3441.38,10706385.70277,1223.614,2217.766,0.5517,-0.38000000000010914,-0.0122,-994.152,3441.38,0.5517,1.0,1.0,-0.2889
2026-01-09 11:20:00,3112.99,3116.78,3108.0,3108.01,4109.352,12789910.049619999,1646.615,2462.737,0.6686,-4.979999999999563,-0.16,-816.1220000000001,4109.352,0.6686,1.0,1.0,-0.1986
2026-01-09 11:25:00,3108.01,3108.43,3101.59,3106.35,7783.965,24170998.39357,3212.629,4571.336,0.7028,-1.6600000000003092,-0.0534,-1358.7070000000003,7783.965,0.7028,1.0,1.0,-0.1746
2026-01-09 11:30:00,3106.36,3109.33,3103.96,3109.29,3263.773,10138767.99909,1528.238,1735.535,0.8806,2.9299999999998363,0.0943,-207.29700000000003,3263.773,0.8806,1.0,1.0,-0.0635
2026-01-09 11:35:00,3109.29,3116.0,3108.38,3115.24,5796.16,18046578.02564,4392.226,1403.934,3.1285,5.949999999999818,0.1914,2988.2919999999995,5796.16,3.1285,1.0,1.0,0.5156
2026-01-09 11:40:00,3115.23,3115.99,3112.73,3113.74,4105.137000000001,12786116.83409,2152.475,1952.662,1.1023,-1.4900000000002365,-0.0478,199.81299999999987,4105.137,1.1023,1.0,1.0,0.0487
2026-01-09 11:45:00,3113.73,3119.87,3113.17,3117.26,6204.545,19339814.80828,3923.825,2280.72,1.7204,3.5300000000002,0.1134,1643.105,6204.545,1.7204,1.0,1.0,0.2648
2026-01-09 11:50:00,3117.26,3119.8,3116.51,3119.8,2456.21,7657634.6772300005,1245.847,1210.363,1.0293,2.5399999999999636,0.0815,35.483999999999924,2456.21,1.0293,1.0,1.0,0.0144
2026-01-09 11:55:00,3119.8,3120.0,3117.6,3118.47,3681.404,11482475.12352,1576.094,2105.31,0.7486,-1.330000000000382,-0.0426,-529.2159999999999,3681.404,0.7486,1.0,1.0,-0.1438
2026-01-09 12:00:00,3118.48,3121.15,3116.41,3120.84,5834.495000000001,18199071.10137,3815.905,2018.59,1.8904,2.3600000000001273,0.0757,1797.3150000000003,5834.495,1.8904,1.0,1.0,0.308
2026-01-09 12:05:00,3120.8,3120.81,3117.16,3117.94,2567.652,8007388.14563,652.626,1915.026,0.3408,-2.8600000000001273,-0.0916,-1262.4,2567.652,0.3408,1.0,1.0,-0.4917
2026-01-09 12:10:00,3117.95,3117.95,3114.11,3115.7,1638.242,5104311.2639999995,563.45,1074.792,0.5242,-2.25,-0.0722,-511.34199999999987,1638.242,0.5242,1.0,1.0,-0.3121
2026-01-09 12:15:00,3115.7,3118.09,3114.85,3117.84,1757.4769999999999,5476735.87142,1275.475,482.002,2.6462,2.1400000000003274,0.0687,793.473,1757.4769999999999,2.6462,1.0,1.0,0.4515
2026-01-09 12:20:00,3117.83,3120.0,3117.83,3119.99,2160.794,6738683.220170001,1244.356,916.438,1.3578,2.1599999999998545,0.0693,327.918,2160.794,1.3578,1.0,1.0,0.1518
2026-01-09 12:25:00,3120.0,3122.89,3120.0,3121.05,4406.866,13756474.23483,2698.613,1708.253,1.5798,1.050000000000182,0.0337,990.3599999999999,4406.866,1.5798,1.0,1.0,0.2247
2026-01-09 12:30:00,3121.05,3122.88,3114.34,3115.6,6271.900000000001,19561108.479820002,1693.521,4578.379,0.3699,-5.450000000000273,-0.1746,-2884.858,6271.9,0.3699,1.0,1.0,-0.46
2026-01-09 12:35:00,3115.59,3115.6,3111.16,3113.36,5840.3949999999995,18178848.97442,2571.337,3269.058,0.7866,-2.230000000000018,-0.0716,-697.721,5840.395,0.7866,1.0,1.0,-0.1195
2026-01-09 12:40:00,3113.37,3117.18,3113.33,3113.46,4766.574,14847542.09459,3650.156,1116.418,3.2695,0.09000000000014552,0.0029,2533.7380000000003,4766.574,3.2695,1.0,1.0,0.5316
2026-01-09 12:45:00,3113.46,3114.97,3113.46,3114.94,1635.2820000000002,5092918.24495,756.575,878.707,0.861,1.4800000000000182,0.0475,-122.13199999999995,1635.2820000000002,0.861,1.0,1.0,-0.0747
2026-01-09 12:50:00,3114.94,3117.0,3114.72,3115.71,1144.583,3566260.77811,801.093,343.49,2.3322,0.7699999999999818,0.0247,457.60299999999995,1144.583,2.3322,1.0,1.0,0.3998
2026-01-09 12:55:00,3115.7,3116.73,3115.0,3115.29,1534.481,4780956.0707,550.3,984.181,0.5591,-0.4099999999998545,-0.0132,-433.8810000000001,1534.481,0.5591,1.0,1.0,-0.2828
2026-01-09 13:00:00,3115.29,3119.9,3115.28,3119.08,3131.398,9762128.86708,1839.44,1291.958,1.4238,3.7899999999999636,0.1217,547.482,3131.398,1.4238,1.0,1.0,0.1748
2026-01-09 13:05:00,3119.08,3119.08,3115.77,3118.94,1487.306,4636686.15095,632.335,854.971,0.7396,-0.13999999999987267,-0.0045,-222.63599999999997,1487.306,0.7396,1.0,1.0,-0.1497
2026-01-09 13:10:00,3118.94,3119.08,3117.0,3117.67,2213.312,6901355.84475,1089.018,1124.294,0.9686,-1.2699999999999818,-0.0407,-35.27600000000007,2213.312,0.9686,1.0,1.0,-0.0159
2026-01-09 13:15:00,3117.66,3118.55,3112.59,3113.55,2875.091,8958190.558699999,835.439,2039.652,0.4096,-4.109999999999673,-0.1318,-1204.2130000000002,2875.091,0.4096,1.0,1.0,-0.4188
2026-01-09 13:20:00,3113.56,3115.43,3113.1,3115.43,1761.63,5485995.029879999,615.673,1145.957,0.5373,1.8699999999998909,0.0601,-530.2840000000001,1761.63,0.5373,1.0,1.0,-0.301
2026-01-09 13:25:00,3115.42,3118.8,3115.42,3116.5,2483.911,7742310.90795,1663.712,820.199,2.0284,1.0799999999999272,0.0347,843.513,2483.911,2.0284,1.0,1.0,0.3396
2026-01-09 13:30:00,3116.5,3117.94,3114.6,3114.78,3267.4500000000003,10182094.05094,784.524,2482.926,0.316,-1.7199999999998,-0.0552,-1698.402,3267.45,0.316,1.0,1.0,-0.5198
2026-01-09 13:35:00,3114.78,3115.94,3112.28,3114.38,3083.174,9600322.9437,1468.07,1615.104,0.909,-0.40000000000009095,-0.0128,-147.0340000000001,3083.174,0.909,1.0,1.0,-0.0477
2026-01-09 13:40:00,3114.38,3116.36,3114.05,3114.05,861.4250000000001,2683553.2013,532.352,329.073,1.6177,-0.32999999999992724,-0.0106,203.279,861.425,1.6177,1.0,1.0,0.236
2026-01-09 13:45:00,3114.05,3115.79,3114.0,3114.01,1945.596,6060632.60046,1362.634,582.962,2.3374,-0.03999999999996362,-0.0013,779.672,1945.596,2.3374,1.0,1.0,0.4007
2026-01-09 13:50:00,3114.0,3117.0,3113.56,3115.44,1697.873,5288286.74628,381.919,1315.954,0.2902,1.4400000000000546,0.0462,-934.035,1697.873,0.2902,1.0,1.0,-0.5501
2026-01-09 13:55:00,3115.44,3118.63,3115.43,3117.38,2923.399,9114142.29273,860.418,2062.981,0.4171,1.9400000000000546,0.0623,-1202.563,2923.3990000000003,0.4171,1.0,1.0,-0.4114
2026-01-09 14:00:00,3117.37,3118.0,3117.05,3117.78,1459.803,4551052.93809,873.086,586.717,1.4881,0.41000000000030923,0.0132,286.369,1459.8029999999999,1.4881,1.0,1.0,0.1962
2026-01-09 14:05:00,3117.78,3118.49,3116.99,3117.44,2773.946,8649027.25057,1595.302,1178.644,1.3535,-0.3400000000001455,-0.0109,416.6579999999999,2773.946,1.3535,1.0,1.0,0.1502
2026-01-09 14:10:00,3117.43,3118.5,3116.75,3117.33,1126.274,3511596.41123,614.961,511.313,1.2027,-0.09999999999990905,-0.0032,103.64800000000002,1126.274,1.2027,1.0,1.0,0.092
2026-01-09 14:15:00,3117.34,3121.38,3116.67,3117.8,4211.9169999999995,13136150.46443,2710.044,1501.873,1.8044,0.4600000000000364,0.0148,1208.1709999999998,4211.9169999999995,1.8044,1.0,1.0,0.2868
2026-01-09 14:20:00,3117.8,3120.75,3117.75,3118.56,2899.196,9043002.69478,1985.866,913.33,2.1743,0.7599999999997635,0.0244,1072.536,2899.196,2.1743,1.0,1.0,0.3699
2026-01-09 14:25:00,3118.55,3119.25,3116.27,3116.48,1381.133,4306344.28642,592.367,788.766,0.751,-2.0700000000001637,-0.0664,-196.399,1381.1329999999998,0.751,1.0,1.0,-0.1422
2026-01-09 14:30:00,3116.49,3122.88,3116.03,3121.8,4717.025,14716876.85991,2266.946,2450.079,0.9253,5.3100000000004,0.1704,-183.13300000000027,4717.025,0.9253,1.0,1.0,-0.0388
2026-01-09 14:35:00,3121.8,3121.9,3119.35,3120.96,2665.9869999999996,8320388.410979999,1510.193,1155.794,1.3066,-0.8400000000001455,-0.0269,354.3989999999999,2665.987,1.3066,1.0,1.0,0.1329
2026-01-09 14:40:00,3120.96,3122.55,3120.71,3122.27,2332.335,7281220.69376,1187.033,1145.302,1.0364,1.3099999999999454,0.042,41.730999999999995,2332.335,1.0364,1.0,1.0,0.0179
2026-01-09 14:45:00,3122.28,3124.0,3121.61,3122.17,5357.151,16728845.342550002,1818.384,3538.767,0.5138,-0.11000000000012733,-0.0035,-1720.3829999999998,5357.151,0.5138,1.0,1.0,-0.3211
2026-01-09 14:50:00,3122.16,3122.39,3119.26,3121.09,2251.849,7028252.78409,1292.083,959.766,1.3462,-1.069999999999709,-0.0343,332.3170000000001,2251.849,1.3462,1.0,1.0,0.1476
2026-01-09 14:55:00,3121.09,3122.19,3120.89,3121.28,1633.518,5099612.50373,691.04,942.478,0.7332,0.19000000000005457,0.0061,-251.438,1633.518,0.7332,1.0,1.0,-0.1539
2026-01-09 15:00:00,3121.27,3122.1,3118.61,3119.83,3806.1369999999997,11875058.03987,1400.71,2405.427,0.5823,-1.4400000000000546,-0.0461,-1004.7170000000001,3806.137,0.5823,1.0,1.0,-0.264
2026-01-09 15:05:00,3119.83,3120.0,3115.71,3117.1,4010.205,12501125.8952,2753.834,1256.371,2.1919,-2.730000000000018,-0.0875,1497.4629999999997,4010.205,2.1919,1.0,1.0,0.3734
2026-01-09 15:10:00,3117.11,3118.57,3116.58,3117.01,2488.999,7759305.29935,1948.405,540.594,3.6042,-0.09999999999990905,-0.0032,1407.811,2488.999,3.6042,1.0,1.0,0.5656
2026-01-09 15:15:00,3117.01,3117.9,3116.0,3116.34,2319.192,7228442.63122,1428.983,890.209,1.6052,-0.6700000000000728,-0.0215,538.774,2319.192,1.6052,1.0,1.0,0.2323
2026-01-09 15:20:00,3116.35,3117.84,3115.26,3117.16,3158.737,9844154.88706,1629.619,1529.118,1.0657,0.8099999999999454,0.026,100.50099999999998,3158.737,1.0657,1.0,1.0,0.0318
2026-01-09 15:25:00,3117.16,3118.85,3115.0,3117.39,2890.8140000000003,9010154.411460001,1956.768,934.046,2.0949,0.2300000000000182,0.0074,1022.722,2890.8140000000003,2.0949,1.0,1.0,0.3538
2026-01-09 15:30:00,3117.38,3117.67,3112.0,3113.44,9278.274000000001,28892577.1772,5422.582,3855.692,1.4064,-3.9400000000000546,-0.1264,1566.8900000000003,9278.274000000001,1.4064,1.0,1.0,0.1689
2026-01-09 15:35:00,3113.44,3115.78,3112.81,3115.03,5755.372,17923155.68785,3688.781,2066.591,1.785,1.5900000000001455,0.0511,1622.19,5755.371999999999,1.785,1.0,1.0,0.2819
2026-01-09 15:40:00,3115.03,3115.45,3113.4,3114.06,3567.049,11109901.47293,2114.673,1452.376,1.456,-0.9700000000002547,-0.0311,662.2969999999998,3567.049,1.456,1.0,1.0,0.1857
2026-01-09 15:45:00,3114.06,3115.0,3111.57,3114.93,5192.817,16167205.70907,2848.527,2344.29,1.2151,0.8699999999998909,0.0279,504.2370000000001,5192.817,1.2151,1.0,1.0,0.0971
2026-01-09 15:50:00,3114.93,3116.0,3113.75,3115.84,3090.904,9627281.2415,1553.22,1537.684,1.0101,0.9100000000003092,0.0292,15.536000000000058,3090.904,1.0101,1.0,1.0,0.005
2026-01-09 15:55:00,3115.84,3115.85,3108.6,3109.44,7996.817999999999,24882627.83106,2893.808,5103.01,0.5671,-6.400000000000091,-0.2054,-2209.202,7996.818,0.5671,1.0,1.0,-0.2763
2026-01-09 16:00:00,3109.45,3113.27,3101.0,3102.61,18181.677,56469711.030159995,7390.195,10791.482,0.6848,-6.839999999999691,-0.22,-3401.2870000000003,18181.677,0.6848,1.0,1.0,-0.1871
2026-01-09 16:05:00,3102.6,3106.74,3100.6,3106.3,12545.793,38939400.01827,7636.008,4909.785,1.5553,3.700000000000273,0.1193,2726.223,12545.793,1.5553,1.0,1.0,0.2173
2026-01-09 16:10:00,3106.3,3109.0,3106.24,3107.11,5025.248,15618175.721140001,3725.706,1299.542,2.8669,0.8099999999999454,0.0261,2426.164,5025.248,2.8669,1.0,1.0,0.4828
2026-01-09 16:15:00,3107.12,3111.73,3106.5,3111.37,4599.014999999999,14299637.47095,3357.763,1241.252,2.7051,4.25,0.1368,2116.511,4599.014999999999,2.7051,1.0,1.0,0.4602
2026-01-09 16:20:00,3111.37,3114.0,3110.58,3112.94,3802.719,11835863.25865,2446.094,1356.625,1.8031,1.5700000000001637,0.0505,1089.469,3802.719,1.8031,1.0,1.0,0.2865
2026-01-09 16:25:00,3112.94,3113.09,3107.22,3108.45,2837.219,8825981.78549,1345.195,1492.024,0.9016,-4.4900000000002365,-0.1442,-146.82899999999995,2837.219,0.9016,1.0,1.0,-0.0518
2026-01-09 16:30:00,3108.46,3109.79,3097.12,3105.73,15846.011,49159476.83009,5819.962,10026.049,0.5805,-2.730000000000018,-0.0878,-4206.087,15846.011000000002,0.5805,1.0,1.0,-0.2654
2026-01-09 16:35:00,3105.73,3106.76,3095.46,3097.23,14108.128999999999,43733079.59163,5730.011,8378.118,0.6839,-8.5,-0.2737,-2648.107,14108.129,0.6839,1.0,1.0,-0.1877
2026-01-09 16:40:00,3097.22,3100.34,3082.23,3086.0,43641.694,134861798.4717,15467.674,28174.02,0.549,-11.2199999999998,-0.3623,-12706.346,43641.694,0.549,1.0,1.0,-0.2912
2026-01-09 16:45:00,3086.01,3089.61,3070.47,3073.35,67066.759,206468578.11651,27130.297,39936.462,0.6793,-12.66000000000031,-0.4102,-12806.165,67066.75899999999,0.6793,1.0,1.0,-0.1909
2026-01-09 16:50:00,3073.34,3074.92,3065.96,3069.83,39155.687,120197025.18219,18476.128,20679.559,0.8934,-3.5100000000002183,-0.1142,-2203.4310000000005,39155.687000000005,0.8934,1.0,1.0,-0.0563
2026-01-09 16:55:00,3069.83,3082.0,3068.96,3081.67,23302.02,71705471.42024,13631.548,9670.472,1.4096,11.840000000000146,0.3857,3961.076000000001,23302.02,1.4096,1.0,1.0,0.17
2026-01-09 17:00:00,3081.67,3097.67,3080.55,3091.75,36753.759,113556196.73428,23439.848,13313.911,1.7606,10.079999999999927,0.3271,10125.937000000002,36753.759000000005,1.7606,1.0,1.0,0.2755
2026-01-09 17:05:00,3091.75,3093.67,3087.49,3091.58,10147.359,31357697.52753,3999.114,6148.245,0.6504,-0.17000000000007276,-0.0055,-2149.131,10147.359,0.6504,1.0,1.0,-0.2118
2026-01-09 17:10:00,3091.58,3095.46,3090.35,3091.5,7068.043,21855910.4147,3656.453,3411.59,1.0718,-0.07999999999992724,-0.0026,244.86299999999983,7068.043,1.0718,1.0,1.0,0.0346
2026-01-09 17:15:00,3091.5,3091.5,3085.7,3090.92,9076.236,28029369.05787,3413.891,5662.345,0.6029,-0.5799999999999272,-0.0188,-2248.454,9076.236,0.6029,1.0,1.0,-0.2477
2026-01-09 17:20:00,3090.93,3098.42,3090.9,3095.99,13204.494999999999,40871475.28845,8581.54,4622.955,1.8563,5.059999999999945,0.1637,3958.585000000001,13204.495,1.8563,1.0,1.0,0.2998
2026-01-09 17:25:00,3095.98,3099.4,3095.24,3097.91,9332.848,28905800.80452,3852.525,5480.323,0.703,1.9299999999998363,0.0623,-1627.7980000000002,9332.848,0.703,1.0,1.0,-0.1744
2026-01-09 17:30:00,3097.92,3098.1,3095.03,3098.04,4181.616,12949411.46111,1731.367,2450.249,0.7066,0.11999999999989086,0.0039,-718.8819999999998,4181.616,0.7066,1.0,1.0,-0.1719
2026-01-09 17:35:00,3098.03,3098.04,3092.07,3094.5,4839.0830000000005,14972836.236030001,1404.93,3434.153,0.4091,-3.5300000000002,-0.1139,-2029.2229999999997,4839.083,0.4091,1.0,1.0,-0.4193
2026-01-09 17:40:00,3094.5,3095.95,3093.3,3094.83,2722.605,8425845.33761,1551.769,1170.836,1.3254,0.32999999999992724,0.0107,380.933,2722.605,1.3254,1.0,1.0,0.1399
2026-01-09 17:45:00,3094.82,3094.82,3090.0,3093.09,6936.876,21447814.39892,3482.878,3453.998,1.0084,-1.7300000000000182,-0.0559,28.88000000000011,6936.876,1.0084,1.0,1.0,0.0042
2026-01-09 17:50:00,3093.09,3095.83,3092.39,3094.3,5605.831,17345382.99341,2457.699,3148.132,0.7807,1.2100000000000364,0.0391,-690.433,5605.831,0.7807,1.0,1.0,-0.1232
2026-01-09 17:55:00,3094.3,3094.3,3089.59,3090.84,3954.374,12222369.23208,1438.372,2516.002,0.5717,-3.4600000000000364,-0.1118,-1077.6299999999999,3954.374,0.5717,1.0,1.0,-0.2725
2026-01-09 18:00:00,3090.84,3091.16,3086.26,3086.71,6346.428,19602090.97061,2695.366,3651.062,0.7382,-4.130000000000109,-0.1336,-955.6959999999999,6346.428,0.7382,1.0,1.0,-0.1506
2026-01-09 18:05:00,3086.71,3094.89,3086.6,3094.7,5287.41,16347247.30663,3613.346,1674.064,2.1584,7.989999999999782,0.2589,1939.282,5287.41,2.1584,1.0,1.0,0.3668
2026-01-09 18:10:00,3094.7,3095.5,3092.48,3092.48,2665.672,8249548.9931499995,1379.619,1286.053,1.0728,-2.2199999999998,-0.0717,93.5659999999998,2665.672,1.0728,1.0,1.0,0.0351
2026-01-09 18:15:00,3092.47,3096.37,3092.47,3094.2,2111.511,6534583.7411899995,1013.713,1097.798,0.9234,1.7300000000000182,0.0559,-84.08500000000004,2111.511,0.9234,1.0,1.0,-0.0398
2026-01-09 18:20:00,3094.2,3097.56,3093.45,3095.24,6177.34,19124740.58079,4988.267,1189.073,4.1951,1.0399999999999636,0.0336,3799.1939999999995,6177.34,4.1951,1.0,1.0,0.615
2026-01-09 18:25:00,3095.25,3096.64,3092.15,3092.49,4521.7919999999995,13993276.638780002,1415.264,3106.528,0.4556,-2.7600000000002183,-0.0892,-1691.264,4521.7919999999995,0.4556,1.0,1.0,-0.374
2026-01-09 18:30:00,3092.49,3096.0,3091.14,3096.0,3302.531,10215783.44474,2201.845,1100.686,2.0004,3.5100000000002183,0.1135,1101.1589999999999,3302.531,2.0004,1.0,1.0,0.3334
2026-01-09 18:35:00,3095.99,3097.35,3093.62,3096.8,2741.739,8487871.280000001,1166.672,1575.067,0.7407,0.8100000000004002,0.0262,-408.395,2741.739,0.7407,1.0,1.0,-0.149
2026-01-09 18:40:00,3096.81,3097.24,3095.35,3095.36,2125.753,6582155.26963,1432.614,693.139,2.0668,-1.449999999999818,-0.0468,739.475,2125.753,2.0668,1.0,1.0,0.3479
2026-01-09 18:45:00,3095.36,3096.42,3094.68,3095.95,2520.444,7802527.2279,1136.417,1384.027,0.8211,0.5899999999996908,0.0191,-247.61000000000013,2520.444,0.8211,1.0,1.0,-0.0982
2026-01-09 18:50:00,3095.94,3097.48,3094.75,3095.9,3229.2290000000003,9997044.09042,944.236,2284.993,0.4132,-0.03999999999996362,-0.0013,-1340.757,3229.229,0.4132,1.0,1.0,-0.4152
2026-01-09 18:55:00,3095.9,3096.9,3094.74,3094.74,1372.5700000000002,4249308.14445,598.516,774.054,0.7732,-1.1600000000003092,-0.0375,-175.538,1372.57,0.7732,1.0,1.0,-0.1279
2026-01-09 19:00:00,3094.75,3097.8,3094.74,3097.61,2863.737,8867822.156739999,2030.658,833.079,2.4375,2.8600000000001273,0.0924,1197.579,2863.737,2.4375,1.0,1.0,0.4182
2026-01-09 19:05:00,3097.62,3097.91,3093.37,3093.59,2798.879,8665687.928550001,1429.343,1369.536,1.0437,-4.029999999999745,-0.1301,59.807000000000016,2798.879,1.0437,1.0,1.0,0.0214
2026-01-09 19:10:00,3093.6,3097.23,3093.0,3097.22,2407.029,7447865.44097,1055.673,1351.356,0.7812,3.619999999999891,0.117,-295.683,2407.029,0.7812,1.0,1.0,-0.1228
2026-01-09 19:15:00,3097.23,3103.07,3096.26,3101.9,10901.984,33791182.62423,7372.384,3529.6,2.0887,4.670000000000073,0.1508,3842.784,10901.984,2.0887,1.0,1.0,0.3525
2026-01-09 19:20:00,3101.89,3102.6,3098.68,3098.98,3628.6240000000003,11250106.20594,1860.029,1768.595,1.0517,-2.9099999999998545,-0.0938,91.43399999999997,3628.624,1.0517,1.0,1.0,0.0252
2026-01-09 19:25:00,3098.98,3100.0,3097.83,3098.51,3171.368,9827666.10713,943.416,2227.952,0.4234,-0.4699999999997999,-0.0152,-1284.536,3171.3680000000004,0.4234,1.0,1.0,-0.405
2026-01-09 19:30:00,3098.5,3101.37,3098.12,3100.58,2154.271,6678000.99667,1187.735,966.536,1.2289,2.0799999999999272,0.0671,221.19899999999996,2154.2709999999997,1.2289,1.0,1.0,0.1027
2026-01-09 19:35:00,3100.59,3102.3,3094.75,3096.0,4919.692,15245147.54459,2268.982,2650.71,0.856,-4.5900000000001455,-0.148,-381.72800000000007,4919.692,0.856,1.0,1.0,-0.0776
2026-01-09 19:40:00,3096.0,3096.2,3093.86,3096.0,3368.11,10423758.38149,1267.194,2100.916,0.6032,0.0,0.0,-833.7220000000002,3368.11,0.6032,1.0,1.0,-0.2475
2026-01-09 19:45:00,3096.0,3096.83,3088.0,3092.35,11840.993,36600229.14993,5007.63,6833.363,0.7328,-3.650000000000091,-0.1179,-1825.7330000000002,11840.993,0.7328,1.0,1.0,-0.1542
2026-01-09 19:50:00,3092.35,3093.57,3089.32,3089.49,2154.298,6660759.7477899995,1146.363,1007.935,1.1373,-2.8600000000001273,-0.0925,138.4280000000001,2154.298,1.1373,1.0,1.0,0.0643
2026-01-09 19:55:00,3089.49,3089.49,3086.67,3088.85,6616.036,20431485.67783,3148.827,3467.209,0.9082,-0.6399999999998727,-0.0207,-318.3819999999996,6616.036,0.9082,1.0,1.0,-0.0481
2026-01-09 20:00:00,3088.85,3091.77,3087.81,3091.77,4887.032,15100548.00695,3925.622,961.41,4.0832,2.9200000000000728,0.0945,2964.212,4887.032,4.0832,1.0,1.0,0.6065
2026-01-09 20:05:00,3091.77,3094.99,3090.29,3090.49,3087.624,9550409.54964,1497.746,1589.878,0.9421,-1.2800000000002,-0.0414,-92.13199999999983,3087.624,0.9421,1.0,1.0,-0.0298
2026-01-09 20:10:00,3090.49,3090.5,3087.76,3087.88,3181.4519999999998,9827385.08995,786.874,2394.578,0.3286,-2.6099999999996726,-0.0845,-1607.704,3181.452,0.3286,1.0,1.0,-0.5053
2026-01-09 20:15:00,3087.88,3087.89,3081.0,3081.61,13381.168,41258159.85679,4552.113,8829.055,0.5156,-6.269999999999982,-0.2031,-4276.942,13381.168000000001,0.5156,1.0,1.0,-0.3196
2026-01-09 20:20:00,3081.61,3085.0,3080.48,3085.0,6791.0960000000005,20935990.668530002,4447.136,2343.96,1.8973,3.3899999999998727,0.11,2103.1760000000004,6791.0960000000005,1.8973,1.0,1.0,0.3097
2026-01-09 20:25:00,3085.0,3085.67,3083.42,3084.5,3592.65,11080931.243139999,2065.184,1527.466,1.352,-0.5,-0.0162,537.7180000000003,3592.65,1.352,1.0,1.0,0.1497
2026-01-09 20:30:00,3084.5,3087.85,3081.49,3087.0,5774.519,17811714.03543,3315.057,2459.462,1.3479,2.5,0.0811,855.5949999999998,5774.519,1.3479,1.0,1.0,0.1482
2026-01-09 20:35:00,3087.0,3087.75,3083.35,3084.55,4192.231,12933157.486299999,1941.682,2250.549,0.8628,-2.449999999999818,-0.0794,-308.86699999999996,4192.231,0.8628,1.0,1.0,-0.0737
2026-01-09 20:40:00,3084.56,3085.95,3084.06,3084.15,1663.041,5130752.82723,851.73,811.311,1.0498,-0.4099999999998545,-0.0133,40.41899999999998,1663.0410000000002,1.0498,1.0,1.0,0.0243
2026-01-09 20:45:00,3084.16,3086.38,3082.54,3086.37,3313.163,10218727.59173,1226.055,2087.108,0.5874,2.2100000000000364,0.0717,-861.0530000000001,3313.1630000000005,0.5874,1.0,1.0,-0.2599
2026-01-09 20:50:00,3086.37,3087.53,3084.0,3085.67,5172.108,15959457.121860001,3404.776,1767.332,1.9265,-0.6999999999998181,-0.0227,1637.4439999999997,5172.108,1.9265,1.0,1.0,0.3166
2026-01-09 20:55:00,3085.66,3085.67,3081.99,3082.86,6084.465,18761177.539330002,2246.787,3837.678,0.5855,-2.799999999999727,-0.0907,-1590.891,6084.465,0.5855,1.0,1.0,-0.2615
2026-01-09 21:00:00,3082.87,3085.0,3082.47,3082.85,3161.58,9748966.12196,1556.93,1604.65,0.9703,-0.01999999999998181,-0.0006,-47.72000000000003,3161.58,0.9703,1.0,1.0,-0.0151
2026-01-09 21:05:00,3082.86,3087.19,3082.0,3085.62,8803.079,27144527.08458,4369.549,4433.53,0.9856,2.7599999999997635,0.0895,-63.98099999999977,8803.079,0.9856,1.0,1.0,-0.0073
2026-01-09 21:10:00,3085.61,3093.58,3085.61,3091.4,11725.628999999999,36237151.5463,8038.038,3687.591,2.1798,5.789999999999964,0.1876,4350.447,11725.628999999999,2.1798,1.0,1.0,0.371
2026-01-09 21:15:00,3091.4,3093.65,3091.1,3093.47,5069.996,15680331.99642,2829.387,2240.609,1.2628,2.069999999999709,0.067,588.7780000000002,5069.996,1.2628,1.0,1.0,0.1161
2026-01-09 21:20:00,3093.47,3101.79,3092.04,3096.57,13550.226,41967562.31153,7242.421,6307.805,1.1482,3.100000000000364,0.1002,934.616,13550.226,1.1482,1.0,1.0,0.069
2026-01-09 21:25:00,3096.57,3100.99,3095.39,3097.33,10883.019,33719088.25318,6061.398,4821.621,1.2571,0.7599999999997635,0.0245,1239.777,10883.019,1.2571,1.0,1.0,0.1139
2026-01-09 21:30:00,3097.33,3110.69,3083.47,3100.91,77081.51,238720735.73663,36583.36,40498.15,0.9033,3.5799999999999272,0.1156,-3914.790000000001,77081.51000000001,0.9033,1.0,1.0,-0.0508
2026-01-09 21:35:00,3100.9,3109.0,3098.0,3098.99,37565.687,116571373.56248,21530.853,16034.834,1.3428,-1.9100000000003092,-0.0616,5496.018999999998,37565.687,1.3428,1.0,1.0,0.1463
2026-01-09 21:40:00,3099.0,3101.65,3093.28,3093.85,10239.146999999999,31707332.64653,3318.423,6920.724,0.4795,-5.150000000000091,-0.1662,-3602.3010000000004,10239.147,0.4795,1.0,1.0,-0.3518
2026-01-09 21:45:00,3093.85,3095.36,3087.52,3089.55,10131.179,31311888.114779998,3631.928,6499.251,0.5588,-4.299999999999727,-0.139,-2867.3230000000003,10131.179,0.5588,1.0,1.0,-0.283
2026-01-09 21:50:00,3089.56,3099.64,3089.56,3099.24,8235.368999999999,25484727.38984,4769.612,3465.757,1.3762,9.679999999999836,0.3133,1303.855,8235.369,1.3762,1.0,1.0,0.1583
2026-01-09 21:55:00,3099.23,3099.24,3097.2,3097.21,6440.787,19955708.23825,3293.359,3147.428,1.0464,-2.019999999999982,-0.0652,145.93100000000004,6440.787,1.0464,1.0,1.0,0.0227
2026-01-09 22:00:00,3097.2,3097.61,3093.81,3094.66,4101.256,12695441.018410001,1859.451,2241.805,0.8294,-2.5399999999999636,-0.082,-382.3539999999998,4101.255999999999,0.8294,1.0,1.0,-0.0932
2026-01-09 22:05:00,3094.66,3095.08,3084.17,3085.54,11134.846,34390036.19737,4481.257,6653.589,0.6735,-9.11999999999989,-0.2947,-2172.3320000000003,11134.846,0.6735,1.0,1.0,-0.1951
2026-01-09 22:10:00,3085.54,3086.74,3075.79,3080.68,28352.117,87334263.21125,12549.252,15802.865,0.7941,-4.860000000000127,-0.1575,-3253.6129999999994,28352.117,0.7941,1.0,1.0,-0.1148
2026-01-09 22:15:00,3080.66,3084.98,3079.37,3084.27,7997.999,24659474.238900002,5524.498,2473.501,2.2335,3.6100000000001273,0.1172,3050.9969999999994,7997.999,2.2335,1.0,1.0,0.3815
2026-01-09 22:20:00,3084.25,3091.56,3082.1,3088.63,11874.994,36661288.39871,6638.385,5236.609,1.2677,4.380000000000109,0.142,1401.7759999999998,11874.994,1.2677,1.0,1.0,0.118
2026-01-09 22:25:00,3088.63,3094.73,3088.29,3093.77,11103.866,34330014.89988,5938.004,5165.862,1.1495,5.139999999999873,0.1664,772.1419999999998,11103.866,1.1495,1.0,1.0,0.0695
2026-01-09 22:30:00,3093.77,3095.93,3070.0,3077.31,39366.001000000004,121244062.01406,14643.537,24722.464,0.5923,-16.460000000000036,-0.532,-10078.927,39366.001000000004,0.5923,1.0,1.0,-0.256
2026-01-09 22:35:00,3077.32,3094.31,3072.6,3081.55,31289.285,96472878.34586,18941.45,12347.835,1.534,4.230000000000018,0.1375,6593.615000000002,31289.285,1.534,1.0,1.0,0.2107
2026-01-09 22:40:00,3081.59,3081.88,3069.0,3071.11,22610.836,69539920.63439,10188.961,12421.875,0.8202,-10.480000000000018,-0.3401,-2232.9140000000007,22610.836,0.8202,1.0,1.0,-0.0988
2026-01-09 22:45:00,3071.1,3076.8,3060.0,3065.0,49292.51,151203088.41387,18694.296,30598.214,0.611,-6.099999999999909,-0.1986,-11903.918000000001,49292.509999999995,0.611,1.0,1.0,-0.2415
2026-01-09 22:50:00,3065.0,3077.46,3065.0,3072.45,31555.549,96882388.72576,19938.894,11616.655,1.7164,7.449999999999818,0.2431,8322.239,31555.549,1.7164,1.0,1.0,0.2637
2026-01-09 22:55:00,3072.44,3079.97,3068.33,3077.65,13422.082,41260593.420540005,6687.408,6734.674,0.993,5.210000000000036,0.1696,-47.26599999999962,13422.082,0.993,1.0,1.0,-0.0035
2026-01-09 23:00:00,3077.66,3082.03,3067.43,3069.79,22363.203999999998,68783554.35415,10196.364,12166.84,0.838,-7.869999999999891,-0.2557,-1970.4760000000006,22363.203999999998,0.838,1.0,1.0,-0.0881
2026-01-09 23:05:00,3069.78,3072.5,3057.0,3071.85,38389.987,117673673.10449,19890.85,18499.137,1.0752,2.069999999999709,0.0674,1391.7129999999997,38389.986999999994,1.0752,1.0,1.0,0.0363
2026-01-09 23:10:00,3071.84,3078.0,3068.33,3076.77,17085.512,52539317.96414,7793.983,9291.529,0.8388,4.929999999999836,0.1605,-1497.5460000000003,17085.512000000002,0.8388,1.0,1.0,-0.0877
2026-01-09 23:15:00,3076.77,3081.99,3073.8,3080.56,16006.863000000001,49274290.725710005,9350.832,6656.031,1.4049,3.7899999999999636,0.1232,2694.8010000000004,16006.863000000001,1.4049,1.0,1.0,0.1684
2026-01-09 23:20:00,3080.57,3108.41,3079.11,3108.0,69965.451,216564121.0671,40453.38,29512.071,1.3707,27.429999999999836,0.8904,10941.308999999997,69965.451,1.3707,1.0,1.0,0.1564
2026-01-09 23:25:00,3107.99,3138.33,3103.5,3128.4,125587.107,391967027.50955,71879.408,53707.699,1.3383,20.41000000000031,0.6567,18171.708999999995,125587.10699999999,1.3383,1.0,1.0,0.1447
2026-01-09 23:30:00,3128.4,3139.17,3120.18,3129.29,70140.093,219461504.72725,29911.184,40228.909,0.7435,0.8899999999998727,0.0284,-10317.724999999999,70140.093,0.7435,1.0,1.0,-0.1471
2026-01-09 23:35:00,3129.28,3141.67,3124.0,3124.99,55547.827000000005,174103383.08332,26659.313,28888.514,0.9228,-4.290000000000418,-0.1371,-2229.201000000001,55547.827,0.9228,1.0,1.0,-0.0401
2026-01-09 23:40:00,3125.0,3130.82,3109.7,3111.22,50650.65,157900165.53787,22477.622,28173.028,0.7978,-13.7800000000002,-0.441,-5695.405999999999,50650.649999999994,0.7978,1.0,1.0,-0.1124
2026-01-09 23:45:00,3111.23,3125.48,3110.45,3114.19,29955.267,93401865.86458,16629.721,13325.546,1.248,2.9600000000000364,0.0951,3304.175000000001,29955.267,1.248,1.0,1.0,0.1103
2026-01-09 23:50:00,3114.2,3119.52,3104.01,3104.54,22739.5,70720486.05683,9178.064,13561.436,0.6768,-9.659999999999854,-0.3102,-4383.371999999999,22739.5,0.6768,1.0,1.0,-0.1928
2026-01-09 23:55:00,3104.54,3112.0,3094.09,3111.09,51406.378,159414290.96806,22899.981,28506.397,0.8033,6.550000000000182,0.211,-5606.416000000001,51406.378,0.8033,1.0,1.0,-0.1091
2026-01-10 00:00:00,3111.09,3122.88,3109.42,3119.01,26392.959000000003,82236492.30887,13928.882,12464.077,1.1175,7.920000000000073,0.2546,1464.8050000000003,26392.959,1.1175,1.0,1.0,0.0555
2026-01-10 00:05:00,3119.0,3125.0,3118.56,3119.2,16248.195,50721456.0306,9863.794,6384.401,1.545,0.1999999999998181,0.0064,3479.393,16248.195,1.545,1.0,1.0,0.2141
2026-01-10 00:10:00,3119.2,3142.95,3118.01,3141.56,46573.425,145890114.04274,33944.602,12628.823,2.6879,22.360000000000127,0.7169,21315.779,46573.425,2.6879,1.0,1.0,0.4577
2026-01-10 00:15:00,3141.55,3144.5,3128.7,3135.55,42930.205,134646467.61963,17687.57,25242.635,0.7007,-6.0,-0.191,-7555.064999999999,42930.205,0.7007,1.0,1.0,-0.176
2026-01-10 00:20:00,3135.56,3135.56,3128.89,3130.15,12268.232,38417964.050799996,5202.403,7065.829,0.7363,-5.4099999999998545,-0.1725,-1863.4259999999995,12268.232,0.7363,1.0,1.0,-0.1519
2026-01-10 00:25:00,3130.14,3130.8,3122.83,3125.26,17141.614,53580187.173470005,6637.917,10503.697,0.632,-4.879999999999654,-0.1559,-3865.7799999999997,17141.614,0.632,1.0,1.0,-0.2255
2026-01-10 00:30:00,3125.35,3130.05,3120.0,3121.34,10983.827,34320118.57948,5506.227,5477.6,1.0052,-4.0099999999997635,-0.1283,28.626999999999498,10983.827000000001,1.0052,1.0,1.0,0.0026
2026-01-10 00:35:00,3121.34,3124.6,3118.18,3123.39,7036.9890000000005,21965262.84461,3672.827,3364.162,1.0918,2.049999999999727,0.0657,308.6650000000004,7036.989,1.0918,1.0,1.0,0.0439
2026-01-10 00:40:00,3123.39,3128.3,3120.8,3125.29,5657.371,17681108.17236,3559.73,2097.641,1.697,1.900000000000091,0.0608,1462.089,5657.371,1.697,1.0,1.0,0.2584
2026-01-10 00:45:00,3125.3,3129.55,3122.65,3126.57,6340.893,19821636.27235,3597.065,2743.828,1.311,1.2699999999999818,0.0406,853.2370000000001,6340.893,1.311,1.0,1.0,0.1346
2026-01-10 00:50:00,3126.58,3134.99,3125.91,3132.6,12745.928,39915779.96842,7831.587,4914.341,1.5936,6.019999999999982,0.1925,2917.246,12745.928,1.5936,1.0,1.0,0.2289
2026-01-10 00:55:00,3132.59,3135.0,3128.61,3131.89,7350.405,23021467.04441,3590.092,3757.795,0.9554,-0.7000000000002728,-0.0223,-167.70299999999997,7347.887000000001,0.9554,1.0003,0.9997,-0.0228
2026-01-10 01:00:00,3131.89,3133.56,3126.0,3128.45,10806.373,33818446.51414,3295.274,7511.099,0.4387,-3.4400000000000546,-0.1098,-4215.825000000001,10806.373,0.4387,1.0,1.0,-0.3901
2026-01-10 01:05:00,3128.45,3131.54,3124.59,3125.01,6889.513,21545977.495920002,3008.423,3881.09,0.7751,-3.4399999999996,-0.11,-872.6670000000004,6889.513,0.7751,1.0,1.0,-0.1267
2026-01-10 01:10:00,3125.01,3125.68,3115.5,3121.4,15696.143,48963111.12924,6729.589,8966.554,0.7505,-3.6100000000001273,-0.1155,-2236.965,15696.143,0.7505,1.0,1.0,-0.1425
2026-01-10 01:15:00,3121.41,3121.8,3106.99,3107.52,25666.196,79854688.56218,12059.563,13606.633,0.8863,-13.889999999999873,-0.445,-1547.0699999999997,25666.196,0.8863,1.0,1.0,-0.0603
2026-01-10 01:20:00,3107.51,3116.5,3106.81,3116.0,14017.614,43613264.61786,8798.144,5219.47,1.6856,8.489999999999782,0.2732,3578.674,14017.614000000001,1.6856,1.0,1.0,0.2553
2026-01-10 01:25:00,3116.01,3116.01,3109.64,3109.98,4644.516,14455314.50494,1349.527,3294.989,0.4096,-6.0300000000002,-0.1935,-1945.462,4644.516,0.4096,1.0,1.0,-0.4189
2026-01-10 01:30:00,3109.98,3113.89,3105.5,3107.86,10689.423999999999,33240590.91549,6275.153,4414.271,1.4216,-2.119999999999891,-0.0682,1860.8820000000005,10689.423999999999,1.4216,1.0,1.0,0.1741
2026-01-10 01:35:00,3107.86,3112.62,3103.07,3108.68,9320.181,28962479.30365,5327.806,3992.375,1.3345,0.819999999999709,0.0264,1335.4309999999996,9320.181,1.3345,1.0,1.0,0.1433
2026-01-10 01:40:00,3108.69,3108.89,3104.23,3105.79,4021.522,12494103.28222,2292.597,1728.925,1.326,-2.900000000000091,-0.0933,563.6720000000003,4021.522,1.326,1.0,1.0,0.1402
2026-01-10 01:45:00,3105.79,3117.45,3103.56,3116.4,10373.097,32271064.94981,6083.793,4289.304,1.4184,10.610000000000127,0.3416,1794.4889999999996,10373.097,1.4184,1.0,1.0,0.173
2026-01-10 01:50:00,3116.41,3118.83,3113.7,3116.8,7715.116,24043868.34089,3306.982,4408.134,0.7502,0.3900000000003274,0.0125,-1101.152,7715.116,0.7502,1.0,1.0,-0.1427
2026-01-10 01:55:00,3116.79,3117.4,3112.75,3112.92,5987.679,18654388.73739,1377.558,4610.121,0.2988,-3.869999999999891,-0.1242,-3232.563,5987.679,0.2988,1.0,1.0,-0.5399
2026-01-10 02:00:00,3112.92,3117.4,3111.01,3115.11,4964.0779999999995,15456862.49105,3183.795,1780.283,1.7884,2.1900000000000546,0.0704,1403.5120000000002,4964.0779999999995,1.7884,1.0,1.0,0.2827
2026-01-10 02:05:00,3115.1,3117.26,3110.54,3111.58,5093.019,15857945.83334,2974.669,2118.35,1.4042,-3.519999999999982,-0.113,856.319,5093.019,1.4042,1.0,1.0,0.1681
2026-01-10 02:10:00,3111.59,3112.0,3104.01,3106.9,8735.668,27140338.65549,4140.451,4595.217,0.901,-4.690000000000055,-0.1507,-454.7659999999996,8735.668,0.901,1.0,1.0,-0.0521
2026-01-10 02:15:00,3106.89,3106.89,3093.39,3096.9,27694.152,85794250.9214,9686.066,18008.086,0.5379,-9.989999999999782,-0.3215,-8322.019999999999,27694.152000000002,0.5379,1.0,1.0,-0.3005
2026-01-10 02:20:00,3096.9,3099.46,3087.16,3090.31,18827.686999999998,58200710.015310004,6903.316,11924.371,0.5789,-6.5900000000001455,-0.2128,-5021.054999999999,18827.686999999998,0.5789,1.0,1.0,-0.2667
2026-01-10 02:25:00,3090.31,3090.84,3081.4,3084.6,23034.764,71070384.59774,8959.346,14075.418,0.6365,-5.710000000000036,-0.1848,-5116.072,23034.764,0.6365,1.0,1.0,-0.2221
2026-01-10 02:30:00,3084.6,3086.36,3072.0,3085.99,34548.339,106398484.86038,12785.406,21762.933,0.5875,1.3899999999998727,0.0451,-8977.527,34548.339,0.5875,1.0,1.0,-0.2599
2026-01-10 02:35:00,3085.99,3094.38,3083.0,3088.5,18161.207000000002,56118367.88346,8975.076,9186.131,0.977,2.5100000000002183,0.0813,-211.0550000000003,18161.207,0.977,1.0,1.0,-0.0116
2026-01-10 02:40:00,3088.5,3093.84,3087.48,3091.85,5524.782999999999,17076468.36599,2275.91,3248.873,0.7005,3.349999999999909,0.1085,-972.9630000000002,5524.782999999999,0.7005,1.0,1.0,-0.1761
2026-01-10 02:45:00,3091.95,3094.74,3085.12,3094.67,13566.033,41925228.43669,6801.077,6764.956,1.0053,2.7200000000002547,0.088,36.121000000000095,13566.033,1.0053,1.0,1.0,0.0027
2026-01-10 02:50:00,3094.67,3097.33,3092.6,3095.47,6379.01,19741051.7908,2519.832,3859.178,0.6529,0.7999999999997272,0.0259,-1339.346,6379.01,0.6529,1.0,1.0,-0.21
2026-01-10 02:55:00,3095.48,3096.8,3092.1,3093.53,9094.194,28143668.62425,2648.148,6446.046,0.4108,-1.949999999999818,-0.063,-3797.898,9094.194,0.4108,1.0,1.0,-0.4176
2026-01-10 03:00:00,3093.53,3093.54,3085.0,3087.91,7120.874,21991825.16042,2755.672,4365.202,0.6313,-5.620000000000346,-0.1817,-1609.5300000000002,7120.874,0.6313,1.0,1.0,-0.226
2026-01-10 03:05:00,3087.9,3091.57,3084.2,3088.89,5505.2210000000005,17005253.03635,3608.337,1896.884,1.9022,0.9899999999997817,0.0321,1711.453,5505.221,1.9022,1.0,1.0,0.3109
2026-01-10 03:10:00,3088.9,3088.98,3081.44,3083.5,8958.181,27630036.79568,4742.33,4215.851,1.1249,-5.400000000000091,-0.1748,526.4790000000003,8958.181,1.1249,1.0,1.0,0.0588
2026-01-10 03:15:00,3083.51,3084.84,3075.39,3078.79,10614.496,32685770.55348,4123.354,6491.142,0.6352,-4.720000000000255,-0.1531,-2367.7879999999996,10614.496,0.6352,1.0,1.0,-0.2231
2026-01-10 03:20:00,3078.79,3079.16,3069.44,3076.53,15098.511,46411108.5835,7164.013,7934.498,0.9029,-2.2599999999997635,-0.0734,-770.4849999999997,15098.510999999999,0.9029,1.0,1.0,-0.051
2026-01-10 03:25:00,3076.53,3077.64,3073.0,3073.96,4691.133,14425888.866500001,3097.261,1593.872,1.9432,-2.5700000000001637,-0.0835,1503.389,4691.133,1.9432,1.0,1.0,0.3205
2026-01-10 03:30:00,3073.96,3074.4,3067.32,3071.5,12467.054,38283491.51361,6180.699,6286.355,0.9832,-2.4600000000000364,-0.08,-105.65599999999995,12467.054,0.9832,1.0,1.0,-0.0085
2026-01-10 03:35:00,3071.5,3077.98,3071.31,3075.61,6702.225,20607894.80962,4315.079,2387.146,1.8076,4.110000000000127,0.1338,1927.9329999999995,6702.225,1.8076,1.0,1.0,0.2877
2026-01-10 03:40:00,3075.61,3077.0,3072.25,3073.0,5470.784,16825686.53381,2673.26,2797.524,0.9556,-2.6100000000001273,-0.0849,-124.26399999999967,5470.784,0.9556,1.0,1.0,-0.0227
2026-01-10 03:45:00,3073.01,3081.81,3072.0,3079.47,5507.781,16953621.05573,3696.553,1811.228,2.0409,6.459999999999582,0.2102,1885.3249999999998,5507.781,2.0409,1.0,1.0,0.3423
2026-01-10 03:50:00,3079.47,3086.94,3079.27,3080.42,11649.907,35920586.07244,5299.016,6350.891,0.8344,0.9500000000002728,0.0308,-1051.875,11649.907,0.8344,1.0,1.0,-0.0903
2026-01-10 03:55:00,3080.42,3082.0,3078.33,3078.86,3576.82,11017892.0472,1296.825,2279.995,0.5688,-1.5599999999999454,-0.0506,-983.1699999999998,3576.8199999999997,0.5688,1.0,1.0,-0.2749
2026-01-10 04:00:00,3078.85,3086.63,3075.48,3085.21,11316.333,34851487.49628,7962.424,3353.909,2.3741,6.360000000000127,0.2066,4608.514999999999,11316.333,2.3741,1.0,1.0,0.4072
2026-01-10 04:05:00,3085.21,3086.99,3083.0,3086.45,3094.084,9545448.96821,1031.896,2062.188,0.5004,1.2399999999997817,0.0402,-1030.2920000000001,3094.084,0.5004,1.0,1.0,-0.333
2026-01-10 04:10:00,3086.44,3088.44,3084.61,3085.51,4368.665,13485493.35124,2037.543,2331.122,0.8741,-0.9299999999998363,-0.0301,-293.57899999999995,4368.665,0.8741,1.0,1.0,-0.0672
2026-01-10 04:15:00,3085.51,3087.87,3081.08,3083.25,7840.468,24179979.46901,1231.832,6608.636,0.1864,-2.2600000000002183,-0.0732,-5376.804,7840.468000000001,0.1864,1.0,1.0,-0.6858
2026-01-10 04:20:00,3083.26,3088.33,3082.88,3085.19,3353.212,10345707.16052,2295.254,1057.958,2.1695,1.9299999999998363,0.0626,1237.2959999999998,3353.212,2.1695,1.0,1.0,0.369
2026-01-10 04:25:00,3085.19,3086.4,3080.65,3082.26,1681.869,5186233.99655,624.995,1056.874,0.5914,-2.9299999999998363,-0.095,-431.879,1681.8690000000001,0.5914,1.0,1.0,-0.2568
2026-01-10 04:30:00,3082.25,3089.21,3081.66,3089.14,3390.8059999999996,10466801.49179,2159.072,1231.734,1.7529,6.889999999999873,0.2235,927.3380000000002,3390.806,1.7529,1.0,1.0,0.2735
2026-01-10 04:35:00,3089.14,3090.66,3086.0,3086.31,5006.6539999999995,15461909.10765,3038.287,1968.367,1.5436,-2.8299999999999272,-0.0916,1069.9199999999998,5006.6539999999995,1.5436,1.0,1.0,0.2137
2026-01-10 04:40:00,3086.31,3086.32,3076.39,3076.68,5588.157,17215641.9279,1636.1,3952.057,0.414,-9.63000000000011,-0.312,-2315.957,5588.156999999999,0.414,1.0,1.0,-0.4144
2026-01-10 04:45:00,3076.69,3080.38,3076.6,3079.34,3903.6450000000004,12018688.94122,2015.429,1888.216,1.0674,2.650000000000091,0.0861,127.21300000000019,3903.645,1.0674,1.0,1.0,0.0326
2026-01-10 04:50:00,3079.34,3080.08,3070.84,3073.65,7399.982,22750134.00316,2797.076,4602.906,0.6077,-5.690000000000055,-0.1848,-1805.83,7399.982,0.6077,1.0,1.0,-0.244
2026-01-10 04:55:00,3073.64,3075.79,3069.0,3072.05,10013.774,30758139.28985,4587.124,5426.65,0.8453,-1.5899999999996908,-0.0517,-839.5259999999998,10013.774,0.8453,1.0,1.0,-0.0838
2026-01-10 05:00:00,3072.05,3073.45,3066.34,3071.13,9907.618999999999,30419866.28701,4974.518,4933.101,1.0084,-0.9200000000000728,-0.0299,41.41700000000037,9907.618999999999,1.0084,1.0,1.0,0.0042
2026-01-10 05:05:00,3071.13,3077.65,3063.57,3076.85,12372.584,37979269.15162,6396.425,5976.159,1.0703,5.7199999999998,0.1863,420.26600000000053,12372.583999999999,1.0703,1.0,1.0,0.034
2026-01-10 05:10:00,3076.85,3077.39,3073.91,3076.27,4740.2919999999995,14577679.525700001,2613.025,2127.267,1.2283,-0.5799999999999272,-0.0189,485.75800000000027,4740.2919999999995,1.2283,1.0,1.0,0.1025
2026-01-10 05:15:00,3076.26,3082.45,3075.27,3081.7,7987.247,24596618.16417,5425.957,2561.29,2.1184,5.4399999999996,0.1768,2864.6670000000004,7987.247,2.1184,1.0,1.0,0.3587
2026-01-10 05:20:00,3081.71,3083.36,3081.16,3081.86,3174.86,9785485.19259,1318.396,1856.464,0.7102,0.15000000000009095,0.0049,-538.068,3174.8599999999997,0.7102,1.0,1.0,-0.1695
2026-01-10 05:25:00,3081.86,3090.28,3081.54,3086.47,17407.224000000002,53733452.16395,12150.969,5256.255,2.3117,4.609999999999673,0.1496,6894.713999999999,17407.224,2.3117,1.0,1.0,0.3961
2026-01-10 05:30:00,3086.48,3094.0,3081.96,3082.49,12113.607,37418550.14346,5526.776,6586.831,0.8391,-3.9900000000002365,-0.1293,-1060.0550000000003,12113.607,0.8391,1.0,1.0,-0.0875
2026-01-10 05:35:00,3082.45,3084.2,3081.8,3083.43,3382.4930000000004,10427676.94165,1498.509,1883.984,0.7954,0.9800000000000182,0.0318,-385.4749999999999,3382.493,0.7954,1.0,1.0,-0.114
2026-01-10 05:40:00,3083.43,3083.43,3080.3,3081.51,2210.288,6810658.89244,540.688,1669.6,0.3238,-1.919999999999618,-0.0623,-1128.9119999999998,2210.288,0.3238,1.0,1.0,-0.5108
2026-01-10 05:45:00,3081.5,3082.0,3078.95,3079.27,1576.97,4857122.4012400005,498.162,1078.808,0.4618,-2.230000000000018,-0.0724,-580.646,1576.97,0.4618,1.0,1.0,-0.3682
2026-01-10 05:50:00,3079.28,3082.55,3078.24,3082.35,1936.157,5963128.16279,1160.473,775.684,1.4961,3.069999999999709,0.0997,384.789,1936.157,1.4961,1.0,1.0,0.1987
2026-01-10 05:55:00,3082.35,3087.18,3082.34,3084.59,5600.416,17274532.87717,4402.186,1198.23,3.6739,2.2400000000002365,0.0727,3203.9559999999997,5600.415999999999,3.6739,1.0,1.0,0.5721
2026-01-10 06:00:00,3084.56,3086.62,3083.15,3086.09,2133.3669999999997,6581801.8267,889.843,1243.524,0.7156,1.5300000000002,0.0496,-353.6809999999999,2133.3669999999997,0.7156,1.0,1.0,-0.1658
2026-01-10 06:05:00,3086.09,3087.4,3083.15,3087.2,1715.0,5291893.9001,538.639,1176.361,0.4579,1.1099999999996726,0.036,-637.7220000000001,1715.0,0.4579,1.0,1.0,-0.3718
2026-01-10 06:10:00,3087.2,3087.2,3073.08,3078.3,8118.138,24984113.94537,2111.403,6006.735,0.3515,-8.899999999999636,-0.2883,-3895.332,8118.137999999999,0.3515,1.0,1.0,-0.4798
2026-01-10 06:15:00,3078.3,3080.25,3076.22,3080.17,3637.357,11197991.040469998,2160.519,1476.838,1.4629,1.8699999999998909,0.0607,683.6809999999998,3637.357,1.4629,1.0,1.0,0.188
2026-01-10 06:20:00,3080.17,3080.51,3077.63,3079.0,2343.388,7216249.977080001,1563.662,779.726,2.0054,-1.1700000000000728,-0.038,783.936,2343.388,2.0054,1.0,1.0,0.3345
2026-01-10 06:25:00,3079.01,3081.85,3075.5,3081.56,1624.318,4999217.909630001,840.066,784.252,1.0712,2.549999999999727,0.0828,55.81400000000008,1624.318,1.0712,1.0,1.0,0.0344
2026-01-10 06:30:00,3081.56,3087.77,3081.2,3084.7,5987.505,18466963.65594,4610.119,1377.386,3.347,3.1399999999998727,0.1019,3232.7329999999997,5987.504999999999,3.347,1.0,1.0,0.5399
2026-01-10 06:35:00,3084.7,3085.34,3081.65,3083.24,1121.743,3458875.87689,376.998,744.745,0.5062,-1.4600000000000364,-0.0473,-367.747,1121.743,0.5062,1.0,1.0,-0.3278
2026-01-10 06:40:00,3083.24,3083.99,3080.3,3081.57,1522.2420000000002,4691959.61864,622.178,900.064,0.6913,-1.669999999999618,-0.0542,-277.88599999999997,1522.242,0.6913,1.0,1.0,-0.1826
2026-01-10 06:45:00,3081.57,3082.43,3080.91,3082.43,1331.5420000000001,4103879.80482,939.475,392.067,2.3962,0.8599999999996726,0.0279,547.408,1331.542,2.3962,1.0,1.0,0.4111
2026-01-10 06:50:00,3082.43,3086.35,3082.42,3084.6,1214.797,3747128.98212,895.183,319.614,2.8008,2.1700000000000728,0.0704,575.569,1214.797,2.8008,1.0,1.0,0.4738
2026-01-10 06:55:00,3084.6,3085.98,3082.85,3085.19,988.222,3048355.92882,549.715,438.507,1.2536,0.5900000000001455,0.0191,111.20800000000003,988.222,1.2536,1.0,1.0,0.1125
2026-01-10 07:00:00,3085.19,3088.11,3082.54,3088.11,3362.7529999999997,10377663.26045,1735.762,1626.991,1.0669,2.9200000000000728,0.0946,108.77099999999996,3362.7529999999997,1.0669,1.0,1.0,0.0323
2026-01-10 07:05:00,3088.11,3088.81,3086.55,3087.51,2245.319,6933752.07589,591.829,1653.49,0.3579,-0.599999999999909,-0.0194,-1061.661,2245.319,0.3579,1.0,1.0,-0.4728
2026-01-10 07:10:00,3087.5,3088.0,3085.8,3087.77,3794.746,11713016.22604,1968.042,1826.704,1.0774,0.2699999999999818,0.0087,141.33799999999997,3794.746,1.0774,1.0,1.0,0.0372
2026-01-10 07:15:00,3087.77,3087.9,3085.6,3085.6,1608.6390000000001,4965779.75933,615.787,992.852,0.6202,-2.1700000000000728,-0.0703,-377.06499999999994,1608.6390000000001,0.6202,1.0,1.0,-0.2344
2026-01-10 07:20:00,3085.6,3088.81,3085.6,3088.81,1171.8,3618440.25225,591.141,580.659,1.0181,3.2100000000000364,0.104,10.481999999999971,1171.8,1.0181,1.0,1.0,0.0089
2026-01-10 07:25:00,3088.8,3091.5,3088.72,3089.22,4210.973,13012319.38303,2907.329,1303.644,2.2302,0.419999999999618,0.0136,1603.6850000000002,4210.973,2.2302,1.0,1.0,0.3808
2026-01-10 07:30:00,3089.22,3091.98,3087.6,3091.0,2414.352,7459846.74402,1408.548,1005.804,1.4004,1.7800000000002,0.0576,402.744,2414.352,1.4004,1.0,1.0,0.1668
2026-01-10 07:35:00,3090.99,3092.0,3088.68,3089.33,2365.592,7312358.3704,1388.302,977.29,1.4206,-1.6599999999998545,-0.0537,411.01199999999994,2365.5919999999996,1.4206,1.0,1.0,0.1737
2026-01-10 07:40:00,3089.33,3089.85,3087.58,3089.46,2018.4499999999998,6234221.323960001,492.219,1526.231,0.3225,0.13000000000010914,0.0042,-1034.012,2018.45,0.3225,1.0,1.0,-0.5123
2026-01-10 07:45:00,3089.46,3090.75,3087.36,3087.85,2755.482,8511820.01801,954.049,1801.433,0.5296,-1.6100000000001273,-0.0521,-847.384,2755.482,0.5296,1.0,1.0,-0.3075
2026-01-10 07:50:00,3087.85,3087.85,3085.15,3086.0,1960.182,6049192.90424,299.519,1660.663,0.1804,-1.849999999999909,-0.0599,-1361.144,1960.182,0.1804,1.0,1.0,-0.6944
2026-01-10 07:55:00,3086.0,3087.2,3083.84,3087.19,1450.21,4473678.06606,541.609,908.601,0.5961,1.1900000000000546,0.0386,-366.99199999999996,1450.21,0.5961,1.0,1.0,-0.2531
2026-01-10 08:00:00,3087.2,3088.56,3084.91,3088.56,1967.021,6070999.440669999,789.562,1177.459,0.6706,1.3600000000001273,0.0441,-387.89700000000005,1967.0210000000002,0.6706,1.0,1.0,-0.1972
2026-01-10 08:05:00,3088.56,3088.86,3087.1,3088.46,934.181,2884797.19038,587.588,346.593,1.6953,-0.09999999999990905,-0.0032,240.99499999999995,934.181,1.6953,1.0,1.0,0.258
2026-01-10 08:10:00,3088.45,3088.46,3083.6,3083.68,2825.205,8716166.54394,682.012,2143.193,0.3182,-4.769999999999982,-0.1544,-1461.1810000000003,2825.205,0.3182,1.0,1.0,-0.5172
2026-01-10 08:15:00,3083.68,3084.0,3082.0,3082.0,2422.855,7469874.92499,666.547,1756.308,0.3795,-1.6799999999998363,-0.0545,-1089.761,2422.855,0.3795,1.0,1.0,-0.4498
2026-01-10 08:20:00,3082.0,3083.74,3080.75,3083.74,1515.432,4671252.05962,868.263,647.169,1.3416,1.7399999999997817,0.0565,221.09400000000005,1515.432,1.3416,1.0,1.0,0.1459
2026-01-10 08:25:00,3083.73,3086.85,3083.0,3086.76,1914.826,5906731.26528,1451.176,463.65,3.1299,3.0300000000002,0.0983,987.526,1914.826,3.1299,1.0,1.0,0.5157
2026-01-10 08:30:00,3086.76,3088.44,3086.49,3086.62,1970.059,6082729.8684,1143.627,826.432,1.3838,-0.14000000000032742,-0.0045,317.19499999999994,1970.059,1.3838,1.0,1.0,0.161
2026-01-10 08:35:00,3086.61,3087.19,3085.0,3085.82,988.391,3050126.77569,234.712,753.679,0.3114,-0.7899999999999636,-0.0256,-518.967,988.391,0.3114,1.0,1.0,-0.5251
2026-01-10 08:40:00,3085.82,3086.75,3083.54,3084.87,1480.8690000000001,4568135.56622,412.262,1068.607,0.3858,-0.9500000000002728,-0.0308,-656.345,1480.869,0.3858,1.0,1.0,-0.4432
2026-01-10 08:45:00,3084.87,3084.88,3081.94,3083.61,3417.301,10538153.31095,2535.708,881.593,2.8763,-1.2599999999997635,-0.0408,1654.1150000000002,3417.301,2.8763,1.0,1.0,0.484
2026-01-10 08:50:00,3083.6,3084.0,3082.51,3082.68,936.7570000000001,2888300.17654,568.073,368.684,1.5408,-0.9200000000000728,-0.0298,199.38899999999995,936.7570000000001,1.5408,1.0,1.0,0.2129
2026-01-10 08:55:00,3082.67,3082.68,3080.51,3082.39,2339.828,7210105.637490001,1012.592,1327.236,0.7629,-0.2800000000002001,-0.0091,-314.6440000000001,2339.828,0.7629,1.0,1.0,-0.1345
2026-01-10 09:00:00,3082.39,3083.57,3082.39,3083.08,900.234,2775377.40234,417.531,482.703,0.865,0.6900000000000546,0.0224,-65.17199999999997,900.2339999999999,0.865,1.0,1.0,-0.0724
2026-01-10 09:05:00,3083.08,3086.18,3083.08,3084.34,2161.318,6667494.61515,1184.368,976.95,1.2123,1.2600000000002183,0.0409,207.4179999999999,2161.318,1.2123,1.0,1.0,0.096
2026-01-10 09:10:00,3084.34,3086.58,3082.05,3086.58,1593.541,4914491.296639999,767.456,826.085,0.929,2.2399999999997817,0.0726,-58.62900000000002,1593.5410000000002,0.929,1.0,1.0,-0.0368
2026-01-10 09:15:00,3086.57,3088.0,3086.03,3086.03,2895.52,8939216.5513,1392.873,1502.647,0.9269,-0.5399999999999636,-0.0175,-109.77399999999989,2895.52,0.9269,1.0,1.0,-0.0379
2026-01-10 09:20:00,3086.03,3088.71,3085.58,3087.19,3828.5299999999997,11818043.90076,1040.255,2788.275,0.3731,1.1599999999998545,0.0376,-1748.02,3828.53,0.3731,1.0,1.0,-0.4566
2026-01-10 09:25:00,3087.19,3088.69,3087.19,3088.64,1529.684,4724083.66025,1101.449,428.235,2.5721,1.449999999999818,0.047,673.214,1529.6840000000002,2.5721,1.0,1.0,0.4401
2026-01-10 09:30:00,3088.64,3089.43,3087.5,3088.78,1495.438,4618916.20532,873.863,621.575,1.4059,0.14000000000032742,0.0045,252.288,1495.438,1.4059,1.0,1.0,0.1687
2026-01-10 09:35:00,3088.77,3089.81,3087.5,3087.5,1636.9859999999999,5056125.03739,635.7,1001.286,0.6349,-1.2699999999999818,-0.0411,-365.5859999999999,1636.9859999999999,0.6349,1.0,1.0,-0.2233
2026-01-10 09:40:00,3087.5,3089.72,3087.38,3089.1,2771.017,8559316.84316,2203.77,567.247,3.885,1.599999999999909,0.0518,1636.5230000000001,2771.017,3.885,1.0,1.0,0.5906
2026-01-10 09:45:00,3089.1,3090.85,3088.48,3089.96,3884.575,12003182.06866,2347.025,1537.55,1.5265,0.8600000000001273,0.0278,809.4750000000001,3884.575,1.5265,1.0,1.0,0.2084
2026-01-10 09:50:00,3089.96,3090.46,3086.72,3088.49,1968.0910000000001,6077506.86372,830.241,1137.85,0.7297,-1.4700000000002547,-0.0476,-307.6089999999999,1968.091,0.7297,1.0,1.0,-0.1563
2026-01-10 09:55:00,3088.5,3089.38,3087.7,3088.99,1712.6309999999999,5289783.37997,837.79,874.841,0.9576,0.4899999999997817,0.0159,-37.051000000000045,1712.6309999999999,0.9576,1.0,1.0,-0.0216
2026-01-10 10:00:00,3089.0,3090.7,3088.99,3090.49,1320.861,4081393.29222,705.269,615.592,1.1457,1.4899999999997817,0.0482,89.67700000000002,1320.8609999999999,1.1457,1.0,1.0,0.0679
2026-01-10 10:05:00,3090.49,3090.5,3089.81,3089.81,1205.893,3726277.5762899998,749.146,456.747,1.6402,-0.6799999999998363,-0.022,292.39899999999994,1205.893,1.6402,1.0,1.0,0.2425
2026-01-10 10:10:00,3089.81,3091.0,3088.79,3091.0,1090.063,3368245.97787,532.843,557.22,0.9563,1.1900000000000546,0.0385,-24.377000000000066,1090.063,0.9563,1.0,1.0,-0.0224
2026-01-10 10:15:00,3091.0,3091.39,3089.28,3090.51,2707.192,8366455.149739999,1748.606,958.586,1.8242,-0.4899999999997817,-0.0159,790.02,2707.192,1.8242,1.0,1.0,0.2918
2026-01-10 10:20:00,3090.5,3094.37,3090.22,3090.22,3748.8070000000002,11593389.33165,2363.554,1385.253,1.7062,-0.2800000000002001,-0.0091,978.3010000000002,3748.807,1.7062,1.0,1.0,0.261
2026-01-10 10:25:00,3090.23,3091.0,3089.8,3090.37,2419.5190000000002,7476940.51585,824.952,1594.567,0.5174,0.13999999999987267,0.0045,-769.615,2419.5190000000002,0.5174,1.0,1.0,-0.3181
2026-01-10 10:30:00,3090.36,3090.37,3087.03,3087.03,3054.6820000000002,9433104.39968,445.965,2608.717,0.171,-3.3299999999999272,-0.1078,-2162.752,3054.6820000000002,0.171,1.0,1.0,-0.708
2026-01-10 10:35:00,3087.03,3087.2,3083.25,3083.85,5353.477,16516137.499060001,1802.259,3551.218,0.5075,-3.180000000000291,-0.103,-1748.9589999999998,5353.477,0.5075,1.0,1.0,-0.3267
2026-01-10 10:40:00,3083.85,3085.63,3082.15,3082.9,3384.034,10433781.18085,1738.362,1645.672,1.0563,-0.9499999999998181,-0.0308,92.69000000000005,3384.034,1.0563,1.0,1.0,0.0274
2026-01-10 10:45:00,3082.9,3085.83,3082.79,3085.83,1418.28,4375068.68558,838.606,579.674,1.4467,2.9299999999998363,0.095,258.932,1418.28,1.4467,1.0,1.0,0.1826
2026-01-10 10:50:00,3085.83,3086.41,3085.8,3085.81,789.791,2437355.10735,592.174,197.617,2.9966,-0.01999999999998181,-0.0006,394.557,789.7909999999999,2.9966,1.0,1.0,0.4996
2026-01-10 10:55:00,3085.8,3087.0,3085.66,3086.99,980.0600000000001,3024676.5718,597.649,382.411,1.5628,1.1899999999995998,0.0386,215.238,980.06,1.5628,1.0,1.0,0.2196
2026-01-10 11:00:00,3086.99,3087.19,3084.2,3084.56,1714.463,5290494.867620001,322.679,1391.784,0.2318,-2.4299999999998363,-0.0787,-1069.105,1714.4630000000002,0.2318,1.0,1.0,-0.6236
2026-01-10 11:05:00,3084.56,3084.57,3078.37,3079.99,16168.385,49813338.93897,5609.254,10559.131,0.5312,-4.570000000000164,-0.1482,-4949.8769999999995,16168.384999999998,0.5312,1.0,1.0,-0.3061
2026-01-10 11:10:00,3080.0,3081.61,3079.15,3079.71,4286.361,13203846.900330001,1660.856,2625.505,0.6326,-0.2899999999999636,-0.0094,-964.6490000000001,4286.361,0.6326,1.0,1.0,-0.2251
2026-01-10 11:15:00,3079.71,3083.68,3079.7,3083.67,2471.723,7616725.273870001,2002.502,469.221,4.2677,3.9600000000000364,0.1286,1533.281,2471.723,4.2677,1.0,1.0,0.6203
2026-01-10 11:20:00,3083.67,3087.59,3083.33,3085.44,11415.751,35223919.38755,9607.706,1808.045,5.3139,1.7699999999999818,0.0574,7799.661,11415.751,5.3139,1.0,1.0,0.6832
2026-01-10 11:25:00,3085.44,3086.9,3085.23,3086.3,1077.162,3324189.05277,570.967,506.195,1.128,0.8600000000001273,0.0279,64.77199999999999,1077.162,1.128,1.0,1.0,0.0601
2026-01-10 11:30:00,3086.3,3087.2,3084.1,3084.37,1686.9759999999999,5205127.15335,442.691,1244.285,0.3558,-1.930000000000291,-0.0625,-801.594,1686.976,0.3558,1.0,1.0,-0.4752
2026-01-10 11:35:00,3084.38,3084.78,3083.32,3084.77,1532.846,4727744.93472,910.578,622.268,1.4633,0.38999999999987267,0.0126,288.30999999999995,1532.846,1.4633,1.0,1.0,0.1881
2026-01-10 11:40:00,3084.78,3085.83,3083.47,3084.34,987.414,3046077.62706,638.444,348.97,1.8295,-0.44000000000005457,-0.0143,289.47399999999993,987.414,1.8295,1.0,1.0,0.2932
2026-01-10 11:45:00,3084.34,3086.26,3084.15,3086.26,745.637,2300423.3258999996,390.432,355.205,1.0992,1.9200000000000728,0.0622,35.22700000000003,745.637,1.0992,1.0,1.0,0.0472
2026-01-10 11:50:00,3086.25,3086.94,3085.97,3086.93,899.1659999999999,2775202.58185,322.442,576.724,0.5591,0.6799999999998363,0.022,-254.28200000000004,899.166,0.5591,1.0,1.0,-0.2828
2026-01-10 11:55:00,3086.93,3088.22,3085.06,3085.79,6445.544,19899376.23018,3752.054,2693.49,1.393,-1.1399999999998727,-0.0369,1058.5640000000003,6445.544,1.393,1.0,1.0,0.1642
2026-01-10 12:00:00,3085.79,3086.58,3083.09,3083.31,5547.903,17114402.83919,1391.061,4156.842,0.3346,-2.480000000000018,-0.0804,-2765.781,5547.902999999999,0.3346,1.0,1.0,-0.4985
2026-01-10 12:05:00,3083.32,3083.32,3080.1,3082.33,2516.754,7755343.6101,1071.101,1445.653,0.7409,-0.9900000000002365,-0.0321,-374.5519999999999,2516.754,0.7409,1.0,1.0,-0.1488
2026-01-10 12:10:00,3082.33,3082.8,3081.0,3082.37,1976.794,6092121.29999,936.161,1040.633,0.8996,0.03999999999996362,0.0013,-104.4720000000001,1976.7939999999999,0.8996,1.0,1.0,-0.0528
2026-01-10 12:15:00,3082.38,3082.65,3080.56,3081.45,1201.737,3703267.67382,596.761,604.976,0.9864,-0.930000000000291,-0.0302,-8.215000000000032,1201.737,0.9864,1.0,1.0,-0.0068
2026-01-10 12:20:00,3081.45,3082.98,3081.45,3081.6,822.726,2535798.1345599997,490.401,332.325,1.4757,0.15000000000009095,0.0049,158.07600000000002,822.726,1.4757,1.0,1.0,0.1921
2026-01-10 12:25:00,3081.6,3082.31,3081.14,3082.31,2069.099,6376016.62402,963.567,1105.532,0.8716,0.7100000000000364,0.023,-141.96499999999992,2069.099,0.8716,1.0,1.0,-0.0686
2026-01-10 12:30:00,3082.3,3084.11,3082.13,3082.94,3266.291,10070466.10974,2831.382,434.909,6.5103,0.6399999999998727,0.0208,2396.473,3266.291,6.5103,1.0,1.0,0.7337
2026-01-10 12:35:00,3082.95,3083.54,3081.26,3082.12,1006.053,3100919.34031,406.275,599.778,0.6774,-0.8299999999999272,-0.0269,-193.50300000000004,1006.053,0.6774,1.0,1.0,-0.1923
2026-01-10 12:40:00,3082.13,3083.75,3082.12,3083.75,596.565,1839456.6675200001,380.642,215.923,1.7629,1.6199999999998909,0.0526,164.719,596.565,1.7629,1.0,1.0,0.2761
2026-01-10 12:45:00,3083.75,3083.75,3083.0,3083.61,595.23,1835311.06499,292.633,302.597,0.9671,-0.13999999999987267,-0.0045,-9.963999999999999,595.23,0.9671,1.0,1.0,-0.0167
2026-01-10 12:50:00,3083.6,3084.73,3082.54,3082.55,1009.9169999999999,3113942.1189099997,542.043,467.874,1.1585,-1.0499999999997272,-0.0341,74.16899999999998,1009.917,1.1585,1.0,1.0,0.0734
2026-01-10 12:55:00,3082.54,3084.39,3076.58,3079.1,9764.275,30074813.90618,2892.151,6872.124,0.4209,-3.4400000000000546,-0.1116,-3979.973,9764.275,0.4209,1.0,1.0,-0.4076
2026-01-10 13:00:00,3079.11,3081.0,3078.87,3079.36,3463.918,10667697.89718,1583.852,1880.066,0.8424,0.25,0.0081,-296.21399999999994,3463.918,0.8424,1.0,1.0,-0.0855
2026-01-10 13:05:00,3079.36,3082.9,3079.35,3082.51,3874.844,11938919.68037,3600.242,274.602,13.1108,3.150000000000091,0.1023,3325.6400000000003,3874.844,13.1108,1.0,1.0,0.8583
2026-01-10 13:10:00,3082.51,3084.4,3082.5,3083.7,2337.47,7207702.17687,1851.956,485.514,3.8144,1.1899999999995998,0.0386,1366.442,2337.47,3.8144,1.0,1.0,0.5846
2026-01-10 13:15:00,3083.7,3084.03,3082.65,3082.86,658.735,2031128.1575500001,365.047,293.688,1.243,-0.8399999999996908,-0.0272,71.35900000000004,658.735,1.243,1.0,1.0,0.1083
2026-01-10 13:20:00,3082.86,3083.49,3082.4,3082.7,557.842,1719655.14864,286.836,271.006,1.0584,-0.16000000000030923,-0.0052,15.830000000000041,557.842,1.0584,1.0,1.0,0.0284
2026-01-10 13:25:00,3082.7,3084.0,3082.69,3084.0,613.828,1892541.30384,408.732,205.096,1.9929,1.300000000000182,0.0422,203.63600000000002,613.828,1.9929,1.0,1.0,0.3317
2026-01-10 13:30:00,3084.0,3084.26,3082.79,3083.29,931.441,2872022.72744,175.994,755.447,0.233,-0.7100000000000364,-0.023,-579.453,931.441,0.233,1.0,1.0,-0.6221
2026-01-10 13:35:00,3083.29,3085.0,3083.18,3084.99,2604.293,8032206.53638,1038.262,1566.031,0.663,1.699999999999818,0.0551,-527.769,2604.2929999999997,0.663,1.0,1.0,-0.2027
2026-01-10 13:40:00,3084.99,3086.5,3084.99,3086.0,2507.091,7736708.9531499995,1772.556,734.535,2.4132,1.0100000000002183,0.0327,1038.0210000000002,2507.091,2.4132,1.0,1.0,0.414
2026-01-10 13:45:00,3086.01,3087.26,3085.61,3086.4,2693.478,8313785.849069999,1741.947,951.531,1.8307,0.38999999999987267,0.0126,790.4159999999999,2693.478,1.8307,1.0,1.0,0.2935
2026-01-10 13:50:00,3086.4,3086.4,3085.02,3085.51,535.439,1652214.0559999999,126.864,408.575,0.3105,-0.8899999999998727,-0.0288,-281.711,535.439,0.3105,1.0,1.0,-0.5261
2026-01-10 13:55:00,3085.51,3086.55,3085.01,3085.49,979.352,3021943.87382,540.807,438.545,1.2332,-0.020000000000436557,-0.0006,102.262,979.3520000000001,1.2332,1.0,1.0,0.1044
2026-01-10 14:00:00,3085.49,3086.13,3085.2,3085.8,819.0139999999999,2527199.68995,462.096,356.918,1.2947,0.3100000000004002,0.01,105.178,819.014,1.2947,1.0,1.0,0.1284
2026-01-10 14:05:00,3085.79,3086.5,3085.3,3086.4,1164.445,3593599.52288,594.202,570.243,1.042,0.6100000000001273,0.0198,23.958999999999946,1164.4450000000002,1.042,1.0,1.0,0.0206
2026-01-10 14:10:00,3086.39,3086.58,3086.08,3086.32,1064.7079999999999,3285947.22718,464.147,600.561,0.7729,-0.06999999999970896,-0.0023,-136.41400000000004,1064.708,0.7729,1.0,1.0,-0.1281
2026-01-10 14:15:00,3086.33,3086.33,3082.75,3082.76,2502.4629999999997,7718916.40048,344.785,2157.678,0.1598,-3.569999999999709,-0.1157,-1812.8929999999998,2502.4629999999997,0.1598,1.0,1.0,-0.7244
2026-01-10 14:20:00,3082.75,3083.41,3082.0,3082.99,1330.86,4102700.52556,664.676,666.184,0.9977,0.23999999999978172,0.0078,-1.5079999999999245,1330.8600000000001,0.9977,1.0,1.0,-0.0011
2026-01-10 14:25:00,3083.0,3085.78,3082.99,3085.77,1755.532,5413759.86775,1625.487,130.045,12.4994,2.769999999999982,0.0898,1495.442,1755.5320000000002,12.4994,1.0,1.0,0.8518
2026-01-10 14:30:00,3085.78,3086.52,3085.48,3086.33,2638.593,8142896.45628,1143.468,1495.125,0.7648,0.5499999999997272,0.0178,-351.6569999999999,2638.593,0.7648,1.0,1.0,-0.1333
2026-01-10 14:35:00,3086.33,3087.15,3086.32,3086.65,1498.81,4626449.039,1163.438,335.372,3.4691,0.3200000000001637,0.0104,828.066,1498.8100000000002,3.4691,1.0,1.0,0.5525
2026-01-10 14:40:00,3086.65,3086.71,3085.85,3086.49,739.111,2281163.26237,266.403,472.708,0.5636,-0.16000000000030923,-0.0052,-206.305,739.1110000000001,0.5636,1.0,1.0,-0.2791
2026-01-10 14:45:00,3086.49,3088.08,3086.49,3086.71,1921.3449999999998,5932009.17886,1636.925,284.42,5.7553,0.22000000000025466,0.0071,1352.5049999999999,1921.345,5.7553,1.0,1.0,0.7039
2026-01-10 14:50:00,3086.7,3087.47,3086.63,3086.72,1631.8249999999998,5037538.56131,274.553,1357.272,0.2023,0.01999999999998181,0.0006,-1082.719,1631.8249999999998,0.2023,1.0,1.0,-0.6635
2026-01-10 14:55:00,3086.72,3086.73,3085.58,3086.26,892.736,2755069.09386,273.748,618.988,0.4423,-0.45999999999958163,-0.0149,-345.24000000000007,892.7360000000001,0.4423,1.0,1.0,-0.3867
2026-01-10 15:00:00,3086.26,3088.14,3086.24,3088.14,3286.6870000000004,10145752.6989,903.78,2382.907,0.3793,1.8799999999996544,0.0609,-1479.1270000000002,3286.687,0.3793,1.0,1.0,-0.45
2026-01-10 15:05:00,3088.15,3089.38,3087.38,3088.08,4165.605,12865463.985749999,2984.444,1181.161,2.5267,-0.07000000000016371,-0.0023,1803.283,4165.605,2.5267,1.0,1.0,0.4329
2026-01-10 15:10:00,3088.07,3092.44,3088.07,3090.71,8613.051,26620918.00956,5687.863,2925.188,1.9444,2.6399999999998727,0.0855,2762.675,8613.051,1.9444,1.0,1.0,0.3208
2026-01-10 15:15:00,3090.71,3091.0,3088.96,3089.48,3127.178,9662064.29469,799.175,2328.003,0.3433,-1.2300000000000182,-0.0398,-1528.8280000000002,3127.178,0.3433,1.0,1.0,-0.4889
2026-01-10 15:20:00,3089.47,3090.45,3088.61,3089.93,3519.952,10874973.01638,2497.656,1022.296,2.4432,0.4600000000000364,0.0149,1475.36,3519.952,2.4432,1.0,1.0,0.4191
2026-01-10 15:25:00,3089.93,3090.02,3089.13,3089.99,1453.0210000000002,4489290.22822,771.624,681.397,1.1324,0.05999999999994543,0.0019,90.22699999999998,1453.0210000000002,1.1324,1.0,1.0,0.0621
2026-01-10 15:30:00,3089.99,3091.48,3089.55,3090.98,2122.854,6560164.60144,1033.871,1088.983,0.9494,0.9900000000002365,0.032,-55.11199999999985,2122.8540000000003,0.9494,1.0,1.0,-0.026
2026-01-10 15:35:00,3090.98,3091.33,3089.84,3090.05,1693.875,5235339.58963,672.873,1021.002,0.659,-0.9299999999998363,-0.0301,-348.1289999999999,1693.875,0.659,1.0,1.0,-0.2055
2026-01-10 15:40:00,3090.09,3090.2,3088.17,3089.0,1356.409,4189826.34126,415.231,941.178,0.4412,-1.0900000000001455,-0.0353,-525.947,1356.409,0.4412,1.0,1.0,-0.3877
2026-01-10 15:45:00,3089.0,3090.62,3088.66,3089.99,2361.525,7296655.30741,933.752,1427.773,0.654,0.9899999999997817,0.032,-494.02099999999996,2361.5249999999996,0.654,1.0,1.0,-0.2092
2026-01-10 15:50:00,3089.98,3090.8,3089.98,3090.27,1365.109,4218620.78294,713.818,651.291,1.096,0.2899999999999636,0.0094,62.52699999999993,1365.109,1.096,1.0,1.0,0.0458
2026-01-10 15:55:00,3090.26,3091.5,3090.26,3091.32,1405.982,4346085.17234,921.043,484.939,1.8993,1.0599999999999454,0.0343,436.104,1405.982,1.8993,1.0,1.0,0.3102
2026-01-10 16:00:00,3091.33,3091.96,3090.19,3091.02,1869.05,5777292.46125,642.324,1226.726,0.5236,-0.30999999999994543,-0.01,-584.4020000000002,1869.0500000000002,0.5236,1.0,1.0,-0.3127
2026-01-10 16:05:00,3091.02,3091.02,3088.33,3088.34,2163.457,6685062.3622,542.769,1620.688,0.3349,-2.6799999999998363,-0.0867,-1077.919,2163.4570000000003,0.3349,1.0,1.0,-0.4982
2026-01-10 16:10:00,3088.34,3089.6,3088.33,3089.31,887.546,2741810.95031,486.037,401.509,1.2105,0.9699999999997999,0.0314,84.52799999999996,887.546,1.2105,1.0,1.0,0.0952
2026-01-10 16:15:00,3089.31,3089.8,3087.83,3088.0,1357.117,4191697.67356,690.585,666.532,1.0361,-1.3099999999999454,-0.0424,24.052999999999997,1357.1170000000002,1.0361,1.0,1.0,0.0177
2026-01-10 16:20:00,3088.0,3089.7,3087.81,3087.82,2995.522,9252839.2796,795.277,2200.245,0.3614,-0.1799999999998363,-0.0058,-1404.9679999999998,2995.522,0.3614,1.0,1.0,-0.469
2026-01-10 16:25:00,3087.81,3088.68,3087.47,3088.02,1469.9859999999999,4539302.23694,598.138,871.848,0.6861,0.21000000000003638,0.0068,-273.7099999999999,1469.9859999999999,0.6861,1.0,1.0,-0.1862
2026-01-10 16:30:00,3088.01,3088.36,3086.0,3086.95,4621.418,14266569.2498,2641.826,1979.592,1.3345,-1.0600000000004002,-0.0343,662.2339999999999,4621.418,1.3345,1.0,1.0,0.1433
2026-01-10 16:35:00,3086.95,3088.0,3086.6,3087.61,1523.6190000000001,4703784.20308,640.44,883.179,0.7252,0.6600000000003092,0.0214,-242.73899999999992,1523.6190000000001,0.7252,1.0,1.0,-0.1593
2026-01-10 16:40:00,3087.6,3087.61,3087.2,3087.54,720.316,2223912.14321,381.753,338.563,1.1276,-0.05999999999994543,-0.0019,43.19,720.316,1.1276,1.0,1.0,0.06
2026-01-10 16:45:00,3087.54,3088.29,3087.35,3087.36,1617.496,4994379.93823,1358.978,258.518,5.2568,-0.1799999999998363,-0.0058,1100.46,1617.496,5.2568,1.0,1.0,0.6803
2026-01-10 16:50:00,3087.36,3088.0,3087.36,3088.0,593.148,1831555.61907,286.09,307.058,0.9317,0.6399999999998727,0.0207,-20.968000000000018,593.1479999999999,0.9317,1.0,1.0,-0.0354
2026-01-10 16:55:00,3088.0,3088.99,3087.99,3088.99,497.777,1537409.90854,358.359,139.418,2.5704,0.9899999999997817,0.0321,218.94099999999997,497.777,2.5704,1.0,1.0,0.4398
2026-01-10 17:00:00,3088.99,3090.14,3088.5,3088.88,1218.412,3763987.7897,730.878,487.534,1.4991,-0.10999999999967258,-0.0036,243.34400000000005,1218.412,1.4991,1.0,1.0,0.1997
2026-01-10 17:05:00,3088.88,3090.22,3088.2,3088.2,998.8820000000001,3085781.56453,547.32,451.562,1.2121,-0.680000000000291,-0.022,95.75800000000004,998.8820000000001,1.2121,1.0,1.0,0.0959
2026-01-10 17:10:00,3088.2,3088.8,3088.2,3088.73,488.112,1507496.30296,306.782,181.33,1.6918,0.5300000000002001,0.0172,125.45199999999997,488.11199999999997,1.6918,1.0,1.0,0.257
2026-01-10 17:15:00,3088.73,3089.6,3088.72,3089.18,1580.306,4881708.66792,1112.972,467.334,2.3815,0.4499999999998181,0.0146,645.6379999999999,1580.306,2.3815,1.0,1.0,0.4086
2026-01-10 17:20:00,3089.17,3090.37,3089.17,3090.37,941.7819999999999,2909987.6361100003,357.432,584.35,0.6117,1.199999999999818,0.0388,-226.918,941.782,0.6117,1.0,1.0,-0.2409
2026-01-10 17:25:00,3090.37,3092.13,3090.36,3090.75,2854.753,8825408.23429,2202.886,651.867,3.3793,0.38000000000010914,0.0123,1551.019,2854.7529999999997,3.3793,1.0,1.0,0.5433
2026-01-10 17:30:00,3090.75,3090.75,3089.83,3090.7,1089.215,3366001.44785,543.287,545.928,0.9952,-0.0500000000001819,-0.0016,-2.6409999999999627,1089.2150000000001,0.9952,1.0,1.0,-0.0024
2026-01-10 17:35:00,3090.7,3091.79,3089.76,3091.56,1328.628,4106881.7595,445.698,882.93,0.5048,0.8600000000001273,0.0278,-437.23199999999997,1328.628,0.5048,1.0,1.0,-0.3291
2026-01-10 17:40:00,3091.57,3092.0,3091.0,3092.0,1310.7579999999998,4052446.15328,754.349,556.409,1.3557,0.4299999999998363,0.0139,197.94000000000005,1310.758,1.3557,1.0,1.0,0.151
2026-01-10 17:45:00,3092.0,3099.0,3091.99,3093.83,12939.832,40054495.83389,9903.326,3036.506,3.2614,1.8299999999999272,0.0592,6866.82,12939.831999999999,3.2614,1.0,1.0,0.5307
2026-01-10 17:50:00,3093.83,3094.9,3092.5,3094.87,4621.865,14298215.356110001,2037.779,2584.086,0.7886,1.0399999999999636,0.0336,-546.3069999999998,4621.865,0.7886,1.0,1.0,-0.1182
2026-01-10 17:55:00,3094.87,3096.19,3093.34,3094.51,3233.8540000000003,10007732.72403,1384.284,1849.57,0.7484,-0.3599999999996726,-0.0116,-465.28599999999983,3233.8540000000003,0.7484,1.0,1.0,-0.1439
2026-01-10 18:00:00,3094.51,3096.0,3093.84,3095.99,2030.8629999999998,6285210.7719,1201.515,829.348,1.4487,1.4799999999995634,0.0478,372.16700000000014,2030.863,1.4487,1.0,1.0,0.1833
2026-01-10 18:05:00,3096.0,3096.98,3094.7,3096.32,2683.4049999999997,8307561.5189000005,1251.613,1431.792,0.8742,0.3200000000001637,0.0103,-180.17899999999986,2683.4049999999997,0.8742,1.0,1.0,-0.0671
2026-01-10 18:10:00,3096.32,3096.32,3095.24,3095.99,1281.203,3966354.34136,380.872,900.331,0.423,-0.330000000000382,-0.0107,-519.4590000000001,1281.203,0.423,1.0,1.0,-0.4054
2026-01-10 18:15:00,3096.0,3097.89,3095.99,3096.99,2579.182,7987609.95354,1351.488,1227.694,1.1008,0.9899999999997817,0.032,123.7940000000001,2579.182,1.1008,1.0,1.0,0.048
2026-01-10 18:20:00,3096.99,3097.65,3094.51,3095.05,5613.063,17377424.95139,1568.501,4044.562,0.3878,-1.9399999999995998,-0.0626,-2476.0609999999997,5613.063,0.3878,1.0,1.0,-0.4411
2026-01-10 18:25:00,3095.05,3095.05,3093.51,3094.44,1177.8519999999999,3644304.74259,317.045,860.807,0.3683,-0.6100000000001273,-0.0197,-543.762,1177.852,0.3683,1.0,1.0,-0.4617
2026-01-10 18:30:00,3094.44,3094.45,3092.8,3093.55,4013.4260000000004,12414351.75544,681.685,3331.741,0.2046,-0.8899999999998727,-0.0288,-2650.056,4013.426,0.2046,1.0,1.0,-0.6603
2026-01-10 18:35:00,3093.55,3095.65,3093.54,3095.27,1432.1190000000001,4431933.22428,997.974,434.145,2.2987,1.7199999999998,0.0556,563.8290000000001,1432.1190000000001,2.2987,1.0,1.0,0.3937
2026-01-10 18:40:00,3095.27,3098.42,3095.27,3096.5,4164.085,12896458.07064,2689.166,1474.919,1.8233,1.2300000000000182,0.0397,1214.247,4164.085,1.8233,1.0,1.0,0.2916
2026-01-10 18:45:00,3096.51,3099.39,3096.5,3098.86,2766.261,8570660.631579999,1576.138,1190.123,1.3243,2.349999999999909,0.0759,386.0149999999999,2766.261,1.3243,1.0,1.0,0.1395
2026-01-10 18:50:00,3098.85,3103.26,3096.51,3097.59,9118.898000000001,28267668.236959998,5844.368,3274.53,1.7848,-1.2599999999997635,-0.0407,2569.838,9118.898000000001,1.7848,1.0,1.0,0.2818
2026-01-10 18:55:00,3097.59,3101.99,3097.05,3101.45,3809.816,11808879.748750001,2141.069,1668.747,1.283,3.8599999999996726,0.1246,472.3219999999999,3809.816,1.283,1.0,1.0,0.124
2026-01-10 19:00:00,3101.45,3101.83,3098.0,3098.01,4267.889,13229322.11133,1296.131,2971.758,0.4361,-3.4399999999996,-0.1109,-1675.6269999999997,4267.889,0.4361,1.0,1.0,-0.3926
2026-01-10 19:05:00,3098.01,3098.02,3097.27,3097.7,1640.342,5081137.25603,742.242,898.1,0.8265,-0.3100000000004002,-0.01,-155.85800000000006,1640.342,0.8265,1.0,1.0,-0.095
2026-01-10 19:10:00,3097.7,3098.85,3097.69,3098.36,1187.068,3678027.86676,528.564,658.504,0.8027,0.6600000000003092,0.0213,-129.94000000000005,1187.068,0.8027,1.0,1.0,-0.1095
2026-01-10 19:15:00,3098.35,3098.87,3096.0,3096.0,1778.322,5507827.532369999,279.009,1499.313,0.1861,-2.349999999999909,-0.0758,-1220.304,1778.3220000000001,0.1861,1.0,1.0,-0.6862
2026-01-10 19:20:00,3096.01,3097.43,3096.0,3096.34,947.148,2932900.98503,467.602,479.546,0.9751,0.32999999999992724,0.0107,-11.944000000000017,947.1479999999999,0.9751,1.0,1.0,-0.0126
2026-01-10 19:25:00,3096.34,3096.46,3095.55,3096.15,1780.6019999999999,5512920.54551,333.907,1446.695,0.2308,-0.19000000000005457,-0.0061,-1112.788,1780.6019999999999,0.2308,1.0,1.0,-0.625
2026-01-10 19:30:00,3096.14,3097.0,3095.82,3096.0,1052.96,3260641.53661,483.346,569.614,0.8486,-0.13999999999987267,-0.0045,-86.26800000000003,1052.96,0.8486,1.0,1.0,-0.0819
2026-01-10 19:35:00,3096.01,3096.01,3094.37,3095.0,1616.952,5004430.19632,389.116,1227.836,0.3169,-1.0100000000002183,-0.0326,-838.72,1616.952,0.3169,1.0,1.0,-0.5187
2026-01-10 19:40:00,3094.99,3095.45,3094.53,3094.99,1116.557,3455708.26647,364.395,752.162,0.4845,0.0,0.0,-387.76700000000005,1116.557,0.4845,1.0,1.0,-0.3473
2026-01-10 19:45:00,3095.0,3095.0,3093.39,3093.55,2159.478,6681501.64192,613.122,1546.356,0.3965,-1.449999999999818,-0.0468,-933.234,2159.478,0.3965,1.0,1.0,-0.4322
2026-01-10 19:50:00,3093.55,3094.3,3092.76,3093.61,3888.8050000000003,12029791.795909999,2350.898,1537.907,1.5286,0.05999999999994543,0.0019,812.9910000000002,3888.8050000000003,1.5286,1.0,1.0,0.2091
2026-01-10 19:55:00,3093.61,3095.36,3093.6,3095.36,921.9580000000001,2853174.46931,690.709,231.249,2.9869,1.75,0.0566,459.4599999999999,921.958,2.9869,1.0,1.0,0.4984
2026-01-10 20:00:00,3095.36,3096.97,3095.35,3096.85,1826.581,5655545.61508,1057.126,769.455,1.3739,1.4899999999997817,0.0481,287.67099999999994,1826.5810000000001,1.3739,1.0,1.0,0.1575
2026-01-10 20:05:00,3096.87,3098.0,3096.71,3097.19,1165.064,3608599.03929,680.83,484.234,1.406,0.3200000000001637,0.0103,196.59600000000006,1165.064,1.406,1.0,1.0,0.1687
2026-01-10 20:10:00,3097.19,3098.21,3096.96,3098.03,1269.065,3931029.77275,541.472,727.593,0.7442,0.8400000000001455,0.0271,-186.12099999999998,1269.065,0.7442,1.0,1.0,-0.1467
2026-01-10 20:15:00,3098.03,3101.87,3097.8,3099.12,3940.7480000000005,12216184.45622,2370.278,1570.47,1.5093,1.0899999999996908,0.0352,799.8079999999998,3940.7479999999996,1.5093,1.0,1.0,0.203
2026-01-10 20:20:00,3099.13,3099.38,3095.7,3095.81,2051.644,6354659.36511,450.578,1601.066,0.2814,-3.3200000000001637,-0.1071,-1150.488,2051.6440000000002,0.2814,1.0,1.0,-0.5608
2026-01-10 20:25:00,3095.81,3095.9,3094.52,3094.71,1640.2079999999999,5076625.13632,350.672,1289.536,0.2719,-1.099999999999909,-0.0355,-938.864,1640.208,0.2719,1.0,1.0,-0.5724
2026-01-10 20:30:00,3094.7,3096.33,3091.88,3094.08,6303.518,19501296.786289997,2687.31,3616.208,0.7431,-0.6199999999998909,-0.02,-928.8980000000001,6303.518,0.7431,1.0,1.0,-0.1474
2026-01-10 20:35:00,3094.08,3095.6,3094.07,3095.01,1536.509,4755678.09102,624.275,912.234,0.6843,0.930000000000291,0.0301,-287.95900000000006,1536.509,0.6843,1.0,1.0,-0.1874
2026-01-10 20:40:00,3095.01,3095.97,3095.0,3095.75,1289.104,3990601.5960399997,1024.953,264.151,3.8802,0.7399999999997817,0.0239,760.8019999999999,1289.104,3.8802,1.0,1.0,0.5902
2026-01-10 20:45:00,3095.75,3097.33,3095.74,3097.32,1104.394,3419567.23891,768.637,335.757,2.2893,1.5700000000001637,0.0507,432.87999999999994,1104.394,2.2893,1.0,1.0,0.392
2026-01-10 20:50:00,3097.32,3097.5,3095.58,3097.1,1197.646,3708810.85624,471.426,726.22,0.6492,-0.22000000000025466,-0.0071,-254.79400000000004,1197.646,0.6492,1.0,1.0,-0.2127
2026-01-10 20:55:00,3097.09,3097.9,3096.71,3097.9,617.77,1913516.77766,305.573,312.197,0.9788,0.8099999999999454,0.0262,-6.624000000000024,617.77,0.9788,1.0,1.0,-0.0107
2026-01-10 21:00:00,3097.9,3097.9,3095.87,3095.98,923.326,2859329.96739,292.85,630.476,0.4645,-1.9200000000000728,-0.062,-337.626,923.326,0.4645,1.0,1.0,-0.3657
2026-01-10 21:05:00,3095.98,3097.7,3095.98,3097.22,1242.781,3848580.20316,930.899,311.882,2.9848,1.2399999999997817,0.0401,619.017,1242.781,2.9848,1.0,1.0,0.4981
2026-01-10 21:10:00,3097.23,3097.52,3094.85,3094.85,1015.13,3142586.71714,103.038,912.092,0.113,-2.380000000000109,-0.0768,-809.054,1015.13,0.113,1.0,1.0,-0.797
2026-01-10 21:15:00,3094.85,3096.94,3094.85,3096.93,953.701,2952463.61755,559.603,394.098,1.42,2.0799999999999272,0.0672,165.50499999999994,953.701,1.42,1.0,1.0,0.1735
2026-01-10 21:20:00,3096.94,3097.31,3094.7,3094.71,971.386,3007279.6269900003,606.398,364.988,1.6614,-2.230000000000018,-0.072,241.41000000000003,971.386,1.6614,1.0,1.0,0.2485
2026-01-10 21:25:00,3094.71,3095.55,3094.0,3094.65,1005.941,3112981.4559,357.355,648.586,0.551,-0.05999999999994543,-0.0019,-291.231,1005.941,0.551,1.0,1.0,-0.2895
2026-01-10 21:30:00,3094.65,3096.55,3094.64,3096.14,1302.2,4031377.65372,1083.363,218.837,4.9505,1.4899999999997817,0.0481,864.5260000000001,1302.2,4.9505,1.0,1.0,0.6639
2026-01-10 21:35:00,3096.14,3096.5,3095.0,3096.49,530.2080000000001,1641567.01779,326.42,203.788,1.6018,0.34999999999990905,0.0113,122.632,530.2080000000001,1.6018,1.0,1.0,0.2313
2026-01-10 21:40:00,3096.5,3096.99,3095.48,3096.5,1835.458,5682680.138499999,343.231,1492.227,0.23,0.0,0.0,-1148.996,1835.458,0.23,1.0,1.0,-0.626
2026-01-10 21:45:00,3096.49,3096.5,3095.23,3095.24,1182.512,3661049.92727,152.187,1030.325,0.1477,-1.25,-0.0404,-878.138,1182.5120000000002,0.1477,1.0,1.0,-0.7426
2026-01-10 21:50:00,3095.24,3095.51,3093.15,3093.24,3350.601,10368674.13767,1017.521,2333.08,0.4361,-2.0,-0.0646,-1315.559,3350.6009999999997,0.4361,1.0,1.0,-0.3926
2026-01-10 21:55:00,3093.24,3094.21,3092.04,3093.13,2653.069,8206572.254009999,1234.011,1418.816,0.8697,-0.10999999999967258,-0.0036,-184.80500000000006,2652.827,0.8697,1.0001,0.9999,-0.0697
2026-01-10 22:00:00,3093.13,3093.13,3092.65,3092.65,1353.042,4184854.32168,590.827,762.215,0.7751,-0.4800000000000182,-0.0155,-171.38800000000003,1353.042,0.7751,1.0,1.0,-0.1267
2026-01-10 22:05:00,3092.65,3093.4,3092.0,3093.39,1753.9940000000001,5424394.03067,940.128,813.866,1.1551,0.7399999999997817,0.0239,126.26200000000006,1753.9940000000001,1.1551,1.0,1.0,0.072
2026-01-10 22:10:00,3093.4,3094.18,3087.0,3093.01,12059.706,37269688.39177,3147.063,8912.643,0.3531,-0.38999999999987267,-0.0126,-5765.58,12059.706,0.3531,1.0,1.0,-0.4781
2026-01-10 22:15:00,3093.01,3094.32,3090.62,3094.32,3934.379,12166268.66925,2526.01,1408.369,1.7936,1.3099999999999454,0.0424,1117.6410000000003,3934.379,1.7936,1.0,1.0,0.2841
2026-01-10 22:20:00,3094.32,3095.52,3093.57,3093.94,3087.171,9554250.224410001,1879.08,1208.091,1.5554,-0.38000000000010914,-0.0123,670.989,3087.171,1.5554,1.0,1.0,0.2173
2026-01-10 22:25:00,3093.94,3094.8,3092.63,3092.63,1299.105,4018851.61741,520.919,778.186,0.6694,-1.3099999999999454,-0.0423,-257.26700000000005,1299.105,0.6694,1.0,1.0,-0.198
2026-01-10 22:30:00,3092.63,3092.63,3089.58,3089.69,3898.559,12049251.77504,1261.875,2636.684,0.4786,-2.9400000000000546,-0.0951,-1374.8090000000002,3898.559,0.4786,1.0,1.0,-0.3526
2026-01-10 22:35:00,3089.7,3091.58,3089.7,3090.51,1911.633,5907859.2483,1193.692,717.941,1.6627,0.8100000000004002,0.0262,475.751,1911.633,1.6627,1.0,1.0,0.2489
2026-01-10 22:40:00,3090.5,3091.34,3089.58,3089.87,2017.255,6234279.74545,1012.68,1004.575,1.0081,-0.6300000000001091,-0.0204,8.104999999999905,2017.255,1.0081,1.0,1.0,0.004
2026-01-10 22:45:00,3089.86,3091.0,3089.39,3089.67,1734.422,5359632.36196,836.416,898.006,0.9314,-0.19000000000005457,-0.0061,-61.58999999999992,1734.422,0.9314,1.0,1.0,-0.0355
2026-01-10 22:50:00,3089.67,3090.16,3089.02,3089.74,1447.356,4471777.34446,783.771,663.585,1.1811,0.06999999999970896,0.0023,120.18599999999992,1447.356,1.1811,1.0,1.0,0.083
2026-01-10 22:55:00,3089.74,3090.19,3089.74,3090.19,688.361,2127056.72955,500.665,187.696,2.6674,0.45000000000027285,0.0146,312.96900000000005,688.361,2.6674,1.0,1.0,0.4547
2026-01-10 23:00:00,3090.18,3093.3,3090.18,3093.15,2341.317,7238517.9813,1916.771,424.546,4.5149,2.9700000000002547,0.0961,1492.225,2341.317,4.5149,1.0,1.0,0.6373
2026-01-10 23:05:00,3093.1,3093.58,3091.59,3093.58,1313.4160000000002,4061472.08482,492.03,821.386,0.599,0.4800000000000182,0.0155,-329.356,1313.416,0.599,1.0,1.0,-0.2508
2026-01-10 23:10:00,3093.58,3093.99,3092.8,3093.0,1043.069,3226744.32173,481.489,561.58,0.8574,-0.5799999999999272,-0.0187,-80.09100000000007,1043.069,0.8574,1.0,1.0,-0.0768
2026-01-10 23:15:00,3093.0,3093.18,3091.65,3092.88,1968.1,6085895.51224,649.603,1318.497,0.4927,-0.11999999999989086,-0.0039,-668.8940000000001,1968.1,0.4927,1.0,1.0,-0.3399
2026-01-10 23:20:00,3092.88,3092.95,3092.0,3092.0,439.086,1357825.6758500002,224.794,214.292,1.049,-0.8800000000001091,-0.0285,10.50200000000001,439.086,1.049,1.0,1.0,0.0239
2026-01-10 23:25:00,3092.0,3092.01,3090.9,3091.7,552.942,1709449.0311500002,311.405,241.537,1.2893,-0.3000000000001819,-0.0097,69.86799999999997,552.942,1.2893,1.0,1.0,0.1264
2026-01-10 23:30:00,3091.7,3093.51,3091.52,3093.5,724.3910000000001,2240090.2969500003,478.298,246.093,1.9436,1.800000000000182,0.0582,232.205,724.391,1.9436,1.0,1.0,0.3206
2026-01-10 23:35:00,3093.51,3094.35,3091.5,3094.13,6098.447,18859636.06997,1354.452,4743.995,0.2855,0.6199999999998909,0.02,-3389.5429999999997,6098.447,0.2855,1.0,1.0,-0.5558
2026-01-10 23:40:00,3094.13,3095.0,3093.28,3094.4,2310.219,7148553.89162,870.671,1439.548,0.6048,0.2699999999999818,0.0087,-568.877,2310.219,0.6048,1.0,1.0,-0.2462
2026-01-10 23:45:00,3094.41,3094.41,3092.5,3094.36,524.912,1623774.9193000002,275.154,249.758,1.1017,-0.04999999999972715,-0.0016,25.395999999999987,524.912,1.1017,1.0,1.0,0.0484
2026-01-10 23:50:00,3094.36,3094.72,3093.21,3094.72,1104.4279999999999,3417179.0206,580.582,523.846,1.1083,0.3599999999996726,0.0116,56.73599999999999,1104.4279999999999,1.1083,1.0,1.0,0.0514
2026-01-10 23:55:00,3094.72,3094.72,3093.77,3093.85,524.736,1623512.51792,199.644,325.092,0.6141,-0.8699999999998909,-0.0281,-125.44799999999998,524.736,0.6141,1.0,1.0,-0.2391
2026-01-11 00:00:00,3093.86,3094.39,3093.08,3094.39,1061.07,3282662.47367,334.193,726.877,0.4598,0.5299999999997453,0.0171,-392.68399999999997,1061.07,0.4598,1.0,1.0,-0.3701
2026-01-11 00:05:00,3094.39,3096.53,3094.0,3095.61,1886.164,5838447.78116,1516.285,369.879,4.0994,1.2200000000002547,0.0394,1146.406,1886.1640000000002,4.0994,1.0,1.0,0.6078
2026-01-11 00:10:00,3095.62,3095.82,3092.49,3093.12,1456.317,4505630.16552,237.785,1218.532,0.1951,-2.5,-0.0808,-980.747,1456.317,0.1951,1.0,1.0,-0.6734
2026-01-11 00:15:00,3093.13,3093.13,3090.0,3090.94,2507.416,7751147.225819999,615.913,1891.503,0.3256,-2.1900000000000546,-0.0708,-1275.59,2507.416,0.3256,1.0,1.0,-0.5087
2026-01-11 00:20:00,3090.94,3093.12,3090.94,3092.81,928.107,2869667.71679,600.204,327.903,1.8304,1.8699999999998909,0.0605,272.30099999999993,928.107,1.8304,1.0,1.0,0.2934
2026-01-11 00:25:00,3092.8,3093.23,3092.8,3092.98,458.962,1419595.26209,354.638,104.324,3.3994,0.1799999999998363,0.0058,250.31399999999996,458.962,3.3994,1.0,1.0,0.5454
2026-01-11 00:30:00,3092.99,3094.04,3092.23,3093.9,2389.733,7392522.657199999,1427.528,962.205,1.4836,0.9100000000003092,0.0294,465.323,2389.733,1.4836,1.0,1.0,0.1947
2026-01-11 00:35:00,3093.9,3095.63,3093.89,3095.44,2030.054,6282928.69934,1740.505,289.549,6.0111,1.5399999999999636,0.0498,1450.9560000000001,2030.054,6.0111,1.0,1.0,0.7147
2026-01-11 00:40:00,3095.45,3096.27,3094.48,3096.18,995.225,3080735.56864,706.187,289.038,2.4432,0.7300000000000182,0.0236,417.149,995.225,2.4432,1.0,1.0,0.4192
2026-01-11 00:45:00,3096.18,3096.19,3094.01,3094.01,1427.208,4417464.388590001,384.788,1042.42,0.3691,-2.169999999999618,-0.0701,-657.6320000000001,1427.208,0.3691,1.0,1.0,-0.4608
2026-01-11 00:50:00,3094.01,3094.01,3093.09,3093.94,914.655,2829656.53685,475.462,439.193,1.0826,-0.07000000000016371,-0.0023,36.269000000000005,914.655,1.0826,1.0,1.0,0.0397
2026-01-11 00:55:00,3093.93,3094.35,3093.75,3094.35,606.362,1876047.57097,376.611,229.751,1.6392,0.42000000000007276,0.0136,146.85999999999999,606.362,1.6392,1.0,1.0,0.2422
2026-01-11 01:00:00,3094.35,3095.51,3094.35,3095.5,1175.624,3638657.2242900003,981.148,194.476,5.0451,1.150000000000091,0.0372,786.672,1175.624,5.0451,1.0,1.0,0.6692
2026-01-11 01:05:00,3095.5,3095.8,3094.87,3095.8,690.235,2136490.57156,300.562,389.673,0.7713,0.3000000000001819,0.0097,-89.11099999999999,690.235,0.7713,1.0,1.0,-0.1291
2026-01-11 01:10:00,3095.8,3097.65,3095.53,3097.14,2669.1639999999998,8264725.34256,1989.33,679.834,2.9262,1.3399999999996908,0.0433,1309.496,2669.1639999999998,2.9262,1.0,1.0,0.4906
2026-01-11 01:15:00,3097.15,3097.57,3096.36,3097.19,1797.354,5566042.4963299995,814.944,982.41,0.8295,0.03999999999996362,0.0013,-167.466,1797.3539999999998,0.8295,1.0,1.0,-0.0932
2026-01-11 01:20:00,3097.19,3097.27,3096.43,3096.92,662.689,2052317.00734,323.165,339.524,0.9518,-0.2699999999999818,-0.0087,-16.35899999999998,662.6890000000001,0.9518,1.0,1.0,-0.0247
2026-01-11 01:25:00,3096.91,3097.43,3096.29,3096.38,1011.3130000000001,3131828.38988,508.687,502.626,1.0121,-0.5299999999997453,-0.0171,6.0610000000000355,1011.313,1.0121,1.0,1.0,0.006
2026-01-11 01:30:00,3096.39,3096.39,3095.26,3095.5,1378.086,4265961.23941,462.658,915.428,0.5054,-0.8899999999998727,-0.0287,-452.77,1378.086,0.5054,1.0,1.0,-0.3285
2026-01-11 01:35:00,3095.49,3095.6,3095.26,3095.5,626.269,1938586.33439,349.075,277.194,1.2593,0.010000000000218279,0.0003,71.88099999999997,626.269,1.2593,1.0,1.0,0.1148
2026-01-11 01:40:00,3095.5,3095.51,3095.1,3095.1,461.293,1427785.7264399999,59.27,402.023,0.1474,-0.40000000000009095,-0.0129,-342.75300000000004,461.293,0.1474,1.0,1.0,-0.743
2026-01-11 01:45:00,3095.1,3095.48,3093.64,3093.96,2179.232,6743455.627669999,335.868,1843.364,0.1822,-1.1399999999998727,-0.0368,-1507.496,2179.232,0.1822,1.0,1.0,-0.6918
2026-01-11 01:50:00,3093.96,3095.42,3092.23,3092.41,2643.421,8177122.31753,1258.211,1385.21,0.9083,-1.550000000000182,-0.0501,-126.99900000000002,2643.4210000000003,0.9083,1.0,1.0,-0.048
2026-01-11 01:55:00,3092.41,3092.58,3090.51,3091.38,2012.172,6220648.85173,716.367,1295.805,0.5528,-1.0299999999997453,-0.0333,-579.4380000000001,2012.172,0.5528,1.0,1.0,-0.288
2026-01-11 02:00:00,3091.37,3092.51,3090.57,3090.6,1178.9360000000001,3645027.99945,768.779,410.157,1.8744,-0.7699999999999818,-0.0249,358.622,1178.936,1.8744,1.0,1.0,0.3042
2026-01-11 02:05:00,3090.61,3091.0,3088.65,3090.6,3522.2020000000007,10883040.15759,798.989,2723.213,0.2934,-0.010000000000218279,-0.0003,-1924.2240000000002,3522.202,0.2934,1.0,1.0,-0.5463
2026-01-11 02:10:00,3090.6,3090.97,3089.22,3090.97,1495.478,4621106.67334,1024.75,470.728,2.1769,0.36999999999989086,0.012,554.0219999999999,1495.478,2.1769,1.0,1.0,0.3705
2026-01-11 02:15:00,3090.98,3092.01,3090.11,3092.01,1410.603,4360456.77413,1073.421,337.182,3.1835,1.0300000000002,0.0333,736.239,1410.603,3.1835,1.0,1.0,0.5219
2026-01-11 02:20:00,3092.01,3092.36,3091.55,3091.89,1068.72,3304533.9726199997,398.948,669.772,0.5956,-0.12000000000034561,-0.0039,-270.82400000000007,1068.72,0.5956,1.0,1.0,-0.2534
2026-01-11 02:25:00,3091.88,3092.82,3091.31,3092.81,1084.924,3354360.4516700003,609.171,475.753,1.2804,0.9299999999998363,0.0301,133.41800000000006,1084.924,1.2804,1.0,1.0,0.123
2026-01-11 02:30:00,3092.81,3092.82,3090.53,3092.29,1753.654,5421864.8207,972.974,780.68,1.2463,-0.5199999999999818,-0.0168,192.2940000000001,1753.654,1.2463,1.0,1.0,0.1097
2026-01-11 02:35:00,3092.29,3092.42,3091.85,3091.86,382.092,1181469.5858,171.357,210.735,0.8131,-0.4299999999998363,-0.0139,-39.378000000000014,382.092,0.8131,1.0,1.0,-0.1031
2026-01-11 02:40:00,3091.85,3092.25,3091.85,3092.09,881.7429999999999,2726518.25077,292.229,589.514,0.4957,0.24000000000023647,0.0078,-297.285,881.7429999999999,0.4957,1.0,1.0,-0.3372
2026-01-11 02:45:00,3092.09,3092.1,3091.35,3091.36,483.016,1493343.86106,149.666,333.35,0.449,-0.7300000000000182,-0.0236,-183.68400000000003,483.016,0.449,1.0,1.0,-0.3803
2026-01-11 02:50:00,3091.36,3091.36,3090.57,3090.8,451.58799999999997,1395822.7251300002,108.061,343.527,0.3146,-0.5599999999999454,-0.0181,-235.46599999999998,451.58799999999997,0.3146,1.0,1.0,-0.5214
2026-01-11 02:55:00,3090.8,3091.45,3090.79,3091.21,552.7090000000001,1708472.35564,327.094,225.615,1.4498,0.4099999999998545,0.0133,101.47899999999998,552.7090000000001,1.4498,1.0,1.0,0.1836
2026-01-11 03:00:00,3091.21,3091.79,3091.21,3091.79,732.44,2264419.6183599997,418.936,313.504,1.3363,0.5799999999999272,0.0188,105.43199999999996,732.44,1.3363,1.0,1.0,0.1439
2026-01-11 03:05:00,3091.78,3092.5,3090.75,3090.75,619.748,1916332.6859,324.574,295.174,1.0996,-1.0300000000002,-0.0333,29.400000000000034,619.748,1.0996,1.0,1.0,0.0474
2026-01-11 03:10:00,3090.75,3091.76,3090.75,3091.76,435.862,1347411.69161,275.21,160.652,1.7131,1.0100000000002183,0.0327,114.55799999999999,435.86199999999997,1.7131,1.0,1.0,0.2628
2026-01-11 03:15:00,3091.76,3091.76,3090.84,3090.84,902.035,2788482.35783,87.228,814.807,0.1071,-0.9200000000000728,-0.0298,-727.5790000000001,902.035,0.1071,1.0,1.0,-0.8066
2026-01-11 03:20:00,3090.83,3091.3,3090.15,3090.25,803.501,2483250.20348,159.909,643.592,0.2485,-0.5799999999999272,-0.0188,-483.683,803.501,0.2485,1.0,1.0,-0.602
2026-01-11 03:25:00,3090.25,3090.75,3090.23,3090.25,606.488,1874304.09858,143.63,462.858,0.3103,0.0,0.0,-319.228,606.488,0.3103,1.0,1.0,-0.5264
2026-01-11 03:30:00,3090.25,3090.97,3089.52,3089.88,440.849,1362300.61032,219.228,221.621,0.9892,-0.36999999999989086,-0.012,-2.3930000000000007,440.84900000000005,0.9892,1.0,1.0,-0.0054
2026-01-11 03:35:00,3089.89,3090.75,3089.5,3090.75,717.15,2215841.7711,504.056,213.094,2.3654,0.8600000000001273,0.0278,290.962,717.15,2.3654,1.0,1.0,0.4057
2026-01-11 03:40:00,3090.75,3091.0,3090.74,3090.99,244.31300000000002,755150.99486,148.924,95.389,1.5612,0.23999999999978172,0.0078,53.53500000000001,244.313,1.5612,1.0,1.0,0.2191
2026-01-11 03:45:00,3090.99,3091.0,3088.88,3089.97,1445.835,4467704.04452,323.39,1122.445,0.2881,-1.0199999999999818,-0.033,-799.055,1445.835,0.2881,1.0,1.0,-0.5527
2026-01-11 03:50:00,3089.98,3090.27,3089.7,3090.27,128.787,397947.12766,81.851,46.936,1.7439,0.2899999999999636,0.0094,34.915,128.787,1.7439,1.0,1.0,0.2711
2026-01-11 03:55:00,3090.27,3090.82,3089.66,3090.82,1342.24,4147796.78725,1103.014,239.226,4.6108,0.5500000000001819,0.0178,863.7879999999999,1342.2399999999998,4.6108,1.0,1.0,0.6435
2026-01-11 04:00:00,3090.81,3091.31,3088.95,3090.06,3516.098,10864495.90205,486.381,3029.717,0.1605,-0.75,-0.0243,-2543.3360000000002,3516.098,0.1605,1.0,1.0,-0.7233
2026-01-11 04:05:00,3090.06,3091.29,3090.05,3090.73,491.789,1520047.31742,408.359,83.43,4.8946,0.6700000000000728,0.0217,324.929,491.789,4.8946,1.0,1.0,0.6607
2026-01-11 04:10:00,3090.74,3092.22,3090.66,3091.32,1728.6309999999999,5343811.59742,1261.472,467.159,2.7003,0.580000000000382,0.0188,794.313,1728.6309999999999,2.7003,1.0,1.0,0.4595
2026-01-11 04:15:00,3091.31,3091.31,3090.4,3090.4,344.85200000000003,1065795.8868,153.814,191.038,0.8051,-0.9099999999998545,-0.0294,-37.22400000000002,344.852,0.8051,1.0,1.0,-0.1079
2026-01-11 04:20:00,3090.4,3090.41,3089.65,3089.78,1288.558,3981754.21871,588.598,699.96,0.8409,-0.6199999999998909,-0.0201,-111.36200000000008,1288.558,0.8409,1.0,1.0,-0.0864
2026-01-11 04:25:00,3089.79,3090.55,3089.78,3089.96,1843.697,5697275.16384,955.49,888.207,1.0758,0.17000000000007276,0.0055,67.28300000000002,1843.6970000000001,1.0758,1.0,1.0,0.0365
2026-01-11 04:30:00,3089.96,3092.13,3086.57,3088.36,8567.643,26468894.36485,3992.814,4574.829,0.8728,-1.599999999999909,-0.0518,-582.0149999999999,8567.643,0.8728,1.0,1.0,-0.0679
2026-01-11 04:35:00,3088.37,3088.76,3087.83,3088.36,2832.389,8747308.73536,1635.629,1196.76,1.3667,-0.009999999999763531,-0.0003,438.8689999999999,2832.389,1.3667,1.0,1.0,0.1549
2026-01-11 04:40:00,3088.35,3088.73,3087.53,3087.54,1214.438,3750177.83337,460.078,754.36,0.6099,-0.8099999999999454,-0.0262,-294.28200000000004,1214.438,0.6099,1.0,1.0,-0.2423
2026-01-11 04:45:00,3087.53,3088.54,3087.29,3088.19,1079.5810000000001,3333402.98894,724.557,355.024,2.0409,0.6599999999998545,0.0214,369.533,1079.5810000000001,2.0409,1.0,1.0,0.3423
2026-01-11 04:50:00,3088.18,3089.51,3088.0,3088.64,889.242,2746888.31434,446.334,442.908,1.0077,0.4600000000000364,0.0149,3.4259999999999877,889.242,1.0077,1.0,1.0,0.0039
2026-01-11 04:55:00,3088.63,3088.73,3088.0,3088.72,475.50600000000003,1468604.00643,241.155,234.351,1.029,0.08999999999969077,0.0029,6.804000000000002,475.506,1.029,1.0,1.0,0.0143
2026-01-11 05:00:00,3088.72,3089.02,3087.66,3088.79,533.221,1646699.25565,341.559,191.662,1.7821,0.07000000000016371,0.0023,149.89700000000002,533.221,1.7821,1.0,1.0,0.2811
2026-01-11 05:05:00,3088.78,3088.78,3083.0,3085.1,7078.867,21836080.78731,1283.276,5795.591,0.2214,-3.680000000000291,-0.1191,-4512.3150000000005,7078.867,0.2214,1.0,1.0,-0.6374
2026-01-11 05:10:00,3085.11,3087.32,3085.1,3086.23,4850.153,14968852.14089,3786.832,1063.321,3.5613,1.1199999999998909,0.0363,2723.511,4850.153,3.5613,1.0,1.0,0.5615
2026-01-11 05:15:00,3086.24,3087.34,3086.04,3086.31,1033.529,3189940.64614,678.573,354.956,1.9117,0.07000000000016371,0.0023,323.61699999999996,1033.529,1.9117,1.0,1.0,0.3131
2026-01-11 05:20:00,3086.31,3088.76,3086.31,3088.75,207.96699999999998,642060.70861,157.091,50.876,3.0877,2.4400000000000546,0.0791,106.215,207.967,3.0877,1.0,1.0,0.5107
2026-01-11 05:25:00,3088.75,3088.76,3088.03,3088.03,871.8990000000001,2692656.11692,536.493,335.406,1.5995,-0.7199999999997999,-0.0233,201.08700000000005,871.8990000000001,1.5995,1.0,1.0,0.2306
2026-01-11 05:30:00,3088.04,3089.03,3087.64,3088.35,1302.869,4023838.2807,1062.228,240.641,4.4142,0.30999999999994543,0.01,821.5870000000001,1302.8690000000001,4.4142,1.0,1.0,0.6306
2026-01-11 05:35:00,3088.36,3088.36,3085.72,3086.01,627.595,1937049.92909,290.6,336.995,0.8623,-2.349999999999909,-0.0761,-46.39499999999998,627.595,0.8623,1.0,1.0,-0.0739
2026-01-11 05:40:00,3086.0,3087.04,3085.65,3085.99,665.282,2053433.64564,297.855,367.427,0.8107,-0.010000000000218279,-0.0003,-69.572,665.282,0.8107,1.0,1.0,-0.1046
2026-01-11 05:45:00,3085.99,3086.0,3084.33,3085.34,1090.528,3364290.04527,388.374,702.154,0.5531,-0.6499999999996362,-0.0211,-313.78,1090.528,0.5531,1.0,1.0,-0.2877
2026-01-11 05:50:00,3085.33,3085.34,3085.3,3085.31,184.555,569411.3708,74.389,110.166,0.6752,-0.01999999999998181,-0.0006,-35.777,184.555,0.6752,1.0,1.0,-0.1939
2026-01-11 05:55:00,3085.31,3085.31,3085.0,3085.01,750.998,2316971.7857500003,412.848,338.15,1.2209,-0.29999999999972715,-0.0097,74.69800000000004,750.998,1.2209,1.0,1.0,0.0995
2026-01-11 06:00:00,3085.0,3085.01,3082.15,3082.61,3558.8289999999997,10972589.05069,438.057,3120.772,0.1404,-2.3899999999998727,-0.0775,-2682.715,3558.8289999999997,0.1404,1.0,1.0,-0.7538
2026-01-11 06:05:00,3082.62,3083.68,3082.38,3082.56,1530.7269999999999,4719289.83215,920.775,609.952,1.5096,-0.05999999999994543,-0.0019,310.823,1530.7269999999999,1.5096,1.0,1.0,0.2031
2026-01-11 06:10:00,3082.57,3084.51,3080.2,3080.2,7579.306,23360714.2943,2714.196,4865.11,0.5579,-2.3700000000003456,-0.0769,-2150.9139999999998,7579.306,0.5579,1.0,1.0,-0.2838
2026-01-11 06:15:00,3080.2,3081.07,3077.23,3080.43,9262.768,28523166.56939,3913.92,5348.848,0.7317,0.2300000000000182,0.0075,-1434.9279999999999,9262.768,0.7317,1.0,1.0,-0.1549
2026-01-11 06:20:00,3080.43,3080.43,3078.56,3078.58,1427.138,4394292.36595,1021.311,405.827,2.5166,-1.849999999999909,-0.0601,615.484,1427.138,2.5166,1.0,1.0,0.4313
2026-01-11 06:25:00,3078.57,3081.69,3078.57,3081.67,1088.022,3351146.25233,991.054,96.968,10.2204,3.099999999999909,0.1007,894.086,1088.022,10.2204,1.0,1.0,0.8218
2026-01-11 06:30:00,3081.66,3088.06,3081.66,3086.49,5114.912,15780535.81207,4409.979,704.933,6.2559,4.829999999999927,0.1567,3705.0460000000003,5114.912,6.2559,1.0,1.0,0.7244
2026-01-11 06:35:00,3086.5,3088.66,3086.08,3087.28,1446.308,4465163.82969,886.056,560.252,1.5815,0.7800000000002001,0.0253,325.8040000000001,1446.308,1.5815,1.0,1.0,0.2253
2026-01-11 06:40:00,3087.27,3087.6,3085.42,3086.35,741.703,2289043.35023,460.404,281.299,1.6367,-0.9200000000000728,-0.0298,179.10500000000002,741.703,1.6367,1.0,1.0,0.2415
2026-01-11 06:45:00,3086.35,3086.36,3082.79,3083.3,1457.49,4494975.77271,920.672,536.818,1.7151,-3.049999999999727,-0.0988,383.85400000000004,1457.49,1.7151,1.0,1.0,0.2634
2026-01-11 06:50:00,3083.29,3083.92,3080.67,3080.68,1152.1190000000001,3550678.1670000004,578.141,573.978,1.0073,-2.6100000000001273,-0.0846,4.163000000000011,1152.119,1.0073,1.0,1.0,0.0036
2026-01-11 06:55:00,3080.68,3081.01,3078.6,3079.2,2671.013,8227201.602570001,1128.347,1542.666,0.7314,-1.4800000000000182,-0.048,-414.31899999999996,2671.013,0.7314,1.0,1.0,-0.1551
2026-01-11 07:00:00,3079.21,3083.63,3078.3,3081.71,3504.2309999999998,10793354.94712,1850.171,1654.06,1.1186,2.5,0.0812,196.1110000000001,3504.2309999999998,1.1186,1.0,1.0,0.056
2026-01-11 07:05:00,3081.7,3084.77,3080.15,3084.76,1946.452,6000970.58867,1581.68,364.772,4.3361,3.0600000000004,0.0993,1216.9080000000001,1946.452,4.3361,1.0,1.0,0.6252
2026-01-11 07:10:00,3084.76,3085.0,3083.3,3083.35,1303.557,4020712.56239,633.622,669.935,0.9458,-1.4100000000003092,-0.0457,-36.31299999999999,1303.5569999999998,0.9458,1.0,1.0,-0.0279
2026-01-11 07:15:00,3083.35,3085.11,3082.93,3083.17,841.752,2595638.71248,203.113,638.639,0.318,-0.1799999999998363,-0.0058,-435.526,841.752,0.318,1.0,1.0,-0.5174
2026-01-11 07:20:00,3083.17,3085.65,3083.17,3084.29,922.533,2846100.08996,553.623,368.91,1.5007,1.1199999999998909,0.0363,184.71300000000002,922.5330000000001,1.5007,1.0,1.0,0.2002
2026-01-11 07:25:00,3084.3,3086.0,3084.01,3085.98,1026.249,3165748.48942,630.373,395.876,1.5923,1.6799999999998363,0.0545,234.49700000000007,1026.249,1.5923,1.0,1.0,0.2285
2026-01-11 07:30:00,3085.97,3087.98,3085.15,3086.8,1510.186,4662039.09734,1252.846,257.34,4.8684,0.830000000000382,0.0269,995.5060000000001,1510.186,4.8684,1.0,1.0,0.6592
2026-01-11 07:35:00,3086.8,3086.8,3084.65,3085.0,713.451,2201309.62721,377.295,336.156,1.1224,-1.800000000000182,-0.0583,41.13900000000001,713.451,1.1224,1.0,1.0,0.0577
2026-01-11 07:40:00,3085.0,3086.79,3084.82,3086.71,1538.9279999999999,4748246.44576,1425.512,113.416,12.5689,1.7100000000000364,0.0554,1312.096,1538.9279999999999,12.5689,1.0,1.0,0.8526
2026-01-11 07:45:00,3086.7,3087.27,3085.53,3087.26,737.356,2276014.95871,552.322,185.034,2.985,0.5600000000004002,0.0181,367.288,737.356,2.985,1.0,1.0,0.4981
2026-01-11 07:50:00,3087.26,3089.0,3086.87,3086.87,2033.826,6280543.51121,1591.443,442.383,3.5974,-0.3900000000003274,-0.0126,1149.06,2033.826,3.5974,1.0,1.0,0.565
2026-01-11 07:55:00,3086.87,3086.88,3084.4,3085.8,1190.743,3674211.81902,383.693,807.05,0.4754,-1.069999999999709,-0.0347,-423.35699999999997,1190.743,0.4754,1.0,1.0,-0.3555
2026-01-11 08:00:00,3085.79,3085.8,3083.87,3084.25,1291.038,3982282.68061,817.258,473.78,1.725,-1.5399999999999636,-0.0499,343.47800000000007,1291.038,1.725,1.0,1.0,0.266
2026-01-11 08:05:00,3084.24,3085.67,3083.2,3084.46,781.054,2409155.68225,359.14,421.914,0.8512,0.22000000000025466,0.0071,-62.774,781.054,0.8512,1.0,1.0,-0.0804
2026-01-11 08:10:00,3084.45,3087.0,3084.45,3087.0,1668.973,5150963.58422,910.441,758.532,1.2003,2.550000000000182,0.0827,151.909,1668.973,1.2003,1.0,1.0,0.091
2026-01-11 08:15:00,3087.0,3089.91,3085.87,3085.87,3777.5389999999998,11666319.40532,2182.924,1594.615,1.3689,-1.1300000000001091,-0.0366,588.309,3777.5389999999998,1.3689,1.0,1.0,0.1557
2026-01-11 08:20:00,3085.87,3089.91,3085.53,3089.91,2444.917,7550209.408739999,1790.083,654.834,2.7336,4.039999999999964,0.1309,1135.2490000000003,2444.917,2.7336,1.0,1.0,0.4643
2026-01-11 08:25:00,3089.91,3090.94,3088.65,3090.23,2451.614,7575376.961689999,1602.26,849.354,1.8864,0.3200000000001637,0.0104,752.906,2451.614,1.8864,1.0,1.0,0.3071
2026-01-11 08:30:00,3090.23,3090.23,3088.57,3088.66,967.534,2988924.63932,316.746,650.788,0.4867,-1.5700000000001637,-0.0508,-334.04200000000003,967.534,0.4867,1.0,1.0,-0.3453
2026-01-11 08:35:00,3088.65,3088.66,3087.06,3088.35,1458.3519999999999,4503693.7767,234.268,1224.084,0.1914,-0.3000000000001819,-0.0097,-989.816,1458.352,0.1914,1.0,1.0,-0.6787
2026-01-11 08:40:00,3088.34,3088.37,3086.51,3086.84,1067.009,3294291.4351,191.201,875.808,0.2183,-1.5,-0.0486,-684.607,1067.009,0.2183,1.0,1.0,-0.6416
2026-01-11 08:45:00,3086.85,3090.18,3086.84,3089.61,1373.018,4241309.9523,1141.08,231.938,4.9198,2.7600000000002183,0.0894,909.1419999999999,1373.018,4.9198,1.0,1.0,0.6621
2026-01-11 08:50:00,3089.61,3091.57,3089.3,3091.57,3668.093,11336083.19162,3110.393,557.7,5.5772,1.9600000000000364,0.0634,2552.693,3668.093,5.5772,1.0,1.0,0.6959
2026-01-11 08:55:00,3091.56,3092.0,3090.73,3091.2,1401.821,4333744.91424,993.77,408.051,2.4354,-0.36000000000012733,-0.0116,585.719,1401.821,2.4354,1.0,1.0,0.4178
2026-01-11 09:00:00,3091.2,3091.3,3090.46,3091.0,1385.938,4283666.2785,532.67,853.268,0.6243,-0.1999999999998181,-0.0065,-320.59800000000007,1385.938,0.6243,1.0,1.0,-0.2313
2026-01-11 09:05:00,3091.0,3092.66,3091.0,3091.62,2862.0190000000002,8848676.24094,1935.131,926.888,2.0878,0.6199999999998909,0.0201,1008.243,2862.0190000000002,2.0878,1.0,1.0,0.3523
2026-01-11 09:10:00,3091.61,3091.62,3089.86,3090.14,1117.728,3454133.82334,281.497,836.231,0.3366,-1.4700000000002547,-0.0475,-554.7339999999999,1117.728,0.3366,1.0,1.0,-0.4963
2026-01-11 09:15:00,3090.14,3091.62,3090.14,3091.61,441.744,1365302.7241699998,248.348,193.396,1.2841,1.4700000000002547,0.0476,54.95200000000003,441.744,1.2841,1.0,1.0,0.1244
2026-01-11 09:20:00,3091.62,3092.3,3088.08,3088.59,3059.566,9454474.955820002,444.463,2615.103,0.17,-3.0299999999997453,-0.098,-2170.64,3059.5660000000003,0.17,1.0,1.0,-0.7095
2026-01-11 09:25:00,3088.59,3091.07,3088.59,3091.06,927.882,2867523.39582,732.984,194.898,3.7609,2.4699999999998,0.08,538.086,927.8820000000001,3.7609,1.0,1.0,0.5799
2026-01-11 09:30:00,3091.07,3091.07,3088.9,3089.43,1192.393,3684080.82681,348.025,844.368,0.4122,-1.6400000000003274,-0.0531,-496.3430000000001,1192.393,0.4122,1.0,1.0,-0.4163
2026-01-11 09:35:00,3089.42,3089.72,3088.33,3089.46,506.59400000000005,1564822.25264,249.885,256.709,0.9734,0.03999999999996362,0.0013,-6.824000000000012,506.594,0.9734,1.0,1.0,-0.0135
2026-01-11 09:40:00,3089.45,3091.46,3089.45,3091.45,664.267,2052886.6989799999,435.258,229.009,1.9006,2.0,0.0647,206.249,664.2669999999999,1.9006,1.0,1.0,0.3105
2026-01-11 09:45:00,3091.45,3093.68,3091.45,3093.04,2350.834,7270182.56566,1738.218,612.616,2.8374,1.5900000000001455,0.0514,1125.602,2350.834,2.8374,1.0,1.0,0.4788
2026-01-11 09:50:00,3093.03,3094.29,3092.9,3093.05,2015.096,6234324.57264,1111.083,904.013,1.2291,0.01999999999998181,0.0006,207.07000000000005,2015.096,1.2291,1.0,1.0,0.1028
2026-01-11 09:55:00,3093.06,3094.68,3093.05,3094.68,845.259,2615263.41122,496.208,349.051,1.4216,1.6199999999998909,0.0524,147.15700000000004,845.259,1.4216,1.0,1.0,0.1741
2026-01-11 10:00:00,3094.68,3094.68,3092.9,3093.0,1636.561,5063459.570230001,413.884,1222.677,0.3385,-1.6799999999998363,-0.0543,-808.7929999999999,1636.561,0.3385,1.0,1.0,-0.4942
2026-01-11 10:05:00,3092.99,3093.0,3092.0,3092.79,1149.8329999999999,3555923.37297,167.127,982.706,0.1701,-0.1999999999998181,-0.0065,-815.579,1149.833,0.1701,1.0,1.0,-0.7093
2026-01-11 10:10:00,3092.8,3095.7,3092.79,3095.24,2472.205,7651462.48986,1619.446,852.759,1.8991,2.4399999999996,0.0789,766.6869999999999,2472.205,1.8991,1.0,1.0,0.3101
2026-01-11 10:15:00,3095.25,3096.2,3095.24,3095.55,2055.6730000000002,6363971.38444,1433.218,622.455,2.3025,0.3000000000001819,0.0097,810.763,2055.6730000000002,2.3025,1.0,1.0,0.3944
2026-01-11 10:20:00,3095.55,3095.93,3092.9,3093.61,2059.203,6371149.03828,1050.769,1008.434,1.042,-1.9400000000000546,-0.0627,42.335000000000036,2059.203,1.042,1.0,1.0,0.0206
2026-01-11 10:25:00,3093.61,3093.9,3093.51,3093.52,1417.636,4385806.76148,534.277,883.359,0.6048,-0.09000000000014552,-0.0029,-349.082,1417.636,0.6048,1.0,1.0,-0.2462
2026-01-11 10:30:00,3093.51,3093.52,3091.43,3091.63,1369.4,4235118.43498,285.576,1083.824,0.2635,-1.8800000000001091,-0.0608,-798.248,1369.4,0.2635,1.0,1.0,-0.5829
2026-01-11 10:35:00,3091.62,3092.57,3091.49,3092.57,959.0029999999999,2965010.0990500003,608.244,350.759,1.7341,0.9500000000002728,0.0307,257.485,959.003,1.7341,1.0,1.0,0.2685
2026-01-11 10:40:00,3092.57,3093.19,3092.43,3093.18,801.3979999999999,2478547.36025,269.228,532.17,0.5059,0.6099999999996726,0.0197,-262.94199999999995,801.3979999999999,0.5059,1.0,1.0,-0.3281
2026-01-11 10:45:00,3093.19,3094.33,3092.47,3093.51,704.903,2180566.7806599997,361.588,343.315,1.0532,0.3200000000001637,0.0103,18.273000000000025,704.903,1.0532,1.0,1.0,0.0259
2026-01-11 10:50:00,3093.51,3093.51,3090.5,3091.22,1625.515,5025027.95768,728.267,897.248,0.8117,-2.2900000000004184,-0.074,-168.981,1625.515,0.8117,1.0,1.0,-0.104
2026-01-11 10:55:00,3091.22,3092.34,3090.96,3091.12,1601.3980000000001,4950898.1607,983.036,618.362,1.5897,-0.09999999999990905,-0.0032,364.674,1601.398,1.5897,1.0,1.0,0.2277
2026-01-11 11:00:00,3091.11,3091.85,3091.11,3091.54,732.2950000000001,2263915.83065,455.794,276.501,1.6484,0.4299999999998363,0.0139,179.293,732.295,1.6484,1.0,1.0,0.2448
2026-01-11 11:05:00,3091.54,3092.55,3090.77,3091.9,1387.769,4290568.58655,509.476,878.293,0.5801,0.36000000000012733,0.0116,-368.817,1387.769,0.5801,1.0,1.0,-0.2658
2026-01-11 11:10:00,3091.91,3092.8,3091.34,3092.12,1184.196,3661629.23302,669.211,514.985,1.2995,0.21000000000003638,0.0068,154.226,1184.196,1.2995,1.0,1.0,0.1302
2026-01-11 11:15:00,3092.22,3095.35,3092.21,3095.03,1473.38,4558959.75531,1112.242,361.138,3.0798,2.8100000000004,0.0909,751.104,1473.3799999999999,3.0798,1.0,1.0,0.5098
2026-01-11 11:20:00,3095.04,3095.04,3092.24,3093.85,1772.279,5482837.04331,630.305,1141.974,0.5519,-1.1900000000000546,-0.0384,-511.669,1772.279,0.5519,1.0,1.0,-0.2887
2026-01-11 11:25:00,3093.84,3094.3,3093.15,3093.44,886.678,2743181.78665,307.926,578.752,0.5321,-0.40000000000009095,-0.0129,-270.82599999999996,886.6779999999999,0.5321,1.0,1.0,-0.3054
2026-01-11 11:30:00,3093.44,3093.7,3092.4,3093.69,1223.857,3785575.9183799997,327.683,896.174,0.3656,0.25,0.0081,-568.491,1223.857,0.3656,1.0,1.0,-0.4645
2026-01-11 11:35:00,3093.7,3094.55,3093.66,3093.99,897.126,2775891.96292,556.239,340.887,1.6317,0.2899999999999636,0.0094,215.35200000000003,897.126,1.6317,1.0,1.0,0.24
2026-01-11 11:40:00,3093.99,3094.85,3093.99,3094.8,640.796,1982975.21966,415.33,225.466,1.8421,0.8100000000004002,0.0262,189.86399999999998,640.796,1.8421,1.0,1.0,0.2963
2026-01-11 11:45:00,3094.79,3095.98,3094.79,3095.82,1812.2150000000001,5609189.75157,1243.327,568.888,2.1855,1.0300000000002,0.0333,674.439,1812.2150000000001,2.1855,1.0,1.0,0.3722
2026-01-11 11:50:00,3095.83,3096.2,3094.98,3095.0,2841.172,8795063.06224,1264.142,1577.03,0.8016,-0.8299999999999272,-0.0268,-312.8879999999999,2841.172,0.8016,1.0,1.0,-0.1101
2026-01-11 11:55:00,3095.01,3095.8,3095.0,3095.25,892.583,2762906.87813,476.839,415.744,1.147,0.23999999999978172,0.0078,61.09499999999997,892.5830000000001,1.147,1.0,1.0,0.0684
2026-01-11 12:00:00,3095.32,3095.35,3094.03,3095.01,1056.2060000000001,3268948.51063,424.495,631.711,0.672,-0.30999999999994543,-0.01,-207.216,1056.2060000000001,0.672,1.0,1.0,-0.1962
2026-01-11 12:05:00,3095.01,3097.14,3093.7,3096.05,3133.8160000000003,9701915.82959,2109.572,1024.244,2.0596,1.0399999999999636,0.0336,1085.3280000000002,3133.816,2.0596,1.0,1.0,0.3463
2026-01-11 12:10:00,3096.06,3096.06,3094.6,3094.64,1122.443,3474455.7603599997,280.116,842.327,0.3326,-1.4200000000000728,-0.0459,-562.211,1122.443,0.3326,1.0,1.0,-0.5009
2026-01-11 12:15:00,3094.64,3095.6,3094.04,3094.04,1042.618,3226668.8476400003,352.515,690.103,0.5108,-0.599999999999909,-0.0194,-337.58799999999997,1042.618,0.5108,1.0,1.0,-0.3238
2026-01-11 12:20:00,3094.04,3094.05,3093.23,3093.99,513.45,1588407.3392400001,142.51,370.94,0.3842,-0.0500000000001819,-0.0016,-228.43,513.45,0.3842,1.0,1.0,-0.4449
2026-01-11 12:25:00,3094.0,3094.0,3093.6,3093.76,322.781,998594.18267,104.596,218.185,0.4794,-0.23999999999978172,-0.0078,-113.589,322.781,0.4794,1.0,1.0,-0.3519
2026-01-11 12:30:00,3093.76,3095.59,3093.75,3095.16,3056.2740000000003,9457991.55642,1899.059,1157.215,1.6411,1.3999999999996362,0.0453,741.844,3056.274,1.6411,1.0,1.0,0.2427
2026-01-11 12:35:00,3095.15,3097.35,3094.11,3094.11,2584.3469999999998,8001896.42179,1511.751,1072.596,1.4094,-1.0399999999999636,-0.0336,439.155,2584.3469999999998,1.4094,1.0,1.0,0.1699
2026-01-11 12:40:00,3094.11,3094.9,3093.37,3094.12,649.0039999999999,2008037.6342,328.529,320.475,1.0251,0.009999999999763531,0.0003,8.053999999999974,649.004,1.0251,1.0,1.0,0.0124
2026-01-11 12:45:00,3094.13,3094.95,3094.12,3094.94,562.18,1739579.89082,338.363,223.817,1.5118,0.8099999999999454,0.0262,114.54599999999999,562.1800000000001,1.5118,1.0,1.0,0.2038
2026-01-11 12:50:00,3094.95,3096.0,3094.94,3096.0,697.789,2159949.41668,464.215,233.574,1.9874,1.050000000000182,0.0339,230.64099999999996,697.789,1.9874,1.0,1.0,0.3305
2026-01-11 12:55:00,3095.99,3096.84,3095.99,3096.55,915.277,2833988.9632,495.256,420.021,1.1791,0.5600000000004002,0.0181,75.23499999999996,915.277,1.1791,1.0,1.0,0.0822
2026-01-11 13:00:00,3096.56,3097.0,3095.66,3096.01,3023.309,9361197.18436,1158.425,1864.884,0.6212,-0.5499999999997272,-0.0178,-706.4590000000001,3023.309,0.6212,1.0,1.0,-0.2337
2026-01-11 13:05:00,3096.0,3097.58,3096.0,3097.45,2538.9629999999997,7862812.57365,1687.432,851.531,1.9816,1.449999999999818,0.0468,835.9010000000001,2538.9629999999997,1.9816,1.0,1.0,0.3292
2026-01-11 13:10:00,3097.44,3097.45,3096.22,3096.58,587.433,1819262.88186,258.855,328.578,0.7878,-0.8600000000001273,-0.0278,-69.72299999999996,587.433,0.7878,1.0,1.0,-0.1187
2026-01-11 13:15:00,3096.58,3096.59,3095.35,3095.73,685.249,2121442.11742,191.721,493.528,0.3885,-0.849999999999909,-0.0274,-301.807,685.249,0.3885,1.0,1.0,-0.4404
2026-01-11 13:20:00,3095.72,3095.73,3094.45,3094.66,1279.24,3959140.61013,299.717,979.523,0.306,-1.0599999999999454,-0.0342,-679.806,1279.24,0.306,1.0,1.0,-0.5314
2026-01-11 13:25:00,3094.67,3095.89,3094.66,3095.88,636.172,1969449.651,474.379,161.793,2.932,1.2100000000000364,0.0391,312.586,636.172,2.932,1.0,1.0,0.4914
2026-01-11 13:30:00,3095.88,3096.79,3095.88,3096.64,957.04,2963379.50543,586.949,370.091,1.586,0.7599999999997635,0.0245,216.85799999999995,957.04,1.586,1.0,1.0,0.2266
2026-01-11 13:35:00,3096.64,3097.25,3096.45,3097.25,1080.123,3344664.82045,742.582,337.541,2.2,0.6100000000001273,0.0197,405.041,1080.123,2.2,1.0,1.0,0.375
2026-01-11 13:40:00,3097.25,3099.75,3097.05,3098.73,6875.9839999999995,21305567.27636,5666.466,1209.518,4.6849,1.4800000000000182,0.0478,4456.948,6875.984,4.6849,1.0,1.0,0.6482
2026-01-11 13:45:00,3098.73,3101.26,3098.72,3098.91,4579.2,14194056.4848,3035.204,1543.996,1.9658,0.1799999999998363,0.0058,1491.208,4579.200000000001,1.9658,1.0,1.0,0.3256
2026-01-11 13:50:00,3098.91,3099.32,3096.12,3097.4,4463.327,13825343.52982,849.142,3614.185,0.2349,-1.5099999999997635,-0.0487,-2765.0429999999997,4463.327,0.2349,1.0,1.0,-0.6195
2026-01-11 13:55:00,3097.4,3097.88,3096.66,3097.88,1875.32,5808667.27714,594.109,1281.211,0.4637,0.4800000000000182,0.0155,-687.102,1875.3200000000002,0.4637,1.0,1.0,-0.3664
2026-01-11 14:00:00,3097.88,3099.3,3097.2,3099.0,1577.479,4886925.07047,916.656,660.823,1.3871,1.1199999999998909,0.0362,255.83299999999997,1577.4789999999998,1.3871,1.0,1.0,0.1622
2026-01-11 14:05:00,3099.0,3099.01,3096.14,3098.77,4028.548,12477550.61481,919.461,3109.087,0.2957,-0.2300000000000182,-0.0074,-2189.626,4028.548,0.2957,1.0,1.0,-0.5435
2026-01-11 14:10:00,3098.77,3099.01,3097.04,3098.11,4870.713000000001,15089378.34865,1151.351,3719.362,0.3096,-0.6599999999998545,-0.0213,-2568.011,4870.713,0.3096,1.0,1.0,-0.5272
2026-01-11 14:15:00,3098.1,3098.11,3091.0,3091.64,3811.587,11792187.7085,651.856,3159.731,0.2063,-6.460000000000036,-0.2085,-2507.875,3811.5870000000004,0.2063,1.0,1.0,-0.658
2026-01-11 14:20:00,3091.65,3092.85,3088.6,3092.0,7593.073,23466548.78533,4069.592,3523.481,1.155,0.34999999999990905,0.0113,546.1109999999999,7593.073,1.155,1.0,1.0,0.0719
2026-01-11 14:25:00,3092.0,3093.43,3091.25,3092.51,2212.234,6840581.23748,1494.814,717.42,2.0836,0.5100000000002183,0.0165,777.3940000000001,2212.234,2.0836,1.0,1.0,0.3514
2026-01-11 14:30:00,3092.5,3092.76,3091.43,3091.86,1364.681,4219487.90251,681.422,683.259,0.9973,-0.6399999999998727,-0.0207,-1.836999999999989,1364.681,0.9973,1.0,1.0,-0.0013
2026-01-11 14:35:00,3091.87,3092.2,3091.43,3091.95,1214.8300000000002,3756075.92517,546.799,668.031,0.8185,0.07999999999992724,0.0026,-121.23199999999997,1214.83,0.8185,1.0,1.0,-0.0998
2026-01-11 14:40:00,3091.94,3093.15,3091.94,3092.81,2661.8900000000003,8232124.179169999,1655.067,1006.823,1.6439,0.8699999999998909,0.0281,648.244,2661.89,1.6439,1.0,1.0,0.2435
2026-01-11 14:45:00,3092.81,3093.98,3092.8,3093.74,2305.086,7131229.01056,1746.264,558.822,3.1249,0.9299999999998363,0.0301,1187.442,2305.086,3.1249,1.0,1.0,0.5151
2026-01-11 14:50:00,3093.74,3095.7,3093.74,3095.57,1289.7820000000002,3991518.40479,805.146,484.636,1.6613,1.830000000000382,0.0592,320.50999999999993,1289.782,1.6613,1.0,1.0,0.2485
2026-01-11 14:55:00,3095.57,3096.65,3095.28,3095.99,1560.471,4831217.273840001,405.831,1154.64,0.3515,0.419999999999618,0.0136,-748.8090000000001,1560.471,0.3515,1.0,1.0,-0.4799
2026-01-11 15:00:00,3096.0,3097.1,3095.73,3095.74,2411.227,7466236.53505,914.543,1496.684,0.611,-0.2600000000002183,-0.0084,-582.141,2411.227,0.611,1.0,1.0,-0.2414
2026-01-11 15:05:00,3095.74,3095.94,3095.0,3095.0,1291.934,3999193.1092,250.846,1041.088,0.2409,-0.7399999999997817,-0.0239,-790.242,1291.934,0.2409,1.0,1.0,-0.6117
2026-01-11 15:10:00,3095.01,3095.01,3093.34,3094.0,855.073,2645590.09568,145.645,709.428,0.2053,-1.0100000000002183,-0.0326,-563.783,855.073,0.2053,1.0,1.0,-0.6593
2026-01-11 15:15:00,3093.99,3094.56,3093.14,3093.14,881.179,2726352.1792,178.22,702.959,0.2535,-0.849999999999909,-0.0275,-524.7389999999999,881.179,0.2535,1.0,1.0,-0.5955
2026-01-11 15:20:00,3093.15,3095.0,3093.14,3095.0,726.0550000000001,2246401.62037,401.841,324.214,1.2394,1.849999999999909,0.0598,77.62700000000001,726.0550000000001,1.2394,1.0,1.0,0.1069
2026-01-11 15:25:00,3095.0,3095.09,3092.85,3093.37,730.257,2259597.68974,235.798,494.459,0.4769,-1.6300000000001091,-0.0527,-258.661,730.2570000000001,0.4769,1.0,1.0,-0.3542
2026-01-11 15:30:00,3093.36,3093.7,3092.9,3093.7,330.13800000000003,1021204.67016,174.85,155.288,1.126,0.33999999999969077,0.011,19.561999999999983,330.13800000000003,1.126,1.0,1.0,0.0593
2026-01-11 15:35:00,3093.69,3093.7,3091.11,3092.21,1508.008,4662747.85348,511.289,996.719,0.513,-1.4800000000000182,-0.0478,-485.43000000000006,1508.008,0.513,1.0,1.0,-0.3219
2026-01-11 15:40:00,3092.21,3093.1,3092.2,3093.01,520.1700000000001,1608720.42155,282.26,237.91,1.1864,0.8000000000001819,0.0259,44.349999999999994,520.17,1.1864,1.0,1.0,0.0853
2026-01-11 15:45:00,3093.01,3093.72,3093.0,3093.66,997.414,3085402.82976,694.279,303.135,2.2903,0.6499999999996362,0.021,391.144,997.414,2.2903,1.0,1.0,0.3922
2026-01-11 15:50:00,3093.66,3093.75,3092.7,3093.21,968.8470000000001,2996806.30705,161.256,807.591,0.1997,-0.4499999999998181,-0.0145,-646.335,968.847,0.1997,1.0,1.0,-0.6671
2026-01-11 15:55:00,3093.21,3094.32,3093.21,3093.81,386.406,1195466.03459,242.843,143.563,1.6915,0.599999999999909,0.0194,99.28,386.40599999999995,1.6915,1.0,1.0,0.2569
2026-01-11 16:00:00,3093.8,3094.48,3092.45,3092.45,776.203,2401444.4605,355.944,420.259,0.847,-1.3500000000003638,-0.0436,-64.315,776.203,0.847,1.0,1.0,-0.0829
2026-01-11 16:05:00,3092.46,3093.74,3091.53,3093.39,1014.136,3136345.34735,632.7,381.436,1.6587,0.9299999999998363,0.0301,251.26400000000007,1014.136,1.6587,1.0,1.0,0.2478
2026-01-11 16:10:00,3093.39,3094.15,3093.21,3093.69,450.943,1395169.4840799998,207.304,243.639,0.8509,0.3000000000001819,0.0097,-36.33500000000001,450.943,0.8509,1.0,1.0,-0.0806
2026-01-11 16:15:00,3093.69,3096.04,3093.69,3096.03,2858.009,8847253.6806,2451.94,406.069,6.0382,2.3400000000001455,0.0756,2045.871,2858.009,6.0382,1.0,1.0,0.7158
2026-01-11 16:20:00,3096.03,3096.49,3096.01,3096.48,1204.461,3729223.57707,400.209,804.252,0.4976,0.4499999999998181,0.0145,-404.04299999999995,1204.461,0.4976,1.0,1.0,-0.3355
2026-01-11 16:25:00,3096.48,3096.5,3096.01,3096.01,668.702,2070444.3975300002,184.208,484.494,0.3802,-0.4699999999997999,-0.0152,-300.28600000000006,668.702,0.3802,1.0,1.0,-0.4491
2026-01-11 16:30:00,3096.02,3098.8,3096.02,3098.21,4051.962,12551381.44119,3472.751,579.211,5.9957,2.1900000000000546,0.0707,2893.54,4051.9620000000004,5.9957,1.0,1.0,0.7141
2026-01-11 16:35:00,3098.21,3100.0,3097.5,3097.51,7322.664,22694751.05068,3188.179,4134.485,0.7711,-0.6999999999998181,-0.0226,-946.3059999999996,7322.664,0.7711,1.0,1.0,-0.1292
2026-01-11 16:40:00,3097.51,3099.73,3096.25,3098.99,2975.347,9218455.91485,1089.095,1886.252,0.5774,1.4799999999995634,0.0478,-797.1569999999999,2975.3469999999998,0.5774,1.0,1.0,-0.2679
2026-01-11 16:45:00,3098.99,3099.0,3097.51,3098.44,2751.343,8523697.4684,1139.788,1611.555,0.7073,-0.5499999999997272,-0.0177,-471.76700000000005,2751.343,0.7073,1.0,1.0,-0.1715
2026-01-11 16:50:00,3098.45,3098.8,3097.93,3097.93,928.053,2875269.3161899997,315.633,612.42,0.5154,-0.5199999999999818,-0.0168,-296.787,928.0529999999999,0.5154,1.0,1.0,-0.3198
2026-01-11 16:55:00,3097.93,3106.8,3097.54,3101.92,21483.566,66657916.38696,16098.223,5385.343,2.9893,3.9900000000002365,0.1288,10712.880000000001,21483.566,2.9893,1.0,1.0,0.4987
2026-01-11 17:00:00,3101.91,3103.2,3101.44,3103.11,4205.12,13046429.834059998,2320.408,1884.712,1.2312,1.2000000000002728,0.0387,435.6959999999999,4205.12,1.2312,1.0,1.0,0.1036
2026-01-11 17:05:00,3103.11,3103.11,3101.37,3101.75,2695.123,8360806.76674,516.12,2179.003,0.2369,-1.3600000000001273,-0.0438,-1662.8830000000003,2695.123,0.2369,1.0,1.0,-0.617
2026-01-11 17:10:00,3101.71,3102.95,3101.41,3101.6,2725.779,8456072.46325,696.099,2029.68,0.343,-0.11000000000012733,-0.0035,-1333.5810000000001,2725.779,0.343,1.0,1.0,-0.4892
2026-01-11 17:15:00,3101.6,3102.66,3101.54,3102.65,3406.473,10567202.35994,2138.782,1267.691,1.6871,1.050000000000182,0.0339,871.0910000000001,3406.473,1.6871,1.0,1.0,0.2557
2026-01-11 17:20:00,3102.66,3104.85,3102.65,3104.16,5236.812,16254780.53274,3737.054,1499.758,2.4918,1.5,0.0483,2237.2960000000003,5236.812,2.4918,1.0,1.0,0.4272
2026-01-11 17:25:00,3104.15,3104.98,3103.23,3104.98,1874.577,5818494.02547,1019.838,854.739,1.1932,0.8299999999999272,0.0267,165.09899999999993,1874.577,1.1932,1.0,1.0,0.0881
2026-01-11 17:30:00,3104.97,3109.39,3104.0,3104.02,8872.34,27562933.89779,5910.252,2962.088,1.9953,-0.9499999999998181,-0.0306,2948.164,8872.34,1.9953,1.0,1.0,0.3323
2026-01-11 17:35:00,3104.02,3104.03,3098.9,3099.71,8061.9259999999995,24998773.45165,1651.884,6410.042,0.2577,-4.309999999999945,-0.1389,-4758.158,8061.926,0.2577,1.0,1.0,-0.5902
2026-01-11 17:40:00,3099.71,3100.75,3099.54,3100.74,2642.237,8192031.77634,2099.838,542.399,3.8714,1.0299999999997453,0.0332,1557.4390000000003,2642.237,3.8714,1.0,1.0,0.5894
2026-01-11 17:45:00,3100.74,3103.31,3100.73,3102.7,3297.415,10227172.61867,2553.65,743.765,3.4334,1.9600000000000364,0.0632,1809.8850000000002,3297.415,3.4334,1.0,1.0,0.5489
2026-01-11 17:50:00,3102.69,3104.0,3102.69,3103.59,2810.518,8722129.34445,939.318,1871.2,0.502,0.900000000000091,0.029,-931.8820000000001,2810.518,0.502,1.0,1.0,-0.3316
2026-01-11 17:55:00,3103.6,3104.16,3103.09,3103.09,1834.076,5691723.8368,763.923,1070.153,0.7138,-0.5099999999997635,-0.0164,-306.23,1834.076,0.7138,1.0,1.0,-0.167
2026-01-11 18:00:00,3103.1,3104.95,3101.61,3101.99,1312.607,4073700.27514,512.78,799.827,0.6411,-1.1100000000001273,-0.0358,-287.047,1312.607,0.6411,1.0,1.0,-0.2187
2026-01-11 18:05:00,3102.0,3104.2,3101.12,3104.2,1605.552,4980711.296490001,934.388,671.164,1.3922,2.199999999999818,0.0709,263.22400000000005,1605.5520000000001,1.3922,1.0,1.0,0.1639
2026-01-11 18:10:00,3104.2,3107.0,3104.19,3106.7,3502.201,10877260.22723,1946.945,1555.256,1.2518,2.5,0.0805,391.68899999999985,3502.201,1.2518,1.0,1.0,0.1118
2026-01-11 18:15:00,3106.7,3107.42,3105.22,3105.8,2439.604,7577898.7701900005,1486.076,953.528,1.5585,-0.8999999999996362,-0.029,532.548,2439.6040000000003,1.5585,1.0,1.0,0.2183
2026-01-11 18:20:00,3105.8,3105.8,3104.2,3104.21,1551.884,4819140.1628600005,422.549,1129.335,0.3742,-1.5900000000001455,-0.0512,-706.7860000000001,1551.884,0.3742,1.0,1.0,-0.4554
2026-01-11 18:25:00,3104.21,3104.48,3103.0,3104.48,1426.055,4425915.7665,795.603,630.452,1.262,0.2699999999999818,0.0087,165.15099999999995,1426.0549999999998,1.262,1.0,1.0,0.1158
2026-01-11 18:30:00,3104.48,3105.59,3102.83,3104.66,4070.3830000000003,12634844.16316,1113.657,2956.726,0.3767,0.1799999999998363,0.0058,-1843.0690000000002,4070.383,0.3767,1.0,1.0,-0.4528
2026-01-11 18:35:00,3104.66,3106.94,3104.66,3105.15,1518.47,4716140.41397,1165.798,352.672,3.3056,0.49000000000023647,0.0158,813.126,1518.47,3.3056,1.0,1.0,0.5355
2026-01-11 18:40:00,3105.15,3106.0,3103.55,3103.55,1546.0030000000002,4800325.16305,491.893,1054.11,0.4666,-1.599999999999909,-0.0515,-562.2169999999999,1546.003,0.4666,1.0,1.0,-0.3637
2026-01-11 18:45:00,3103.55,3104.23,3103.04,3103.59,1831.1570000000002,5683329.4439199995,639.284,1191.873,0.5364,0.03999999999996362,0.0013,-552.589,1831.1570000000002,0.5364,1.0,1.0,-0.3018
2026-01-11 18:50:00,3103.6,3106.25,3103.59,3105.44,1739.676,5402555.67192,930.921,808.755,1.1511,1.8400000000001455,0.0593,122.16600000000005,1739.676,1.1511,1.0,1.0,0.0702
2026-01-11 18:55:00,3105.45,3106.66,3105.37,3106.27,1229.229,3818049.3427,609.53,619.699,0.9836,0.8200000000001637,0.0264,-10.168999999999983,1229.2289999999998,0.9836,1.0,1.0,-0.0083
2026-01-11 19:00:00,3106.27,3106.39,3104.33,3105.02,1403.229,4358005.22553,567.205,836.024,0.6785,-1.25,-0.0402,-268.81899999999996,1403.229,0.6785,1.0,1.0,-0.1916
2026-01-11 19:05:00,3105.02,3105.39,3102.3,3102.55,2085.881,6473993.36138,543.397,1542.484,0.3523,-2.4699999999998,-0.0795,-999.0869999999999,2085.881,0.3523,1.0,1.0,-0.479
2026-01-11 19:10:00,3102.55,3103.84,3102.36,3102.36,1250.687,3881169.33743,645.038,605.649,1.065,-0.19000000000005457,-0.0061,39.38900000000001,1250.687,1.065,1.0,1.0,0.0315
2026-01-11 19:15:00,3102.37,3103.08,3101.5,3103.03,1484.769,4605772.3804399995,604.839,879.93,0.6874,0.6600000000003092,0.0213,-275.0909999999999,1484.769,0.6874,1.0,1.0,-0.1853
2026-01-11 19:20:00,3103.03,3103.52,3102.59,3102.95,1007.127,3125349.00888,503.496,503.631,0.9997,-0.08000000000038199,-0.0026,-0.1349999999999909,1007.127,0.9997,1.0,1.0,-0.0001
2026-01-11 19:25:00,3102.95,3105.05,3102.94,3105.05,1127.78,3500736.4418099998,763.825,363.955,2.0987,2.100000000000364,0.0677,399.87000000000006,1127.78,2.0987,1.0,1.0,0.3546
2026-01-11 19:30:00,3105.05,3106.62,3104.75,3105.06,3867.4300000000003,12011131.56678,2989.838,877.592,3.4069,0.009999999999763531,0.0003,2112.246,3867.4300000000003,3.4069,1.0,1.0,0.5462
2026-01-11 19:35:00,3105.07,3105.74,3104.94,3105.34,1162.71,3610886.71208,523.397,639.313,0.8187,0.2699999999999818,0.0087,-115.91599999999994,1162.71,0.8187,1.0,1.0,-0.0997
2026-01-11 19:40:00,3105.34,3106.0,3104.85,3104.86,831.47,2582299.18567,340.346,491.124,0.693,-0.4800000000000182,-0.0155,-150.77800000000002,831.47,0.693,1.0,1.0,-0.1813
2026-01-11 19:45:00,3104.86,3104.86,3103.14,3103.82,2059.383,6391703.040519999,624.309,1435.074,0.435,-1.0399999999999636,-0.0335,-810.7650000000001,2059.383,0.435,1.0,1.0,-0.3937
2026-01-11 19:50:00,3103.83,3103.83,3103.65,3103.8,513.877,1594973.58644,310.256,203.621,1.5237,-0.02999999999974534,-0.001,106.63499999999996,513.877,1.5237,1.0,1.0,0.2075
2026-01-11 19:55:00,3103.8,3104.01,3102.54,3103.99,1387.915,4307597.80232,556.97,830.945,0.6703,0.18999999999959982,0.0061,-273.975,1387.915,0.6703,1.0,1.0,-0.1974
2026-01-11 20:00:00,3104.0,3106.24,3103.41,3106.24,2054.808,6379815.83368,1601.903,452.905,3.537,2.2399999999997817,0.0722,1148.998,2054.808,3.537,1.0,1.0,0.5592
2026-01-11 20:05:00,3106.24,3107.79,3105.0,3105.55,3950.117,12272032.565,1830.687,2119.43,0.8638,-0.6899999999995998,-0.0222,-288.74299999999994,3950.1169999999997,0.8638,1.0,1.0,-0.0731
2026-01-11 20:10:00,3105.55,3107.49,3105.55,3107.37,1177.055,3657198.2788,595.139,581.916,1.0227,1.819999999999709,0.0586,13.222999999999956,1177.055,1.0227,1.0,1.0,0.0112
2026-01-11 20:15:00,3107.36,3109.45,3105.67,3108.76,4159.598,12928343.82253,2742.361,1417.237,1.935,1.400000000000091,0.0451,1325.1239999999998,4159.598,1.935,1.0,1.0,0.3186
2026-01-11 20:20:00,3108.76,3108.76,3106.73,3107.72,2664.276,8280411.40044,1001.425,1662.851,0.6022,-1.0400000000004184,-0.0335,-661.4260000000002,2664.276,0.6022,1.0,1.0,-0.2483
2026-01-11 20:25:00,3107.73,3108.76,3106.2,3108.76,2412.36,7497337.92371,1545.203,867.157,1.7819,1.0300000000002,0.0331,678.0459999999999,2412.36,1.7819,1.0,1.0,0.2811
2026-01-11 20:30:00,3108.76,3112.0,3106.87,3107.05,10675.454,33195798.660589997,6791.477,3883.977,1.7486,-1.7100000000000364,-0.055,2907.5,10675.454,1.7486,1.0,1.0,0.2724
2026-01-11 20:35:00,3107.05,3107.97,3106.55,3107.96,2087.846,6488153.7111,1206.619,881.227,1.3692,0.9099999999998545,0.0293,325.39199999999994,2087.846,1.3692,1.0,1.0,0.1559
2026-01-11 20:40:00,3107.96,3111.31,3107.96,3110.01,5116.391,15908181.13422,3810.097,1306.294,2.9167,2.050000000000182,0.066,2503.803,5116.3910000000005,2.9167,1.0,1.0,0.4894
2026-01-11 20:45:00,3110.0,3115.65,3109.79,3113.65,20354.091,63370457.69899,12276.593,8077.498,1.5199,3.650000000000091,0.1174,4199.095000000001,20354.091,1.5199,1.0,1.0,0.2063
2026-01-11 20:50:00,3113.65,3114.36,3111.18,3113.33,4258.23,13256198.03148,1778.84,2479.39,0.7175,-0.3200000000001637,-0.0103,-700.55,4258.23,0.7175,1.0,1.0,-0.1645
2026-01-11 20:55:00,3113.34,3114.69,3112.05,3112.48,3844.642,11969947.90959,1495.545,2349.097,0.6366,-0.8600000000001273,-0.0276,-853.5520000000001,3844.6420000000003,0.6366,1.0,1.0,-0.222
2026-01-11 21:00:00,3112.48,3114.11,3110.47,3111.25,3728.8410000000003,11604342.79269,1417.934,2310.907,0.6136,-1.2300000000000182,-0.0395,-892.9730000000002,3728.8410000000003,0.6136,1.0,1.0,-0.2395
2026-01-11 21:05:00,3111.29,3113.05,3111.0,3112.07,2503.13,7789254.48689,1570.544,932.586,1.6841,0.7800000000002001,0.0251,637.9580000000001,2503.13,1.6841,1.0,1.0,0.2549
2026-01-11 21:10:00,3112.08,3114.1,3112.07,3114.0,2198.292,6843740.05264,1448.43,749.862,1.9316,1.9200000000000728,0.0617,698.5680000000001,2198.292,1.9316,1.0,1.0,0.3178
2026-01-11 21:15:00,3113.99,3115.0,3112.38,3113.75,2458.928,7656787.81708,1234.747,1224.181,1.0086,-0.23999999999978172,-0.0077,10.566000000000031,2458.928,1.0086,1.0,1.0,0.0043
2026-01-11 21:20:00,3113.75,3114.25,3109.5,3110.4,9977.395,31045650.77442,2000.98,7976.415,0.2509,-3.349999999999909,-0.1076,-5975.4349999999995,9977.395,0.2509,1.0,1.0,-0.5989
2026-01-11 21:25:00,3110.4,3111.0,3106.04,3110.99,5870.115,18248585.26144,2368.082,3502.033,0.6762,0.5899999999996908,0.019,-1133.951,5870.115,0.6762,1.0,1.0,-0.1932
2026-01-11 21:30:00,3110.99,3111.0,3107.39,3108.19,3689.133,11467826.627319999,1565.055,2124.078,0.7368,-2.799999999999727,-0.09,-559.0229999999999,3689.133,0.7368,1.0,1.0,-0.1515
2026-01-11 21:35:00,3108.19,3111.0,3107.9,3111.0,2917.407,9069162.764250001,1544.427,1372.98,1.1249,2.8099999999999454,0.0904,171.4469999999999,2917.407,1.1249,1.0,1.0,0.0588
2026-01-11 21:40:00,3111.0,3111.84,3105.2,3105.74,3475.925,10800805.6676,1074.846,2401.079,0.4477,-5.260000000000218,-0.1691,-1326.2330000000002,3475.925,0.4477,1.0,1.0,-0.3815
2026-01-11 21:45:00,3105.75,3108.56,3105.74,3108.56,5189.459,16124322.04975,4296.041,893.418,4.8085,2.8099999999999454,0.0905,3402.623,5189.459,4.8085,1.0,1.0,0.6557
2026-01-11 21:50:00,3108.56,3111.15,3108.55,3110.53,3670.207,11414173.28967,2553.827,1116.38,2.2876,1.9700000000002547,0.0634,1437.4470000000001,3670.2070000000003,2.2876,1.0,1.0,0.3917
2026-01-11 21:55:00,3110.53,3110.53,3107.84,3108.55,1491.92,4638411.71691,573.441,918.479,0.6243,-1.9800000000000182,-0.0637,-345.038,1491.92,0.6243,1.0,1.0,-0.2313
2026-01-11 22:00:00,3108.55,3111.57,3108.44,3111.01,3334.268,10367538.83875,1369.482,1964.786,0.697,2.4600000000000364,0.0791,-595.3040000000001,3334.268,0.697,1.0,1.0,-0.1785
2026-01-11 22:05:00,3111.01,3112.99,3111.01,3112.75,2970.045,9243751.10539,2262.743,707.302,3.1991,1.7399999999997817,0.0559,1555.4409999999998,2970.045,3.1991,1.0,1.0,0.5237
2026-01-11 22:10:00,3112.75,3113.63,3112.07,3112.39,2138.482,6656616.72947,1096.225,1042.257,1.0518,-0.36000000000012733,-0.0116,53.96799999999985,2138.482,1.0518,1.0,1.0,0.0252
2026-01-11 22:15:00,3112.38,3113.6,3111.36,3112.2,2285.221,7111949.21918,1279.831,1005.39,1.273,-0.18000000000029104,-0.0058,274.4409999999999,2285.221,1.273,1.0,1.0,0.1201
2026-01-11 22:20:00,3112.2,3113.64,3112.2,3113.57,1724.6399999999999,5368825.30054,1338.09,386.55,3.4616,1.3700000000003456,0.044,951.54,1724.6399999999999,3.4616,1.0,1.0,0.5517
2026-01-11 22:25:00,3113.57,3114.26,3113.36,3114.25,1672.41,5207744.23525,997.36,675.05,1.4775,0.6799999999998363,0.0218,322.31000000000006,1672.4099999999999,1.4775,1.0,1.0,0.1927
2026-01-11 22:30:00,3114.26,3117.96,3111.0,3114.24,10276.342999999999,32003558.04772,5250.187,5026.156,1.0446,-0.020000000000436557,-0.0006,224.03099999999995,10276.343,1.0446,1.0,1.0,0.0218
2026-01-11 22:35:00,3114.24,3115.0,3112.65,3115.0,3340.422,10402205.82596,2176.962,1163.46,1.8711,0.7600000000002183,0.0244,1013.502,3340.422,1.8711,1.0,1.0,0.3034
2026-01-11 22:40:00,3114.99,3115.7,3111.35,3114.08,4640.543,14449894.49058,1227.859,3412.684,0.3598,-0.9099999999998545,-0.0292,-2184.8250000000003,4640.543,0.3598,1.0,1.0,-0.4708
2026-01-11 22:45:00,3114.07,3114.88,3113.06,3113.16,2373.864,7391786.60196,655.027,1718.837,0.3811,-0.9100000000003092,-0.0292,-1063.81,2373.864,0.3811,1.0,1.0,-0.4481
2026-01-11 22:50:00,3113.17,3118.89,3111.09,3117.47,7907.436000000001,24629534.06281,5830.002,2077.434,2.8063,4.299999999999727,0.1381,3752.568,7907.436000000001,2.8063,1.0,1.0,0.4746
2026-01-11 22:55:00,3117.47,3128.8,3117.05,3124.64,45017.340000000004,140591183.86252,30898.4,14118.94,2.1884,7.170000000000073,0.23,16779.46,45017.340000000004,2.1884,1.0,1.0,0.3727
2026-01-11 23:00:00,3124.64,3130.0,3120.37,3121.95,22715.945,70989590.47098,11090.159,11625.786,0.9539,-2.6900000000000546,-0.0861,-535.6270000000004,22715.945,0.9539,1.0,1.0,-0.0236
2026-01-11 23:05:00,3121.95,3122.71,3118.33,3120.25,11602.348,36204020.60324,3317.855,8284.493,0.4005,-1.699999999999818,-0.0545,-4966.638000000001,11602.348,0.4005,1.0,1.0,-0.4281
2026-01-11 23:10:00,3120.25,3121.43,3116.33,3118.0,9734.572,30357151.54543,3420.766,6313.806,0.5418,-2.25,-0.0721,-2893.0399999999995,9734.572,0.5418,1.0,1.0,-0.2972
2026-01-11 23:15:00,3118.0,3122.17,3116.55,3118.22,5152.128000000001,16071680.888700001,2518.317,2633.811,0.9561,0.2199999999997999,0.0071,-115.49400000000014,5152.128000000001,0.9561,1.0,1.0,-0.0224
2026-01-11 23:20:00,3118.23,3123.15,3118.22,3122.9,11494.633000000002,35867683.91392,7146.579,4348.054,1.6436,4.670000000000073,0.1498,2798.5249999999996,11494.633,1.6436,1.0,1.0,0.2435
2026-01-11 23:25:00,3122.91,3123.66,3120.2,3120.66,3363.572,10500106.69124,1356.112,2007.46,0.6755,-2.25,-0.072,-651.348,3363.572,0.6755,1.0,1.0,-0.1936
2026-01-11 23:30:00,3120.66,3123.78,3120.66,3121.2,5605.255,17498896.05636,4157.858,1447.397,2.8726,0.5399999999999636,0.0173,2710.4610000000002,5605.255,2.8726,1.0,1.0,0.4836
2026-01-11 23:35:00,3121.2,3123.86,3121.1,3121.13,2569.843,8025178.77582,1117.035,1452.808,0.7689,-0.06999999999970896,-0.0022,-335.7729999999999,2569.843,0.7689,1.0,1.0,-0.1307
2026-01-11 23:40:00,3121.13,3122.7,3112.0,3115.34,29889.571,93152854.439,8391.825,21497.746,0.3904,-5.789999999999964,-0.1855,-13105.920999999998,29889.571,0.3904,1.0,1.0,-0.4385
2026-01-11 23:45:00,3115.34,3115.34,3108.66,3111.53,28202.167999999998,87750913.61781,12366.847,15835.321,0.781,-3.8099999999999454,-0.1223,-3468.474,28202.167999999998,0.781,1.0,1.0,-0.123
2026-01-11 23:50:00,3111.53,3115.32,3111.0,3113.41,4291.301,13358924.56443,2631.159,1660.142,1.5849,1.8799999999996544,0.0604,971.017,4291.301,1.5849,1.0,1.0,0.2263
2026-01-11 23:55:00,3113.41,3117.0,3113.0,3116.89,3806.452,11859429.053059999,2528.264,1278.188,1.978,3.480000000000018,0.1118,1250.076,3806.452,1.978,1.0,1.0,0.3284
2026-01-12 00:00:00,3116.88,3120.28,3116.3,3118.79,4602.726,14351577.73388,2784.762,1817.964,1.5318,1.9099999999998545,0.0613,966.7980000000002,4602.726000000001,1.5318,1.0,1.0,0.21
2026-01-12 00:05:00,3118.79,3119.89,3116.94,3117.29,4743.38,14793835.12509,1325.789,3417.591,0.3879,-1.5,-0.0481,-2091.8019999999997,4743.38,0.3879,1.0,1.0,-0.441
2026-01-12 00:10:00,3117.3,3117.3,3114.33,3115.39,2713.526,8455096.89644,863.861,1849.665,0.467,-1.9100000000003092,-0.0613,-985.804,2713.526,0.467,1.0,1.0,-0.3633
2026-01-12 00:15:00,3115.39,3118.0,3114.6,3117.95,3578.3869999999997,11150843.2808,2469.414,1108.973,2.2268,2.5599999999999454,0.0822,1360.4410000000003,3578.387,2.2268,1.0,1.0,0.3802
2026-01-12 00:20:00,3117.91,3119.18,3116.37,3119.18,1202.546,3749926.3179200003,619.275,583.271,1.0617,1.2699999999999818,0.0407,36.00400000000002,1202.5459999999998,1.0617,1.0,1.0,0.0299
2026-01-12 00:25:00,3119.17,3123.78,3118.2,3122.4,10121.866,31595696.13396,7143.686,2978.18,2.3987,3.230000000000018,0.1036,4165.505999999999,10121.866,2.3987,1.0,1.0,0.4115
2026-01-12 00:30:00,3122.4,3146.2,3122.0,3136.54,98958.332,310389507.71911,57172.151,41786.178,1.3682,14.139999999999873,0.4529,15385.972999999998,98958.329,1.3682,1.0,1.0,0.1555
2026-01-12 00:35:00,3136.55,3141.0,3136.55,3136.89,16511.127,51829508.96681,8798.49,7712.64,1.1408,0.33999999999969077,0.0108,1085.8499999999995,16511.13,1.1408,1.0,1.0,0.0658
2026-01-12 00:40:00,3136.89,3139.62,3133.89,3134.65,11698.023,36685561.32704,5115.523,6582.5,0.7771,-2.2399999999997817,-0.0714,-1466.9769999999999,11698.023000000001,0.7771,1.0,1.0,-0.1254
2026-01-12 00:45:00,3134.65,3137.5,3130.24,3131.44,17729.993000000002,55565352.41493,10805.756,6924.237,1.5606,-3.2100000000000364,-0.1024,3881.5189999999993,17729.993,1.5606,1.0,1.0,0.2189
2026-01-12 00:50:00,3131.45,3132.45,3125.26,3129.17,15595.246000000001,48787298.33912,6671.168,8924.078,0.7475,-2.2799999999997453,-0.0728,-2252.91,15595.246,0.7475,1.0,1.0,-0.1445
2026-01-12 00:55:00,3129.17,3130.0,3128.1,3128.26,4563.444,14280199.63905,1689.513,2873.931,0.5879,-0.9099999999998545,-0.0291,-1184.4180000000001,4563.4439999999995,0.5879,1.0,1.0,-0.2595
2026-01-12 01:00:00,3128.27,3130.0,3126.01,3127.65,3707.044,11594102.77436,2010.84,1696.204,1.1855,-0.6199999999998909,-0.0198,314.63599999999997,3707.044,1.1855,1.0,1.0,0.0849
2026-01-12 01:05:00,3127.66,3131.28,3126.52,3130.05,5748.564,17987641.55925,4316.597,1431.967,3.0145,2.3900000000003274,0.0764,2884.6299999999997,5748.564,3.0145,1.0,1.0,0.5018
2026-01-12 01:10:00,3130.04,3133.2,3129.47,3129.96,5842.473999999999,18297994.08681,4622.961,1219.513,3.7908,-0.07999999999992724,-0.0026,3403.4480000000003,5842.474,3.7908,1.0,1.0,0.5825
2026-01-12 01:15:00,3129.96,3129.96,3126.0,3127.56,3846.505,12030690.01259,1768.046,2078.459,0.8507,-2.400000000000091,-0.0767,-310.4129999999998,3846.505,0.8507,1.0,1.0,-0.0807
2026-01-12 01:20:00,3127.55,3130.69,3127.01,3128.93,3545.484,11092893.60117,2067.71,1477.774,1.3992,1.3799999999996544,0.0441,589.9360000000001,3545.484,1.3992,1.0,1.0,0.1664
2026-01-12 01:25:00,3128.94,3130.99,3128.49,3130.75,2149.818,6729202.31739,1465.396,684.422,2.1411,1.8099999999999454,0.0578,780.9739999999999,2149.818,2.1411,1.0,1.0,0.3633
2026-01-12 01:30:00,3130.75,3131.61,3129.0,3130.73,3079.795,9640853.34323,1920.834,1158.961,1.6574,-0.01999999999998181,-0.0006,761.873,3079.795,1.6574,1.0,1.0,0.2474
2026-01-12 01:35:00,3130.73,3130.73,3116.07,3123.52,26448.427,82568444.34792,8942.768,17505.659,0.5109,-7.210000000000036,-0.2303,-8562.891,26448.427,0.5109,1.0,1.0,-0.3238
2026-01-12 01:40:00,3123.52,3124.54,3122.56,3124.39,3941.752,12312501.506269999,2637.28,1304.472,2.0217,0.8699999999998909,0.0279,1332.8080000000002,3941.7520000000004,2.0217,1.0,1.0,0.3381
2026-01-12 01:45:00,3124.39,3124.6,3121.6,3122.86,2657.689,8300007.03203,960.869,1696.82,0.5663,-1.5299999999997453,-0.049,-735.9509999999999,2657.689,0.5663,1.0,1.0,-0.2769
2026-01-12 01:50:00,3122.86,3125.88,3122.84,3125.39,3099.5860000000002,9684353.06506,1868.059,1231.527,1.5169,2.5299999999997453,0.081,636.5319999999999,3099.5860000000002,1.5169,1.0,1.0,0.2054
2026-01-12 01:55:00,3125.39,3126.39,3125.38,3126.15,3705.543,11583207.11257,2737.234,968.309,2.8268,0.7600000000002183,0.0243,1768.925,3705.5429999999997,2.8268,1.0,1.0,0.4774
2026-01-12 02:00:00,3126.15,3126.89,3122.05,3122.58,2743.67,8571827.228980001,970.366,1773.304,0.5472,-3.5700000000001637,-0.1142,-802.9380000000001,2743.67,0.5472,1.0,1.0,-0.2927
2026-01-12 02:05:00,3122.59,3122.59,3120.22,3121.0,2579.792,8052003.44701,1172.664,1407.128,0.8334,-1.5900000000001455,-0.0509,-234.46399999999994,2579.792,0.8334,1.0,1.0,-0.0909
2026-01-12 02:10:00,3121.01,3121.25,3120.0,3120.83,1240.267,3870684.26228,694.594,545.673,1.2729,-0.18000000000029104,-0.0058,148.92100000000005,1240.267,1.2729,1.0,1.0,0.1201
2026-01-12 02:15:00,3120.83,3123.42,3120.83,3122.52,1727.098,5392136.31616,1136.896,590.202,1.9263,1.6900000000000546,0.0542,546.694,1727.098,1.9263,1.0,1.0,0.3165
2026-01-12 02:20:00,3122.53,3125.0,3122.53,3123.11,1898.612,5931235.19547,1103.525,795.087,1.3879,0.5799999999999272,0.0186,308.4380000000001,1898.612,1.3879,1.0,1.0,0.1625
2026-01-12 02:25:00,3123.12,3124.98,3121.91,3124.67,1016.461,3174519.15368,454.572,561.889,0.809,1.550000000000182,0.0496,-107.31700000000001,1016.461,0.809,1.0,1.0,-0.1056
2026-01-12 02:30:00,3124.67,3124.67,3122.42,3123.78,1124.328,3511835.15291,515.52,608.808,0.8468,-0.8899999999998727,-0.0285,-93.28800000000001,1124.328,0.8468,1.0,1.0,-0.083
2026-01-12 02:35:00,3123.78,3123.79,3119.17,3120.7,2728.1890000000003,8513321.09257,1143.988,1584.201,0.7221,-3.080000000000382,-0.0986,-440.21299999999997,2728.1890000000003,0.7221,1.0,1.0,-0.1614
2026-01-12 02:40:00,3120.7,3122.8,3120.33,3122.47,1086.516,3391537.6961000003,904.031,182.485,4.954,1.7699999999999818,0.0567,721.5459999999999,1086.516,4.954,1.0,1.0,0.6641
2026-01-12 02:45:00,3122.47,3126.32,3122.4,3126.01,2559.834,7998949.167239999,2172.145,387.689,5.6028,3.5400000000004184,0.1134,1784.456,2559.834,5.6028,1.0,1.0,0.6971
2026-01-12 02:50:00,3126.0,3132.79,3125.6,3129.67,13546.956999999999,42380741.75916,11504.137,2042.82,5.6315,3.6700000000000728,0.1174,9461.317000000001,13546.957,5.6315,1.0,1.0,0.6984
2026-01-12 02:55:00,3129.68,3133.01,3127.95,3128.53,8300.772,25989572.604229998,4922.39,3378.382,1.457,-1.1499999999996362,-0.0367,1544.0080000000003,8300.772,1.457,1.0,1.0,0.186
2026-01-12 03:00:00,3128.52,3130.85,3128.52,3129.9,1128.497,3531955.29986,383.531,744.966,0.5148,1.3800000000001091,0.0441,-361.435,1128.497,0.5148,1.0,1.0,-0.3203
2026-01-12 03:05:00,3129.91,3129.91,3127.27,3128.63,1579.452,4940759.57942,497.933,1081.519,0.4604,-1.2799999999997453,-0.0409,-583.586,1579.452,0.4604,1.0,1.0,-0.3695
2026-01-12 03:10:00,3128.63,3132.2,3127.04,3130.28,3825.814,11976682.27317,1920.074,1905.74,1.0075,1.650000000000091,0.0527,14.33400000000006,3825.8140000000003,1.0075,1.0,1.0,0.0037
2026-01-12 03:15:00,3130.28,3130.84,3125.88,3126.97,3512.6319999999996,10985762.137529999,314.457,3198.175,0.0983,-3.3100000000004,-0.1057,-2883.7180000000003,3512.632,0.0983,1.0,1.0,-0.821
2026-01-12 03:20:00,3126.96,3128.13,3125.9,3127.38,1381.073,4318555.4731600005,609.74,771.333,0.7905,0.42000000000007276,0.0134,-161.59299999999996,1381.0729999999999,0.7905,1.0,1.0,-0.117
2026-01-12 03:25:00,3127.39,3127.46,3124.64,3126.64,3358.558,10497912.8627,595.475,2763.083,0.2155,-0.75,-0.024,-2167.608,3358.558,0.2155,1.0,1.0,-0.6454
2026-01-12 03:30:00,3126.63,3127.5,3125.59,3126.04,736.35,2302215.02231,181.214,555.136,0.3264,-0.5900000000001455,-0.0189,-373.92199999999997,736.3499999999999,0.3264,1.0,1.0,-0.5078
2026-01-12 03:35:00,3126.05,3126.05,3123.34,3123.35,2373.154,7414304.33129,348.456,2024.698,0.1721,-2.700000000000273,-0.0864,-1676.2420000000002,2373.154,0.1721,1.0,1.0,-0.7063
2026-01-12 03:40:00,3123.35,3123.52,3120.8,3121.71,4499.627,14047239.9904,2896.627,1603.0,1.807,-1.6399999999998727,-0.0525,1293.627,4499.627,1.807,1.0,1.0,0.2875
2026-01-12 03:45:00,3121.71,3122.07,3117.48,3122.07,7277.577,22709062.92967,3430.876,3846.701,0.8919,0.36000000000012733,0.0115,-415.8249999999998,7277.577,0.8919,1.0,1.0,-0.0571
2026-01-12 03:50:00,3122.06,3123.0,3120.21,3122.7,1557.862,4863230.97554,1183.171,374.691,3.1577,0.6399999999998727,0.0205,808.48,1557.862,3.1577,1.0,1.0,0.519
2026-01-12 03:55:00,3122.69,3125.26,3121.7,3123.4,1904.748,5950192.24494,1426.757,477.991,2.9849,0.7100000000000364,0.0227,948.7660000000001,1904.748,2.9849,1.0,1.0,0.4981
2026-01-12 04:00:00,3123.34,3123.34,3117.83,3118.77,4686.579000000001,14618376.15253,1758.679,2927.9,0.6007,-4.570000000000164,-0.1463,-1169.221,4686.579,0.6007,1.0,1.0,-0.2495
2026-01-12 04:05:00,3118.77,3118.78,3105.9,3112.55,30909.550000000003,96188761.57621999,9118.685,21790.865,0.4185,-6.2199999999998,-0.1994,-12672.180000000002,30909.550000000003,0.4185,1.0,1.0,-0.41
2026-01-12 04:10:00,3112.56,3114.99,3110.16,3111.33,5798.802,18049141.68366,2406.58,3392.222,0.7094,-1.2300000000000182,-0.0395,-985.6420000000003,5798.802,0.7094,1.0,1.0,-0.17
2026-01-12 04:15:00,3111.33,3111.33,3102.41,3103.48,23028.269,71526518.8968,5444.79,17583.479,0.3097,-7.849999999999909,-0.2523,-12138.688999999998,23028.269,0.3097,1.0,1.0,-0.5271
2026-01-12 04:20:00,3103.49,3109.65,3100.0,3102.72,18146.941,56318741.105790004,5536.74,12610.201,0.4391,-0.7699999999999818,-0.0248,-7073.460999999999,18146.941,0.4391,1.0,1.0,-0.3898
2026-01-12 04:25:00,3102.73,3105.62,3102.1,3104.45,3503.2490000000003,10873328.66735,1907.058,1596.191,1.1948,1.7199999999998,0.0554,310.86699999999996,3503.249,1.1948,1.0,1.0,0.0887
2026-01-12 04:30:00,3104.45,3108.2,3100.22,3107.92,10769.162,33431738.32192,5928.104,4841.058,1.2245,3.4700000000002547,0.1118,1087.0460000000003,10769.162,1.2245,1.0,1.0,0.1009
2026-01-12 04:35:00,3107.92,3110.25,3106.18,3109.5,5285.7570000000005,16431256.62361,4210.386,1075.371,3.9153,1.5799999999999272,0.0508,3135.0150000000003,5285.7570000000005,3.9153,1.0,1.0,0.5931
2026-01-12 04:40:00,3109.52,3109.52,3105.84,3107.01,3940.4900000000002,12244330.69301,1131.624,2808.866,0.4029,-2.5099999999997635,-0.0807,-1677.242,3940.49,0.4029,1.0,1.0,-0.4256
2026-01-12 04:45:00,3107.01,3111.65,3107.01,3110.36,2687.042,8355409.01856,2124.919,562.123,3.7802,3.349999999999909,0.1078,1562.7959999999998,2687.042,3.7802,1.0,1.0,0.5816
2026-01-12 04:50:00,3110.36,3113.5,3109.5,3113.06,4204.4400000000005,13083027.48233,1938.817,2265.623,0.8558,2.699999999999818,0.0868,-326.80600000000004,4204.4400000000005,0.8558,1.0,1.0,-0.0777
2026-01-12 04:55:00,3113.07,3114.88,3112.13,3113.63,1734.767,5401257.98065,1002.851,731.916,1.3702,0.5599999999999454,0.018,270.93499999999995,1734.767,1.3702,1.0,1.0,0.1562
2026-01-12 05:00:00,3113.63,3113.63,3107.14,3107.99,4092.331,12730058.76593,1169.738,2922.593,0.4002,-5.640000000000327,-0.1811,-1752.8549999999998,4092.331,0.4002,1.0,1.0,-0.4283
2026-01-12 05:05:00,3108.0,3109.99,3106.04,3109.24,1514.98,4708466.43425,919.591,595.389,1.5445,1.2399999999997817,0.0399,324.202,1514.98,1.5445,1.0,1.0,0.214
2026-01-12 05:10:00,3109.24,3111.23,3109.0,3110.91,959.7429999999999,2984828.91988,688.376,271.367,2.5367,1.6700000000000728,0.0537,417.00899999999996,959.7429999999999,2.5367,1.0,1.0,0.4345
2026-01-12 05:15:00,3110.91,3117.35,3110.32,3112.27,4514.86,14060848.67863,2842.796,1672.064,1.7002,1.3600000000001273,0.0437,1170.7319999999997,4514.86,1.7002,1.0,1.0,0.2593
2026-01-12 05:20:00,3112.26,3113.53,3111.41,3113.0,561.605,1748017.58842,332.291,229.314,1.4491,0.7399999999997817,0.0238,102.977,561.605,1.4491,1.0,1.0,0.1834
2026-01-12 05:25:00,3112.99,3113.0,3111.35,3112.89,953.58,2967941.41194,437.308,516.272,0.847,-0.09999999999990905,-0.0032,-78.96400000000006,953.58,0.847,1.0,1.0,-0.0828
2026-01-12 05:30:00,3112.89,3117.12,3112.19,3115.13,3238.116,10086133.27813,1883.407,1354.709,1.3903,2.2400000000002365,0.072,528.6979999999999,3238.116,1.3903,1.0,1.0,0.1633
2026-01-12 05:35:00,3115.13,3115.7,3111.24,3111.36,1378.396,4290805.7253,412.915,965.481,0.4277,-3.769999999999982,-0.121,-552.566,1378.396,0.4277,1.0,1.0,-0.4009
2026-01-12 05:40:00,3111.36,3113.13,3111.11,3112.56,660.871,2056764.15679,338.16,322.711,1.0479,1.199999999999818,0.0386,15.449000000000012,660.8710000000001,1.0479,1.0,1.0,0.0234
2026-01-12 05:45:00,3112.55,3117.99,3112.03,3117.38,1754.723,5467754.6632199995,1293.049,461.674,2.8008,4.829999999999927,0.1552,831.375,1754.723,2.8008,1.0,1.0,0.4738
2026-01-12 05:50:00,3117.38,3126.4,3117.28,3120.96,13375.885,41766582.23613,10808.956,2566.929,4.2109,3.5799999999999272,0.1148,8242.027,13375.885,4.2109,1.0,1.0,0.6162
2026-01-12 05:55:00,3120.96,3122.24,3118.5,3119.38,4337.44,13535437.16345,2537.877,1799.563,1.4103,-1.5799999999999272,-0.0506,738.3139999999999,4337.4400000000005,1.4103,1.0,1.0,0.1702
2026-01-12 06:00:00,3119.38,3119.38,3110.05,3110.2,3296.19,10264197.82609,768.247,2527.943,0.3039,-9.180000000000291,-0.2943,-1759.6960000000004,3296.19,0.3039,1.0,1.0,-0.5339
2026-01-12 06:05:00,3110.2,3110.73,3105.0,3107.39,6526.175,20281078.00073,2777.685,3748.49,0.741,-2.8099999999999454,-0.0903,-970.8049999999998,6526.174999999999,0.741,1.0,1.0,-0.1488
2026-01-12 06:10:00,3107.39,3113.79,3106.9,3109.46,6105.258,18988896.17587,3370.101,2735.157,1.2321,2.0700000000001637,0.0666,634.944,6105.258,1.2321,1.0,1.0,0.104
2026-01-12 06:15:00,3109.45,3112.5,3107.5,3108.88,4853.062,15089202.95538,1069.624,3783.438,0.2827,-0.569999999999709,-0.0183,-2713.8140000000003,4853.062,0.2827,1.0,1.0,-0.5592
2026-01-12 06:20:00,3108.87,3114.52,3108.87,3114.52,3234.048,10060465.21233,1394.612,1839.436,0.7582,5.650000000000091,0.1817,-444.82399999999984,3234.048,0.7582,1.0,1.0,-0.1375
2026-01-12 06:25:00,3114.51,3114.65,3111.29,3111.82,1161.433,3616430.38578,390.722,770.711,0.507,-2.6900000000000546,-0.0864,-379.98900000000003,1161.433,0.507,1.0,1.0,-0.3272
2026-01-12 06:30:00,3111.82,3114.63,3111.3,3114.39,2523.334,7856787.88359,1245.696,1277.638,0.975,2.569999999999709,0.0826,-31.942000000000007,2523.334,0.975,1.0,1.0,-0.0127
2026-01-12 06:35:00,3114.38,3114.38,3109.44,3112.38,1261.415,3925258.3143100003,626.981,634.434,0.9883,-2.0,-0.0642,-7.4529999999999745,1261.415,0.9883,1.0,1.0,-0.0059
2026-01-12 06:40:00,3112.38,3115.51,3111.97,3114.1,1296.188,4035828.2225200003,1055.519,240.669,4.3858,1.7199999999998,0.0553,814.85,1296.188,4.3858,1.0,1.0,0.6287
2026-01-12 06:45:00,3114.1,3115.05,3110.98,3112.59,1176.256,3662588.1503999997,414.809,761.447,0.5448,-1.5099999999997635,-0.0485,-346.638,1176.256,0.5448,1.0,1.0,-0.2947
2026-01-12 06:50:00,3112.59,3112.6,3109.17,3109.58,682.364,2122978.84731,131.112,551.252,0.2378,-3.0100000000002183,-0.0967,-420.14,682.3639999999999,0.2378,1.0,1.0,-0.6157
2026-01-12 06:55:00,3109.58,3111.6,3108.0,3108.06,1394.432,4335896.92805,598.879,795.553,0.7528,-1.5199999999999818,-0.0489,-196.67399999999998,1394.432,0.7528,1.0,1.0,-0.141
2026-01-12 07:00:00,3108.06,3109.11,3092.0,3094.41,30772.221,95360355.36771,9450.323,21321.898,0.4432,-13.650000000000091,-0.4392,-11871.575,30772.221,0.4432,1.0,1.0,-0.3858
2026-01-12 07:05:00,3094.4,3099.32,3091.0,3099.32,13762.515,42584132.24484,8491.768,5270.747,1.6111,4.920000000000073,0.159,3221.0209999999997,13762.515,1.6111,1.0,1.0,0.234
2026-01-12 07:10:00,3099.31,3110.2,3097.64,3110.2,11451.252,35549392.41015,8454.497,2996.755,2.8212,10.889999999999873,0.3514,5457.741999999999,11451.252,2.8212,1.0,1.0,0.4766
2026-01-12 07:15:00,3110.19,3123.36,3109.44,3123.36,16669.066,51939762.140250005,10384.776,6284.29,1.6525,13.170000000000073,0.4234,4100.486,16669.066,1.6525,1.0,1.0,0.246
2026-01-12 07:20:00,3123.36,3124.82,3110.04,3112.9,18568.356,57871837.22329,7083.534,11484.822,0.6168,-10.460000000000036,-0.3349,-4401.2880000000005,18568.356,0.6168,1.0,1.0,-0.237
2026-01-12 07:25:00,3112.9,3116.67,3111.0,3112.28,5225.678,16271363.70116,1574.155,3651.523,0.4311,-0.6199999999998909,-0.0199,-2077.3680000000004,5225.678,0.4311,1.0,1.0,-0.3975
2026-01-12 07:30:00,3112.29,3114.89,3110.03,3112.81,2926.7039999999997,9109284.99652,1594.613,1332.091,1.1971,0.5199999999999818,0.0167,262.52200000000016,2926.7039999999997,1.1971,1.0,1.0,0.0897
2026-01-12 07:35:00,3112.81,3112.81,3109.0,3110.01,4288.594,13340945.62997,1850.086,2438.508,0.7587,-2.799999999999727,-0.09,-588.4219999999998,4288.594,0.7587,1.0,1.0,-0.1372
2026-01-12 07:40:00,3110.0,3119.89,3109.41,3119.28,5045.355,15725052.746879999,3467.868,1577.487,2.1983,9.2800000000002,0.2984,1890.3809999999999,5045.355,2.1983,1.0,1.0,0.3747
2026-01-12 07:45:00,3119.27,3119.27,3116.05,3116.4,2896.529,9030613.81607,1294.56,1601.969,0.8081,-2.869999999999891,-0.092,-307.4090000000001,2896.529,0.8081,1.0,1.0,-0.1061
2026-01-12 07:50:00,3116.39,3123.43,3116.28,3123.3,5986.351,18674752.732,3021.722,2964.629,1.0193,6.910000000000309,0.2217,57.0930000000003,5986.351000000001,1.0193,1.0,1.0,0.0095
2026-01-12 07:55:00,3123.29,3123.3,3118.37,3121.58,4574.13,14276681.4952,1855.968,2718.162,0.6828,-1.7100000000000364,-0.0547,-862.1939999999997,4574.13,0.6828,1.0,1.0,-0.1885
2026-01-12 08:00:00,3121.59,3122.0,3113.87,3114.67,10273.133,32030460.04717,5318.06,4955.073,1.0733,-6.920000000000073,-0.2217,362.9870000000001,10273.133000000002,1.0733,1.0,1.0,0.0353
2026-01-12 08:05:00,3114.68,3115.26,3108.33,3108.94,7213.427,22439117.80658,3951.979,3261.448,1.2117,-5.739999999999782,-0.1843,690.531,7213.427,1.2117,1.0,1.0,0.0957
2026-01-12 08:10:00,3108.93,3115.61,3107.12,3114.01,5331.724,16588323.60614,3221.639,2110.085,1.5268,5.080000000000382,0.1634,1111.554,5331.724,1.5268,1.0,1.0,0.2085
2026-01-12 08:15:00,3114.01,3126.6,3112.1,3123.13,14669.208,45791015.01038,8325.052,6344.156,1.3122,9.11999999999989,0.2929,1980.8959999999997,14669.207999999999,1.3122,1.0,1.0,0.135
2026-01-12 08:20:00,3123.13,3125.21,3116.9,3119.96,6877.007,21468458.227169998,3040.453,3836.554,0.7925,-3.1700000000000728,-0.1015,-796.1010000000001,6877.007,0.7925,1.0,1.0,-0.1158
2026-01-12 08:25:00,3119.95,3120.89,3118.19,3118.94,1640.674,5118024.14828,822.468,818.206,1.0052,-1.0099999999997635,-0.0324,4.261999999999944,1640.674,1.0052,1.0,1.0,0.0026
2026-01-12 08:30:00,3118.94,3122.25,3112.4,3114.26,9774.795,30471025.79723,4376.735,5398.06,0.8108,-4.679999999999836,-0.1501,-1021.3250000000007,9774.795,0.8108,1.0,1.0,-0.1045
2026-01-12 08:35:00,3114.26,3116.75,3102.3,3107.9,11266.02,35026930.43162,4961.144,6304.876,0.7869,-6.360000000000127,-0.2042,-1343.732,11266.02,0.7869,1.0,1.0,-0.1193
2026-01-12 08:40:00,3107.91,3108.71,3102.2,3105.0,8513.552,26439674.1653,4527.181,3986.371,1.1357,-2.9099999999998545,-0.0936,540.8099999999995,8513.552,1.1357,1.0,1.0,0.0635
2026-01-12 08:45:00,3104.99,3109.0,3103.0,3107.23,6983.816000000001,21690301.88468,4443.47,2540.346,1.7492,2.2400000000002365,0.0721,1903.1240000000003,6983.816000000001,1.7492,1.0,1.0,0.2725
2026-01-12 08:50:00,3107.22,3107.29,3095.01,3107.19,20488.078999999998,63521632.6565,9664.234,10823.845,0.8929,-0.02999999999974534,-0.001,-1159.610999999999,20488.078999999998,0.8929,1.0,1.0,-0.0566
2026-01-12 08:55:00,3107.18,3119.85,3105.21,3118.61,14457.408,45016390.67418,9994.481,4462.927,2.2394,11.430000000000291,0.3679,5531.554,14457.408,2.2394,1.0,1.0,0.3826
2026-01-12 09:00:00,3118.6,3136.5,3118.23,3133.35,50452.343,157791022.28939998,24675.127,25777.216,0.9572,14.75,0.473,-1102.089,50452.343,0.9572,1.0,1.0,-0.0218
2026-01-12 09:05:00,3133.35,3135.56,3124.0,3127.23,20565.442,64364202.962620005,10237.474,10327.968,0.9912,-6.119999999999891,-0.1953,-90.4940000000006,20565.442000000003,0.9912,1.0,1.0,-0.0044
2026-01-12 09:10:00,3127.23,3130.37,3123.75,3126.54,9300.312,29078502.6857,4683.248,4617.064,1.0143,-0.6900000000000546,-0.0221,66.18399999999929,9300.312,1.0143,1.0,1.0,0.0071
2026-01-12 09:15:00,3126.55,3126.95,3120.0,3123.45,11321.151,35353628.19928,4641.52,6679.631,0.6949,-3.100000000000364,-0.0992,-2038.1109999999999,11321.151000000002,0.6949,1.0,1.0,-0.18
2026-01-12 09:20:00,3123.45,3130.67,3123.45,3128.97,6425.937999999999,20098744.48053,3042.915,3383.023,0.8995,5.519999999999982,0.1767,-340.1080000000002,6425.938,0.8995,1.0,1.0,-0.0529
2026-01-12 09:25:00,3128.97,3129.98,3123.95,3129.7,5610.186,17542318.99289,2576.857,3033.329,0.8495,0.7300000000000182,0.0233,-456.4720000000002,5610.186,0.8495,1.0,1.0,-0.0814
2026-01-12 09:30:00,3129.7,3131.02,3115.67,3117.15,13069.124,40811775.05884,7210.066,5859.058,1.2306,-12.549999999999727,-0.401,1351.0079999999998,13069.124,1.2306,1.0,1.0,0.1034
2026-01-12 09:35:00,3117.15,3123.1,3112.09,3120.53,13581.918,42341030.84896,7850.516,5731.402,1.3697,3.380000000000109,0.1084,2119.1139999999996,13581.918,1.3697,1.0,1.0,0.156
2026-01-12 09:40:00,3120.53,3124.34,3118.91,3122.5,5991.434,18702900.93871,1958.953,4032.481,0.4858,1.9699999999998,0.0631,-2073.5280000000002,5991.434,0.4858,1.0,1.0,-0.3461
2026-01-12 09:45:00,3122.51,3129.33,3122.51,3127.61,8945.863,27961509.688970003,3430.881,5514.982,0.6221,5.099999999999909,0.1633,-2084.101,8945.863,0.6221,1.0,1.0,-0.233
2026-01-12 09:50:00,3127.61,3128.2,3123.03,3124.69,3915.079,12239633.16793,1070.476,2844.603,0.3763,-2.9200000000000728,-0.0934,-1774.127,3915.079,0.3763,1.0,1.0,-0.4532
2026-01-12 09:55:00,3124.7,3125.96,3122.73,3123.47,1545.784,4829039.736169999,658.921,886.863,0.743,-1.2300000000000182,-0.0394,-227.942,1545.784,0.743,1.0,1.0,-0.1475
2026-01-12 10:00:00,3123.48,3129.65,3121.0,3127.51,7297.951,22814223.25442,4896.666,2401.285,2.0392,4.0300000000002,0.129,2495.3810000000003,7297.951,2.0392,1.0,1.0,0.3419
2026-01-12 10:05:00,3127.51,3135.0,3126.98,3131.51,21080.242,66008348.41632,12967.495,8112.747,1.5984,4.0,0.1279,4854.7480000000005,21080.242000000002,1.5984,1.0,1.0,0.2303
2026-01-12 10:10:00,3131.51,3141.45,3129.15,3141.32,23036.037,72256238.72101,13155.565,9880.472,1.3315,9.809999999999945,0.3133,3275.0930000000008,23036.037,1.3315,1.0,1.0,0.1422
2026-01-12 10:15:00,3141.33,3153.36,3140.6,3142.7,75469.113,237508064.06708,49614.488,25854.625,1.919,1.3699999999998909,0.0436,23759.862999999998,75469.113,1.919,1.0,1.0,0.3148
2026-01-12 10:20:00,3142.71,3143.86,3136.29,3139.2,10998.346,34533843.352510005,3459.365,7538.981,0.4589,-3.5100000000002183,-0.1117,-4079.616,10998.346,0.4589,1.0,1.0,-0.3709
2026-01-12 10:25:00,3139.2,3146.31,3137.66,3144.17,15831.373,49741315.399849996,11688.9,4142.473,2.8217,4.970000000000255,0.1583,7546.427,15831.373,2.8217,1.0,1.0,0.4767
2026-01-12 10:30:00,3144.16,3146.0,3140.85,3140.85,6278.662,19736290.01398,2604.671,3673.991,0.7089,-3.3099999999999454,-0.1053,-1069.3200000000002,6278.662,0.7089,1.0,1.0,-0.1703
2026-01-12 10:35:00,3140.86,3150.48,3140.85,3146.59,11341.087,35695183.88604,6433.31,4907.777,1.3108,5.730000000000018,0.1824,1525.5330000000004,11341.087,1.3108,1.0,1.0,0.1345
2026-01-12 10:40:00,3146.59,3150.86,3144.36,3147.18,9626.699999999999,30301171.65421,5714.553,3912.147,1.4607,0.5899999999996908,0.0188,1802.406,9626.7,1.4607,1.0,1.0,0.1872
2026-01-12 10:45:00,3147.17,3164.38,3147.17,3160.99,70541.647,222749334.94166,44025.372,26516.275,1.6603,13.819999999999709,0.4391,17509.097,70541.647,1.6603,1.0,1.0,0.2482
2026-01-12 10:50:00,3160.99,3167.46,3157.67,3161.0,26489.072,83774791.75481,14803.376,11685.696,1.2668,0.010000000000218279,0.0003,3117.6800000000003,26489.072,1.2668,1.0,1.0,0.1177
2026-01-12 10:55:00,3161.0,3165.0,3156.1,3156.8,15467.587,48883620.21637,6094.675,9372.912,0.6502,-4.199999999999818,-0.1329,-3278.237,15467.587,0.6502,1.0,1.0,-0.2119
2026-01-12 11:00:00,3156.8,3164.29,3152.36,3155.91,18652.999,58873424.28872,8708.185,9944.814,0.8757,-0.8900000000003274,-0.0282,-1236.6290000000008,18652.999,0.8757,1.0,1.0,-0.0663
2026-01-12 11:05:00,3155.91,3160.7,3155.9,3159.42,7704.693,24335040.683229998,5148.691,2556.002,2.0144,3.5100000000002183,0.1112,2592.689,7704.692999999999,2.0144,1.0,1.0,0.3365
2026-01-12 11:10:00,3159.41,3170.0,3159.19,3168.57,26486.948,83862949.43684,17375.2,9111.748,1.9069,9.16000000000031,0.2899,8263.452000000001,26486.948,1.9069,1.0,1.0,0.312
2026-01-12 11:15:00,3168.56,3170.85,3163.23,3166.0,21434.005,67901607.8222,8816.511,12617.494,0.6988,-2.5599999999999454,-0.0808,-3800.983,21434.005,0.6988,1.0,1.0,-0.1773
2026-01-12 11:20:00,3165.99,3169.59,3164.97,3169.09,10639.724,33699611.95247,5325.54,5314.184,1.0021,3.100000000000364,0.0979,11.355999999999767,10639.724,1.0021,1.0,1.0,0.0011
2026-01-12 11:25:00,3169.09,3170.73,3161.3,3162.83,16302.418,51604552.02561,6565.233,9737.185,0.6742,-6.260000000000218,-0.1975,-3171.9519999999993,16302.418,0.6742,1.0,1.0,-0.1946
2026-01-12 11:30:00,3162.82,3164.43,3156.4,3159.21,13331.909,42120049.34214,4875.352,8456.557,0.5765,-3.6100000000001273,-0.1141,-3581.205000000001,13331.909,0.5765,1.0,1.0,-0.2686
2026-01-12 11:35:00,3159.2,3159.98,3155.0,3159.56,7631.856,24096962.79176,3008.866,4622.99,0.6508,0.36000000000012733,0.0114,-1614.1239999999998,7631.856,0.6508,1.0,1.0,-0.2115
2026-01-12 11:40:00,3159.56,3160.0,3153.63,3155.13,7734.366,24410373.27535,2642.011,5092.355,0.5188,-4.429999999999836,-0.1402,-2450.3439999999996,7734.366,0.5188,1.0,1.0,-0.3168
2026-01-12 11:45:00,3155.12,3156.51,3151.72,3154.17,8883.803,28023590.25492,3049.334,5834.469,0.5226,-0.9499999999998181,-0.0301,-2785.135,8883.803,0.5226,1.0,1.0,-0.3135
2026-01-12 11:50:00,3154.16,3155.85,3152.3,3154.46,5001.344999999999,15774458.7022,2523.05,2478.295,1.0181,0.3000000000001819,0.0095,44.75500000000011,5001.345,1.0181,1.0,1.0,0.0089
2026-01-12 11:55:00,3154.46,3156.5,3150.5,3151.31,8954.711,28229356.51937,5274.82,3679.891,1.4334,-3.150000000000091,-0.0999,1594.9289999999996,8954.711,1.4334,1.0,1.0,0.1781
2026-01-12 12:00:00,3151.31,3154.29,3147.81,3149.05,11278.73,35539876.504640006,4830.607,6448.123,0.7491,-2.2599999999997635,-0.0717,-1617.5159999999996,11278.73,0.7491,1.0,1.0,-0.1434
2026-01-12 12:05:00,3149.06,3156.48,3147.73,3152.1,10447.285,32937998.30708,6935.133,3512.152,1.9746,3.0399999999999636,0.0965,3422.9809999999998,10447.285,1.9746,1.0,1.0,0.3276
2026-01-12 12:10:00,3152.09,3158.49,3152.09,3158.2,6561.8060000000005,20707887.02792,3880.642,2681.164,1.4474,6.109999999999673,0.1938,1199.4779999999996,6561.8060000000005,1.4474,1.0,1.0,0.1828
2026-01-12 12:15:00,3158.2,3159.29,3155.36,3155.82,4124.195,13021625.18129,2163.335,1960.86,1.1033,-2.3799999999996544,-0.0754,202.47500000000014,4124.195,1.1033,1.0,1.0,0.0491
2026-01-12 12:20:00,3155.82,3156.5,3154.31,3155.87,2909.772,9181488.54425,1366.767,1543.005,0.8858,0.04999999999972715,0.0016,-176.23800000000006,2909.772,0.8858,1.0,1.0,-0.0606
2026-01-12 12:25:00,3155.87,3155.88,3153.6,3154.59,1818.6499999999999,5736144.40355,908.298,910.352,0.9977,-1.2799999999997453,-0.0406,-2.0539999999999736,1818.65,0.9977,1.0,1.0,-0.0011
2026-01-12 12:30:00,3154.59,3159.73,3153.61,3159.72,4596.401,14509123.75423,2843.874,1752.527,1.6227,5.129999999999654,0.1626,1091.3469999999998,4596.401,1.6227,1.0,1.0,0.2374
2026-01-12 12:35:00,3159.72,3161.9,3159.01,3159.99,6777.725,21418245.14532,3865.131,2912.594,1.327,0.2699999999999818,0.0085,952.5369999999998,6777.725,1.327,1.0,1.0,0.1405
2026-01-12 12:40:00,3160.0,3161.85,3157.6,3159.26,3292.6639999999998,10404849.295869999,1615.605,1677.059,0.9634,-0.7399999999997817,-0.0234,-61.45399999999995,3292.6639999999998,0.9634,1.0,1.0,-0.0187
2026-01-12 12:45:00,3159.25,3162.56,3159.25,3161.82,2780.602,8790568.26703,1755.312,1025.29,1.712,2.5700000000001637,0.0813,730.0219999999999,2780.602,1.712,1.0,1.0,0.2625
2026-01-12 12:50:00,3161.82,3162.04,3158.46,3158.75,2465.297,7789753.64327,1066.006,1399.291,0.7618,-3.0700000000001637,-0.0971,-333.28499999999985,2465.297,0.7618,1.0,1.0,-0.1352
2026-01-12 12:55:00,3158.74,3158.84,3157.1,3158.04,3070.756,9697143.66129,1167.824,1902.932,0.6137,-0.6999999999998181,-0.0222,-735.108,3070.7560000000003,0.6137,1.0,1.0,-0.2394
2026-01-12 13:00:00,3158.04,3158.05,3153.66,3156.71,5201.616,16414142.29465,2393.099,2808.517,0.8521,-1.3299999999999272,-0.0421,-415.41799999999967,5201.616,0.8521,1.0,1.0,-0.0799
2026-01-12 13:05:00,3156.72,3159.35,3155.67,3159.35,3191.849,10077628.39913,1637.289,1554.56,1.0532,2.630000000000109,0.0833,82.72900000000004,3191.849,1.0532,1.0,1.0,0.0259
2026-01-12 13:10:00,3159.34,3160.99,3157.38,3158.19,4015.051,12683995.76519,1660.019,2355.032,0.7049,-1.150000000000091,-0.0364,-695.0130000000001,4015.0510000000004,0.7049,1.0,1.0,-0.1731
2026-01-12 13:15:00,3158.19,3162.29,3156.1,3162.17,3157.654,9973544.729150001,1888.932,1268.722,1.4888,3.980000000000018,0.126,620.21,3157.654,1.4888,1.0,1.0,0.1964
2026-01-12 13:20:00,3162.16,3165.0,3161.29,3162.42,5943.601,18802093.35058,3397.847,2545.754,1.3347,0.2600000000002183,0.0082,852.0930000000003,5943.601000000001,1.3347,1.0,1.0,0.1434
2026-01-12 13:25:00,3162.43,3165.0,3162.14,3164.02,4693.871,14850008.50363,2723.653,1970.218,1.3824,1.5900000000001455,0.0503,753.4349999999997,4693.871,1.3824,1.0,1.0,0.1605
2026-01-12 13:30:00,3164.02,3165.96,3160.94,3163.6,7937.94,25114340.09669,4203.655,3734.285,1.1257,-0.42000000000007276,-0.0133,469.3699999999999,7937.94,1.1257,1.0,1.0,0.0591
2026-01-12 13:35:00,3163.61,3163.61,3160.66,3161.99,2846.11,8999143.90463,1512.542,1333.568,1.1342,-1.6200000000003456,-0.0512,178.97399999999993,2846.1099999999997,1.1342,1.0,1.0,0.0629
2026-01-12 13:40:00,3162.0,3162.02,3156.1,3158.0,5635.1759999999995,17800078.96216,1726.096,3909.08,0.4416,-4.0,-0.1265,-2182.984,5635.1759999999995,0.4416,1.0,1.0,-0.3874
2026-01-12 13:45:00,3158.0,3158.66,3156.31,3156.36,3520.611,11115810.56164,1164.959,2355.652,0.4945,-1.6399999999998727,-0.0519,-1190.693,3520.611,0.4945,1.0,1.0,-0.3382
2026-01-12 13:50:00,3156.36,3158.61,3156.0,3158.33,2615.88,8259297.9103,1512.033,1103.847,1.3698,1.9699999999998,0.0624,408.1859999999999,2615.88,1.3698,1.0,1.0,0.156
2026-01-12 13:55:00,3158.33,3158.69,3156.34,3157.7,1913.061,6040278.62177,887.17,1025.891,0.8648,-0.6300000000001091,-0.0199,-138.72100000000012,1913.0610000000001,0.8648,1.0,1.0,-0.0725
2026-01-12 14:00:00,3157.69,3157.7,3154.59,3156.32,4039.0370000000003,12747191.07473,1498.259,2540.778,0.5897,-1.3699999999998909,-0.0434,-1042.5189999999998,4039.037,0.5897,1.0,1.0,-0.2581
2026-01-12 14:05:00,3156.31,3165.0,3155.5,3160.85,9779.114,30906596.97252,5018.542,4760.572,1.0542,4.539999999999964,0.1438,257.97000000000025,9779.114000000001,1.0542,1.0,1.0,0.0264
2026-01-12 14:10:00,3160.86,3163.56,3160.0,3161.22,3643.97,11521564.06718,1806.303,1837.667,0.9829,0.3599999999996726,0.0114,-31.363999999999805,3643.9700000000003,0.9829,1.0,1.0,-0.0086
2026-01-12 14:15:00,3161.22,3162.06,3157.93,3159.1,2548.377,8053209.15389,1048.707,1499.427,0.6994,-2.119999999999891,-0.0671,-450.7199999999998,2548.134,0.6994,1.0001,0.9999,-0.1769
2026-01-12 14:20:00,3159.1,3159.11,3155.35,3156.2,3220.957,10168029.70554,1344.349,1876.851,0.7163,-2.900000000000091,-0.0918,-532.5020000000002,3221.2,0.7163,0.9999,1.0001,-0.1653
2026-01-12 14:25:00,3156.2,3156.8,3155.0,3156.39,3555.768,11221145.0888,1619.743,1936.025,0.8366,0.19000000000005457,0.006,-316.28200000000015,3555.768,0.8366,1.0,1.0,-0.0889
2026-01-12 14:30:00,3156.4,3157.05,3154.38,3155.69,3689.236,11642152.627750002,1844.484,1844.752,0.9999,-0.7100000000000364,-0.0225,-0.2680000000000291,3689.236,0.9999,1.0,1.0,-0.0001
2026-01-12 14:35:00,3155.69,3156.01,3150.86,3152.46,8296.13,26157504.55254,3263.24,5032.89,0.6484,-3.230000000000018,-0.1024,-1769.6500000000005,8296.130000000001,0.6484,1.0,1.0,-0.2133
2026-01-12 14:40:00,3152.45,3157.61,3152.23,3156.99,4361.7080000000005,13762578.57544,2744.545,1617.163,1.6971,4.539999999999964,0.144,1127.382,4361.7080000000005,1.6971,1.0,1.0,0.2585
2026-01-12 14:45:00,3156.99,3156.99,3154.13,3154.79,2782.457,8780256.398109999,1086.218,1696.239,0.6404,-2.199999999999818,-0.0697,-610.021,2782.4570000000003,0.6404,1.0,1.0,-0.2192
2026-01-12 14:50:00,3154.79,3155.25,3151.54,3152.5,3941.546,12427978.76637,1395.137,2546.409,0.5479,-2.2899999999999636,-0.0726,-1151.2720000000002,3941.5460000000003,0.5479,1.0,1.0,-0.2921
2026-01-12 14:55:00,3152.5,3153.85,3151.01,3153.36,4288.945,13519985.22191,3109.938,1179.007,2.6378,0.8600000000001273,0.0273,1930.931,4288.945,2.6378,1.0,1.0,0.4502
2026-01-12 15:00:00,3153.36,3156.0,3151.19,3156.0,3898.111,12292809.16599,2014.9,1883.211,1.0699,2.6399999999998727,0.0837,131.68900000000008,3898.111,1.0699,1.0,1.0,0.0338
2026-01-12 15:05:00,3155.99,3160.32,3154.69,3158.68,7441.557,23502991.49138,5407.344,2034.213,2.6582,2.6900000000000546,0.0852,3373.1310000000003,7441.557,2.6582,1.0,1.0,0.4533
2026-01-12 15:10:00,3158.68,3159.15,3155.93,3155.93,2581.804,8151588.87018,789.313,1792.491,0.4403,-2.75,-0.0871,-1003.178,2581.804,0.4403,1.0,1.0,-0.3886
2026-01-12 15:15:00,3155.94,3158.0,3151.65,3151.95,5512.697,17389994.70201,864.89,4647.807,0.1861,-3.9900000000002365,-0.1264,-3782.917,5512.697,0.1861,1.0,1.0,-0.6862
2026-01-12 15:20:00,3151.95,3154.6,3151.83,3154.0,3084.918,9726339.1022,1882.162,1202.756,1.5649,2.050000000000182,0.065,679.406,3084.918,1.5649,1.0,1.0,0.2202
2026-01-12 15:25:00,3154.0,3156.65,3152.68,3156.04,2756.841,8695914.35185,1251.167,1505.674,0.831,2.0399999999999636,0.0647,-254.50700000000006,2756.841,0.831,1.0,1.0,-0.0923
2026-01-12 15:30:00,3156.03,3156.17,3148.04,3148.67,8949.801,28203124.16623,2801.436,6148.365,0.4556,-7.360000000000127,-0.2332,-3346.9289999999996,8949.801,0.4556,1.0,1.0,-0.374
2026-01-12 15:35:00,3148.67,3149.4,3140.4,3145.59,34788.69,109389949.28233999,12148.326,22640.364,0.5366,-3.0799999999999272,-0.0978,-10492.038000000002,34788.69,0.5366,1.0,1.0,-0.3016
2026-01-12 15:40:00,3145.59,3146.69,3138.0,3141.25,19398.235,60936098.633150004,6293.11,13105.125,0.4802,-4.3400000000001455,-0.138,-6812.015,19398.235,0.4802,1.0,1.0,-0.3512
2026-01-12 15:45:00,3141.24,3141.49,3134.28,3137.63,29153.792,91451560.92999999,13755.263,15398.529,0.8933,-3.6099999999996726,-0.1149,-1643.2659999999996,29153.792,0.8933,1.0,1.0,-0.0564
2026-01-12 15:50:00,3137.63,3139.17,3131.75,3132.77,19692.385000000002,61728012.344620004,7477.258,12215.127,0.6121,-4.860000000000127,-0.1549,-4737.869000000001,19692.385000000002,0.6121,1.0,1.0,-0.2406
2026-01-12 15:55:00,3132.78,3136.8,3132.47,3134.02,7236.255,22686951.80031,4713.476,2522.779,1.8684,1.2399999999997817,0.0396,2190.6969999999997,7236.254999999999,1.8684,1.0,1.0,0.3027
2026-01-12 16:00:00,3134.02,3136.22,3131.38,3132.42,13060.447,40922823.261539996,8195.613,4864.834,1.6847,-1.599999999999909,-0.0511,3330.7789999999995,13060.447,1.6847,1.0,1.0,0.255
2026-01-12 16:05:00,3132.42,3142.32,3132.41,3140.27,11947.092,37494104.54097,8744.368,3202.724,2.7303,7.849999999999909,0.2506,5541.644,11947.092,2.7303,1.0,1.0,0.4638
2026-01-12 16:10:00,3140.26,3142.68,3138.81,3138.88,9430.675000000001,29621682.86387,5041.554,4389.121,1.1486,-1.3800000000001091,-0.0439,652.433,9430.675,1.1486,1.0,1.0,0.0692
2026-01-12 16:15:00,3138.88,3142.67,3136.31,3141.95,8180.682,25684246.34775,5205.541,2975.141,1.7497,3.069999999999709,0.0978,2230.4,8180.682000000001,1.7497,1.0,1.0,0.2726
2026-01-12 16:20:00,3141.95,3146.92,3139.6,3139.94,11074.131,34811874.97175,5394.452,5679.679,0.9498,-2.0099999999997635,-0.064,-285.22699999999986,11074.131000000001,0.9498,1.0,1.0,-0.0258
2026-01-12 16:25:00,3139.94,3140.46,3138.0,3138.0,2684.72,8428537.59831,1089.181,1595.539,0.6826,-1.9400000000000546,-0.0618,-506.35799999999995,2684.7200000000003,0.6826,1.0,1.0,-0.1886
2026-01-12 16:30:00,3138.01,3138.01,3122.0,3124.06,55034.997,172077446.57097,16961.451,38073.546,0.4455,-13.950000000000273,-0.4445,-21112.095,55034.997,0.4455,1.0,1.0,-0.3836
2026-01-12 16:35:00,3124.05,3124.19,3106.17,3116.0,82344.07699999999,256540394.31016,42615.36,39728.717,1.0727,-8.050000000000182,-0.2577,2886.6430000000037,82344.07699999999,1.0727,1.0,1.0,0.0351
2026-01-12 16:40:00,3116.01,3116.01,3106.65,3107.21,36233.462,112675032.26366,15661.629,20571.833,0.7613,-8.800000000000182,-0.2824,-4910.203999999998,36233.462,0.7613,1.0,1.0,-0.1355
2026-01-12 16:45:00,3107.21,3112.45,3099.26,3111.36,66212.063,205502801.7851,33929.1,32282.963,1.051,4.150000000000091,0.1336,1646.1369999999988,66212.063,1.051,1.0,1.0,0.0249
2026-01-12 16:50:00,3111.36,3117.14,3104.79,3115.43,22767.958,70852832.24272,14780.915,7987.043,1.8506,4.069999999999709,0.1308,6793.872000000001,22767.958,1.8506,1.0,1.0,0.2984
2026-01-12 16:55:00,3115.43,3118.25,3113.31,3114.14,14509.478,45209841.106079996,8179.758,6325.468,1.2931,-1.2899999999999636,-0.0414,1854.29,14505.225999999999,1.2931,1.0003,0.9997,0.1278
2026-01-12 17:00:00,3114.13,3117.79,3108.97,3117.01,15761.919,49078422.59637,8116.98,7644.939,1.0617,2.880000000000109,0.0925,472.04099999999926,15761.919,1.0617,1.0,1.0,0.0299
2026-01-12 17:05:00,3117.01,3119.38,3114.67,3117.28,7700.0830000000005,24007473.38309,4545.37,3154.713,1.4408,0.2699999999999818,0.0087,1390.6569999999997,7700.0830000000005,1.4408,1.0,1.0,0.1806
2026-01-12 17:10:00,3117.28,3117.75,3115.6,3117.11,3617.498,11274889.8501,1899.214,1718.284,1.1053,-0.17000000000007276,-0.0055,180.92999999999984,3617.498,1.1053,1.0,1.0,0.05
2026-01-12 17:15:00,3117.1,3119.99,3115.91,3118.06,5895.4710000000005,18384135.8227,3020.719,2874.752,1.0508,0.9600000000000364,0.0308,145.9670000000001,5895.471,1.0508,1.0,1.0,0.0248
2026-01-12 17:20:00,3118.05,3123.41,3117.16,3120.24,11163.919,34839942.06463,7461.713,3702.206,2.0155,2.1899999999996,0.0702,3759.5069999999996,11163.919,2.0155,1.0,1.0,0.3368
2026-01-12 17:25:00,3120.24,3121.23,3114.54,3115.69,7998.445,24935791.57799,3163.987,4834.458,0.6545,-4.549999999999727,-0.1458,-1670.4709999999995,7998.445,0.6545,1.0,1.0,-0.2088
2026-01-12 17:30:00,3115.68,3122.19,3114.61,3121.89,11665.690999999999,36395545.03253,7803.781,3861.91,2.0207,6.210000000000036,0.1993,3941.871,11665.690999999999,2.0207,1.0,1.0,0.3379
2026-01-12 17:35:00,3121.89,3122.64,3118.25,3118.27,4199.053,13101410.39243,1651.294,2547.759,0.6481,-3.619999999999891,-0.116,-896.4649999999999,4199.053,0.6481,1.0,1.0,-0.2135
2026-01-12 17:40:00,3118.26,3121.9,3117.2,3120.52,6515.761,20330049.75814,3661.199,2854.562,1.2826,2.2599999999997635,0.0725,806.6370000000002,6515.761,1.2826,1.0,1.0,0.1238
2026-01-12 17:45:00,3120.52,3121.49,3117.77,3119.41,3003.044,9367889.31395,1196.951,1806.093,0.6627,-1.1100000000001273,-0.0356,-609.142,3003.044,0.6627,1.0,1.0,-0.2028
2026-01-12 17:50:00,3119.4,3121.07,3114.39,3116.75,5125.627,15981955.816039998,1834.381,3291.246,0.5574,-2.650000000000091,-0.085,-1456.865,5125.627,0.5574,1.0,1.0,-0.2842
2026-01-12 17:55:00,3116.74,3116.88,3113.85,3114.99,2544.156,7926189.37142,859.3,1684.856,0.51,-1.75,-0.0561,-825.556,2544.156,0.51,1.0,1.0,-0.3245
2026-01-12 18:00:00,3114.99,3116.97,3108.25,3116.97,15326.896,47692166.70506,5160.139,10166.757,0.5076,1.9800000000000182,0.0636,-5006.6179999999995,15326.896,0.5076,1.0,1.0,-0.3267
2026-01-12 18:05:00,3116.97,3118.74,3114.41,3114.46,4085.5820000000003,12734540.5896,2567.212,1518.37,1.6908,-2.5099999999997635,-0.0805,1048.842,4085.582,1.6908,1.0,1.0,0.2567
2026-01-12 18:10:00,3114.46,3116.65,3111.21,3112.89,3596.761,11198911.41258,1501.95,2094.811,0.717,-1.5700000000001637,-0.0504,-592.8610000000001,3596.7610000000004,0.717,1.0,1.0,-0.1648
2026-01-12 18:15:00,3112.89,3115.0,3110.21,3114.59,3495.295,10878003.30464,2337.641,1157.654,2.0193,1.7000000000002728,0.0546,1179.987,3495.295,2.0193,1.0,1.0,0.3376
2026-01-12 18:20:00,3114.53,3114.53,3109.57,3112.18,4684.504000000001,14575475.45923,2302.832,2381.672,0.9669,-2.350000000000364,-0.0755,-78.84000000000015,4684.504,0.9669,1.0,1.0,-0.0168
2026-01-12 18:25:00,3112.18,3113.68,3110.74,3113.26,1810.946,5636521.83687,787.533,1023.413,0.7695,1.080000000000382,0.0347,-235.88,1810.946,0.7695,1.0,1.0,-0.1303
2026-01-12 18:30:00,3113.26,3115.93,3112.0,3115.21,4511.821,14048500.80542,3017.382,1494.439,2.0191,1.949999999999818,0.0626,1522.943,4511.821,2.0191,1.0,1.0,0.3375
2026-01-12 18:35:00,3115.2,3115.6,3113.27,3113.96,1936.3319999999999,6031028.596650001,939.109,997.223,0.9417,-1.2399999999997817,-0.0398,-58.11399999999992,1936.3319999999999,0.9417,1.0,1.0,-0.03
2026-01-12 18:40:00,3113.95,3113.96,3110.2,3110.65,2529.4809999999998,7870749.62935,937.864,1591.617,0.5893,-3.299999999999727,-0.106,-653.7529999999999,2529.4809999999998,0.5893,1.0,1.0,-0.2585
2026-01-12 18:45:00,3110.66,3111.26,3106.66,3108.81,5732.843,17822048.57341,2394.638,3338.205,0.7173,-1.849999999999909,-0.0595,-943.567,5732.843,0.7173,1.0,1.0,-0.1646
2026-01-12 18:50:00,3108.8,3108.81,3103.9,3106.0,11612.966,36062251.65402,3100.403,8512.563,0.3642,-2.800000000000182,-0.0901,-5412.16,11612.966,0.3642,1.0,1.0,-0.466
2026-01-12 18:55:00,3106.0,3106.9,3102.57,3105.53,6311.306,19593364.99749,3231.327,3079.979,1.0491,-0.4699999999997999,-0.0151,151.3480000000004,6311.3060000000005,1.0491,1.0,1.0,0.024
2026-01-12 19:00:00,3105.53,3108.34,3105.0,3107.68,6233.216,19365133.724010002,3178.62,3054.596,1.0406,2.149999999999636,0.0692,124.02399999999989,6233.216,1.0406,1.0,1.0,0.0199
2026-01-12 19:05:00,3107.67,3110.28,3106.01,3107.71,6629.455,20607088.00745,3969.308,2660.147,1.4921,0.03999999999996362,0.0013,1309.161,6629.455,1.4921,1.0,1.0,0.1975
2026-01-12 19:10:00,3107.71,3111.86,3107.3,3110.2,4300.627,13376979.91148,2384.281,1916.346,1.2442,2.4899999999997817,0.0801,467.93499999999995,4300.627,1.2442,1.0,1.0,0.1088
2026-01-12 19:15:00,3110.21,3111.91,3109.1,3109.71,2744.295,8536616.09242,1450.925,1293.37,1.1218,-0.5,-0.0161,157.55500000000006,2744.295,1.1218,1.0,1.0,0.0574
2026-01-12 19:20:00,3109.71,3116.16,3109.7,3115.13,6767.484,21066865.618359998,4858.092,1909.392,2.5443,5.420000000000073,0.1743,2948.7,6767.4839999999995,2.5443,1.0,1.0,0.4357
2026-01-12 19:25:00,3115.13,3120.95,3115.13,3115.74,17403.206,54265486.5537,9387.209,8015.997,1.1711,0.6099999999996726,0.0196,1371.2120000000004,17403.206000000002,1.1711,1.0,1.0,0.0788
2026-01-12 19:30:00,3115.74,3118.55,3115.69,3116.5,3591.748,11194536.63435,1585.389,2006.359,0.7902,0.7600000000002183,0.0244,-420.97,3591.7479999999996,0.7902,1.0,1.0,-0.1172
2026-01-12 19:35:00,3116.5,3118.0,3112.41,3112.55,3599.7369999999996,11213632.82816,969.119,2630.618,0.3684,-3.949999999999818,-0.1267,-1661.4989999999998,3599.737,0.3684,1.0,1.0,-0.4616
2026-01-12 19:40:00,3112.55,3113.89,3109.66,3112.14,4168.617,12970783.50817,1364.253,2804.364,0.4865,-0.41000000000030923,-0.0132,-1440.111,4168.617,0.4865,1.0,1.0,-0.3455
2026-01-12 19:45:00,3112.14,3115.41,3112.14,3115.22,1913.074,5956959.34586,1297.679,615.395,2.1087,3.0799999999999272,0.099,682.2840000000001,1913.074,2.1087,1.0,1.0,0.3566
2026-01-12 19:50:00,3115.21,3116.21,3113.75,3115.49,5744.522999999999,17894496.30699,1676.29,4068.233,0.412,0.27999999999974534,0.009,-2391.943,5744.523,0.412,1.0,1.0,-0.4164
2026-01-12 19:55:00,3115.5,3115.5,3113.77,3113.83,2600.143,8097908.96651,1320.101,1280.042,1.0313,-1.6700000000000728,-0.0536,40.0590000000002,2600.143,1.0313,1.0,1.0,0.0154
2026-01-12 20:00:00,3113.83,3117.48,3113.01,3117.48,5560.649,17322903.4577,4580.45,980.199,4.673,3.650000000000091,0.1172,3600.2509999999997,5560.648999999999,4.673,1.0,1.0,0.6475
2026-01-12 20:05:00,3117.48,3119.7,3115.34,3116.37,5404.914,16850193.24701,3663.529,1741.385,2.1038,-1.1100000000001273,-0.0356,1922.144,5404.914,2.1038,1.0,1.0,0.3556
2026-01-12 20:10:00,3116.37,3118.74,3116.0,3118.06,4172.599,13009979.48784,2106.754,2065.845,1.0198,1.6900000000000546,0.0542,40.909000000000106,4172.599,1.0198,1.0,1.0,0.0098
2026-01-12 20:15:00,3118.07,3120.81,3118.07,3119.24,5436.226,16958376.56111,3102.787,2333.439,1.3297,1.169999999999618,0.0375,769.348,5436.226,1.3297,1.0,1.0,0.1415
2026-01-12 20:20:00,3119.24,3121.66,3118.8,3120.8,3401.852,10613975.65479,1445.128,1956.724,0.7385,1.5600000000004002,0.05,-511.596,3401.852,0.7385,1.0,1.0,-0.1504
2026-01-12 20:25:00,3120.79,3121.5,3117.53,3117.9,4300.8060000000005,13416264.5647,1233.148,3067.658,0.402,-2.8899999999998727,-0.0926,-1834.51,4300.806,0.402,1.0,1.0,-0.4266
2026-01-12 20:30:00,3117.91,3118.14,3116.4,3117.58,4319.919,13465091.566410001,1618.349,2701.57,0.599,-0.32999999999992724,-0.0106,-1083.2210000000002,4319.919,0.599,1.0,1.0,-0.2508
2026-01-12 20:35:00,3117.59,3118.62,3111.72,3111.99,5706.133,17770358.81257,1113.065,4593.068,0.2423,-5.600000000000364,-0.1796,-3480.003,5706.133,0.2423,1.0,1.0,-0.6099
2026-01-12 20:40:00,3112.0,3115.42,3110.69,3115.06,2600.169,8094323.712160001,1714.504,885.665,1.9358,3.0599999999999454,0.0983,828.8389999999999,2600.169,1.9358,1.0,1.0,0.3188
2026-01-12 20:45:00,3115.06,3115.8,3114.35,3115.64,1533.3220000000001,4776360.18831,967.777,565.545,1.7112,0.5799999999999272,0.0186,402.2320000000001,1533.3220000000001,1.7112,1.0,1.0,0.2623
2026-01-12 20:50:00,3115.64,3118.7,3115.64,3117.3,3013.7200000000003,9394808.45828,2265.507,748.213,3.0279,1.6600000000003092,0.0533,1517.294,3013.7200000000003,3.0279,1.0,1.0,0.5035
2026-01-12 20:55:00,3117.31,3118.79,3114.53,3115.93,3044.13,9488609.71209,1662.415,1381.715,1.2032,-1.3800000000001091,-0.0443,280.70000000000005,3044.13,1.2032,1.0,1.0,0.0922
2026-01-12 21:00:00,3115.92,3118.99,3113.03,3115.79,5280.903,16457445.73096,2622.701,2658.202,0.9866,-0.13000000000010914,-0.0042,-35.501000000000204,5280.903,0.9866,1.0,1.0,-0.0067
2026-01-12 21:05:00,3115.78,3117.0,3107.63,3108.97,9160.401000000002,28494309.059770003,2256.487,6903.914,0.3268,-6.8100000000004,-0.2186,-4647.427,9160.401,0.3268,1.0,1.0,-0.5073
2026-01-12 21:10:00,3108.96,3112.5,3105.3,3106.24,9997.729000000001,31074008.735409997,3860.697,6137.032,0.6291,-2.7200000000002547,-0.0875,-2276.335,9997.729,0.6291,1.0,1.0,-0.2277
2026-01-12 21:15:00,3106.24,3110.0,3106.23,3108.5,8568.922,26638109.84072,5453.118,3115.804,1.7501,2.2600000000002183,0.0728,2337.3140000000003,8568.922,1.7501,1.0,1.0,0.2728
2026-01-12 21:20:00,3108.5,3111.52,3106.44,3106.44,5411.134,16827653.97358,2937.666,2473.468,1.1877,-2.0599999999999454,-0.0663,464.1980000000003,5411.134,1.1877,1.0,1.0,0.0858
2026-01-12 21:25:00,3106.44,3110.88,3105.79,3109.4,3746.256,11644847.26671,1978.989,1767.267,1.1198,2.9600000000000364,0.0953,211.72199999999998,3746.2560000000003,1.1198,1.0,1.0,0.0565
2026-01-12 21:30:00,3109.4,3113.34,3107.02,3113.34,5291.904,16458646.22965,3921.866,1370.038,2.8626,3.9400000000000546,0.1267,2551.828,5291.904,2.8626,1.0,1.0,0.4822
2026-01-12 21:35:00,3113.25,3115.0,3112.0,3113.48,4330.978,13485609.88956,1640.542,2690.436,0.6098,0.2300000000000182,0.0074,-1049.8940000000002,4330.978,0.6098,1.0,1.0,-0.2424
2026-01-12 21:40:00,3113.48,3113.48,3107.5,3108.94,2562.218,7969334.70892,903.765,1658.453,0.5449,-4.539999999999964,-0.1458,-754.688,2562.218,0.5449,1.0,1.0,-0.2945
2026-01-12 21:45:00,3108.93,3110.33,3104.15,3110.09,5671.5070000000005,17624017.35254,2583.613,3087.894,0.8367,1.1600000000003092,0.0373,-504.28099999999995,5671.507,0.8367,1.0,1.0,-0.0889
2026-01-12 21:50:00,3110.09,3112.08,3109.0,3111.01,2310.663,7186971.76961,1505.155,805.508,1.8686,0.9200000000000728,0.0296,699.6469999999999,2310.663,1.8686,1.0,1.0,0.3028
2026-01-12 21:55:00,3111.0,3111.01,3107.83,3107.84,1810.859,5630535.35192,709.807,1101.052,0.6447,-3.1599999999998545,-0.1016,-391.2449999999999,1810.859,0.6447,1.0,1.0,-0.2161
2026-01-12 22:00:00,3107.84,3109.51,3105.15,3105.26,4176.9619999999995,12977289.17561,1746.741,2430.221,0.7188,-2.5799999999999272,-0.083,-683.48,4176.9619999999995,0.7188,1.0,1.0,-0.1636
2026-01-12 22:05:00,3105.27,3108.79,3104.01,3108.0,5024.954,15608014.730470002,2591.976,2432.978,1.0654,2.730000000000018,0.0879,158.99800000000005,5024.954,1.0654,1.0,1.0,0.0316
2026-01-12 22:10:00,3108.0,3109.56,3107.31,3108.59,2114.7799999999997,6573751.88648,1298.973,815.807,1.5923,0.5900000000001455,0.019,483.16599999999994,2114.7799999999997,1.5923,1.0,1.0,0.2285
2026-01-12 22:15:00,3108.58,3109.49,3083.08,3092.89,85166.031,263456601.90726998,28755.823,56410.208,0.5098,-15.690000000000055,-0.5047,-27654.385,85166.031,0.5098,1.0,1.0,-0.3247
2026-01-12 22:20:00,3092.89,3092.89,3063.06,3074.63,120654.593,371256965.70572,49721.429,70933.164,0.701,-18.259999999999764,-0.5904,-21211.735000000008,120654.593,0.701,1.0,1.0,-0.1758
2026-01-12 22:25:00,3074.62,3078.92,3066.6,3076.38,44617.228,137155384.39432,23862.884,20754.344,1.1498,1.7600000000002183,0.0572,3108.5399999999972,44617.228,1.1498,1.0,1.0,0.0697
2026-01-12 22:30:00,3076.37,3096.59,3073.25,3090.61,57971.068,178876611.29444,34174.817,23796.251,1.4361,14.240000000000236,0.4629,10378.566000000003,57971.068,1.4361,1.0,1.0,0.179
2026-01-12 22:35:00,3090.6,3118.46,3085.0,3111.49,72190.605,224015400.79277,40563.608,31626.997,1.2826,20.889999999999873,0.6759,8936.611,72190.605,1.2826,1.0,1.0,0.1238
2026-01-12 22:40:00,3111.49,3115.72,3096.0,3100.29,41893.021,130080887.72624,17370.104,24522.917,0.7083,-11.199999999999818,-0.36,-7152.813000000002,41893.021,0.7083,1.0,1.0,-0.1707
2026-01-12 22:45:00,3100.29,3102.2,3090.64,3100.96,25089.329,77706450.299,13336.983,11752.346,1.1348,0.6700000000000728,0.0216,1584.6370000000006,25089.328999999998,1.1348,1.0,1.0,0.0632
2026-01-12 22:50:00,3100.96,3110.73,3093.06,3093.25,26959.485,83646816.22931,12892.221,14067.264,0.9165,-7.710000000000036,-0.2486,-1175.0429999999997,26959.485,0.9165,1.0,1.0,-0.0436
2026-01-12 22:55:00,3093.25,3104.73,3092.55,3103.69,12196.312,37810067.38754,6739.45,5456.844,1.235,10.440000000000055,0.3375,1282.6059999999998,12196.294,1.235,1.0,1.0,0.1052
2026-01-12 23:00:00,3103.68,3104.41,3094.15,3095.85,11691.798,36240647.69324,5486.849,6204.949,0.8843,-7.829999999999927,-0.2523,-718.0999999999995,11691.797999999999,0.8843,1.0,1.0,-0.0614
2026-01-12 23:05:00,3095.85,3103.0,3093.0,3099.26,10173.334,31509290.318460003,6040.161,4133.173,1.4614,3.4100000000003092,0.1101,1906.9880000000003,10173.333999999999,1.4614,1.0,1.0,0.1874
2026-01-12 23:10:00,3099.25,3100.97,3091.6,3099.41,7447.559,23057469.202,3083.604,4363.955,0.7066,0.15999999999985448,0.0052,-1280.351,7447.558999999999,0.7066,1.0,1.0,-0.1719
2026-01-12 23:15:00,3099.41,3108.36,3096.81,3108.01,14163.215,43956645.01352,8810.283,5352.932,1.6459,8.600000000000364,0.2775,3457.3509999999997,14163.215,1.6459,1.0,1.0,0.2441
2026-01-12 23:20:00,3108.0,3126.52,3107.65,3116.75,65593.963,204547742.13828,37571.757,28022.206,1.3408,8.75,0.2815,9549.551,65593.96299999999,1.3408,1.0,1.0,0.1456
2026-01-12 23:25:00,3116.74,3121.99,3112.17,3118.76,20220.859,63043234.744849995,10733.811,9487.048,1.1314,2.0200000000004366,0.0648,1246.762999999999,20220.859,1.1314,1.0,1.0,0.0617
2026-01-12 23:30:00,3118.76,3121.68,3113.49,3118.01,14039.552,43767162.60526,7427.74,6611.812,1.1234,-0.75,-0.024,815.9279999999999,14039.552,1.1234,1.0,1.0,0.0581
2026-01-12 23:35:00,3118.0,3124.51,3118.0,3120.85,15829.432,49415648.0019,6783.681,9045.751,0.7499,2.849999999999909,0.0914,-2262.0700000000006,15829.432,0.7499,1.0,1.0,-0.1429
2026-01-12 23:40:00,3120.85,3131.95,3117.5,3125.87,25619.760000000002,80076215.23624,14705.293,10914.467,1.3473,5.019999999999982,0.1609,3790.825999999999,25619.760000000002,1.3473,1.0,1.0,0.148
2026-01-12 23:45:00,3125.87,3128.61,3120.0,3123.74,17670.059,55205011.11733,6771.348,10898.711,0.6213,-2.130000000000109,-0.0681,-4127.362999999999,17670.059,0.6213,1.0,1.0,-0.2336
2026-01-12 23:50:00,3123.73,3128.99,3122.07,3125.46,9203.630000000001,28769058.217550002,3971.36,5232.27,0.759,1.7300000000000182,0.0554,-1260.9100000000003,9203.630000000001,0.759,1.0,1.0,-0.137
2026-01-12 23:55:00,3125.47,3129.47,3124.32,3128.31,10442.177,32650922.61247,3489.117,6953.06,0.5018,2.8400000000001455,0.0909,-3463.943,10442.177,0.5018,1.0,1.0,-0.3317
2026-01-13 00:00:00,3128.31,3132.97,3123.46,3129.99,22659.434,70902500.29781,10955.634,11703.8,0.9361,1.6799999999998363,0.0537,-748.1659999999993,22659.434,0.9361,1.0,1.0,-0.033
2026-01-13 00:05:00,3129.99,3134.57,3126.34,3133.07,20349.101,63727985.33552,9172.045,11177.056,0.8206,3.080000000000382,0.0984,-2005.0110000000004,20349.101000000002,0.8206,1.0,1.0,-0.0985
2026-01-13 00:10:00,3133.06,3134.86,3127.01,3130.4,9627.098,30135693.21863,3758.62,5868.478,0.6405,-2.6599999999998545,-0.0849,-2109.858,9627.098,0.6405,1.0,1.0,-0.2192
2026-01-13 00:15:00,3130.4,3135.71,3124.41,3124.87,16105.922,50419953.28767,7122.615,8983.307,0.7929,-5.5300000000002,-0.1767,-1860.692000000001,16105.922,0.7929,1.0,1.0,-0.1155
2026-01-13 00:20:00,3124.88,3130.4,3118.8,3129.63,15029.794,46954518.34356,6570.267,8459.527,0.7767,4.75,0.152,-1889.2600000000002,15029.794,0.7767,1.0,1.0,-0.1257
2026-01-13 00:25:00,3129.68,3143.39,3129.5,3141.99,31149.648,97719428.40684,17144.069,14005.579,1.2241,12.309999999999945,0.3933,3138.49,31149.648,1.2241,1.0,1.0,0.1008
2026-01-13 00:30:00,3141.99,3145.81,3129.1,3130.58,37742.295,118448802.88515,13264.392,24477.903,0.5419,-11.409999999999854,-0.3631,-11213.510999999999,37742.295,0.5419,1.0,1.0,-0.2971
2026-01-13 00:35:00,3130.58,3135.49,3127.24,3132.06,13914.372,43575787.89208,6776.059,7138.313,0.9493,1.4800000000000182,0.0473,-362.2539999999999,13914.372,0.9493,1.0,1.0,-0.026
2026-01-13 00:40:00,3132.05,3135.83,3128.01,3130.95,12587.459,39421099.75038,4741.842,7845.617,0.6044,-1.1000000000003638,-0.0351,-3103.7750000000005,12587.458999999999,0.6044,1.0,1.0,-0.2466
2026-01-13 00:45:00,3130.94,3133.99,3123.2,3125.81,14812.355,46313618.52916,7163.759,7648.596,0.9366,-5.130000000000109,-0.1638,-484.83699999999953,14812.355,0.9366,1.0,1.0,-0.0327
2026-01-13 00:50:00,3125.81,3132.2,3125.8,3130.75,7300.411,22846654.18502,4528.683,2771.728,1.6339,4.940000000000055,0.158,1756.955,7300.411,1.6339,1.0,1.0,0.2407
2026-01-13 00:55:00,3130.74,3134.38,3128.01,3129.4,6320.107,19791575.6362,2747.099,3573.008,0.7688,-1.3399999999996908,-0.0428,-825.9089999999997,6320.107,0.7688,1.0,1.0,-0.1307
2026-01-13 01:00:00,3129.4,3136.19,3128.0,3134.7,8389.839,26287525.22194,6351.41,2038.429,3.1158,5.299999999999727,0.1694,4312.981,8389.839,3.1158,1.0,1.0,0.5141
2026-01-13 01:05:00,3134.71,3135.66,3127.05,3127.39,6576.781,20599390.353809997,2549.157,4027.624,0.6329,-7.320000000000164,-0.2335,-1478.4669999999996,6576.781,0.6329,1.0,1.0,-0.2248
2026-01-13 01:10:00,3127.39,3128.75,3123.08,3126.45,14546.757,45470690.37522,4710.794,9835.963,0.4789,-0.9400000000000546,-0.0301,-5125.169,14546.757,0.4789,1.0,1.0,-0.3523
2026-01-13 01:15:00,3126.44,3127.98,3124.64,3127.97,4648.437,14532643.46375,1841.616,2806.821,0.6561,1.5299999999997453,0.0489,-965.2049999999999,4648.437,0.6561,1.0,1.0,-0.2076
2026-01-13 01:20:00,3127.97,3130.92,3114.22,3118.8,22212.521,69319658.13521999,7030.729,15181.792,0.4631,-9.169999999999618,-0.2932,-8151.062999999999,22212.521,0.4631,1.0,1.0,-0.367
2026-01-13 01:25:00,3118.81,3118.81,3108.1,3112.35,29205.16,90886020.77223,11325.087,17880.073,0.6334,-6.460000000000036,-0.2071,-6554.986000000001,29205.16,0.6334,1.0,1.0,-0.2244
2026-01-13 01:30:00,3112.35,3112.98,3081.28,3090.5,81110.919,251045386.21280998,30886.954,50223.965,0.615,-21.84999999999991,-0.702,-19337.010999999995,81110.919,0.615,1.0,1.0,-0.2384
2026-01-13 01:35:00,3090.5,3099.93,3085.42,3094.98,33916.216,104901923.54100999,20237.117,13679.099,1.4794,4.480000000000018,0.145,6558.017999999998,33916.216,1.4794,1.0,1.0,0.1934
2026-01-13 01:40:00,3094.98,3101.18,3089.59,3096.19,21123.603,65409282.73342,10315.073,10808.53,0.9543,1.2100000000000364,0.0391,-493.45700000000033,21123.603000000003,0.9543,1.0,1.0,-0.0234
2026-01-13 01:45:00,3096.2,3104.85,3095.07,3101.87,12038.42,37319124.57181,8416.026,3622.394,2.3233,5.670000000000073,0.1831,4793.632,12038.42,2.3233,1.0,1.0,0.3982
2026-01-13 01:50:00,3101.88,3105.65,3099.45,3104.97,8815.648000000001,27350488.12234,5039.419,3776.229,1.3345,3.0899999999996908,0.0996,1263.19,8815.648,1.3345,1.0,1.0,0.1433
2026-01-13 01:55:00,3104.96,3105.78,3101.0,3103.59,5307.013,16472623.49831,3154.016,2152.997,1.4649,-1.3699999999998909,-0.0441,1001.0190000000002,5307.013,1.4649,1.0,1.0,0.1886
2026-01-13 02:00:00,3103.6,3104.87,3097.8,3098.49,7801.726000000001,24200985.36655,3735.403,4066.323,0.9186,-5.110000000000127,-0.1646,-330.9200000000001,7801.726,0.9186,1.0,1.0,-0.0424
2026-01-13 02:05:00,3098.49,3111.43,3098.05,3106.06,14929.551,46370607.52165,8500.824,6428.727,1.3223,7.570000000000164,0.2443,2072.0970000000007,14929.551,1.3223,1.0,1.0,0.1388
2026-01-13 02:10:00,3106.06,3116.16,3105.81,3108.76,15348.030999999999,47756555.70173,10398.883,4949.148,2.1011,2.700000000000273,0.0869,5449.735,15348.030999999999,2.1011,1.0,1.0,0.3551
2026-01-13 02:15:00,3108.77,3113.15,3108.01,3108.81,10231.447,31822233.41254,5925.788,4305.659,1.3763,0.03999999999996362,0.0013,1620.129,10231.447,1.3763,1.0,1.0,0.1583
2026-01-13 02:20:00,3108.81,3116.2,3108.46,3114.52,8262.375,25722720.16995,4942.504,3319.871,1.4888,5.710000000000036,0.1837,1622.6329999999998,8262.375,1.4888,1.0,1.0,0.1964
2026-01-13 02:25:00,3114.52,3118.18,3112.01,3117.5,7610.906,23713527.15442,4374.717,3236.189,1.3518,2.980000000000018,0.0957,1138.5279999999998,7610.905999999999,1.3518,1.0,1.0,0.1496
2026-01-13 02:30:00,3117.49,3117.75,3102.88,3103.32,10804.761,33602969.58553,3043.521,7761.24,0.3921,-14.169999999999618,-0.4545,-4717.718999999999,10804.761,0.3921,1.0,1.0,-0.4366
2026-01-13 02:35:00,3103.31,3104.5,3094.16,3103.69,18555.181,57528381.17157,7405.382,11149.799,0.6642,0.38000000000010914,0.0122,-3744.4170000000013,18555.181,0.6642,1.0,1.0,-0.2018
2026-01-13 02:40:00,3103.69,3104.35,3098.69,3103.14,8644.173,26812367.63259,3096.416,5547.757,0.5581,-0.5500000000001819,-0.0177,-2451.3409999999994,8644.172999999999,0.5581,1.0,1.0,-0.2836
2026-01-13 02:45:00,3103.14,3106.87,3100.22,3104.8,5634.141,17486951.3818,3125.791,2508.35,1.2462,1.6600000000003092,0.0535,617.4410000000003,5634.141,1.2462,1.0,1.0,0.1096
2026-01-13 02:50:00,3104.8,3110.31,3104.8,3107.44,3442.092,10697196.945840001,1809.369,1632.723,1.1082,2.6399999999998727,0.085,176.64599999999996,3442.0919999999996,1.1082,1.0,1.0,0.0513
2026-01-13 02:55:00,3107.45,3110.85,3106.55,3106.99,2237.438,6955027.776699999,711.083,1526.355,0.4659,-0.4600000000000364,-0.0148,-815.272,2237.438,0.4659,1.0,1.0,-0.3644
2026-01-13 03:00:00,3106.99,3106.99,3095.51,3097.35,7705.425,23885500.06198,3370.415,4335.01,0.7775,-9.639999999999873,-0.3103,-964.5950000000003,7705.425,0.7775,1.0,1.0,-0.1252
2026-01-13 03:05:00,3097.36,3108.61,3096.0,3107.9,6802.973,21114437.12502,4456.766,2346.207,1.8996,10.539999999999964,0.3403,2110.5589999999997,6802.973,1.8996,1.0,1.0,0.3102
2026-01-13 03:10:00,3107.9,3109.5,3105.0,3106.57,3614.9759999999997,11232638.420880001,1483.191,2131.785,0.6958,-1.3299999999999272,-0.0428,-648.5939999999998,3614.9759999999997,0.6958,1.0,1.0,-0.1794
2026-01-13 03:15:00,3106.58,3114.56,3106.58,3112.87,5046.829,15701870.87603,3484.699,1562.13,2.2307,6.289999999999964,0.2025,1922.569,5046.829,2.2307,1.0,1.0,0.3809
2026-01-13 03:20:00,3112.87,3115.37,3111.07,3112.81,5541.257,17251060.83125,2215.87,3325.387,0.6663,-0.05999999999994543,-0.0019,-1109.5170000000003,5541.257,0.6663,1.0,1.0,-0.2002
2026-01-13 03:25:00,3112.8,3113.49,3106.8,3110.56,2612.729,8127092.808929999,1385.316,1227.413,1.1286,-2.2400000000002365,-0.072,157.90300000000002,2612.7290000000003,1.1286,1.0,1.0,0.0604
2026-01-13 03:30:00,3110.55,3115.73,3110.5,3113.46,2508.182,7808897.9953,986.285,1521.897,0.6481,2.9099999999998545,0.0936,-535.612,2508.182,0.6481,1.0,1.0,-0.2135
2026-01-13 03:35:00,3113.47,3114.79,3110.36,3114.78,1484.8200000000002,4620843.77542,656.644,828.176,0.7929,1.3100000000004002,0.0421,-171.53200000000004,1484.8200000000002,0.7929,1.0,1.0,-0.1155
2026-01-13 03:40:00,3114.78,3115.7,3113.64,3114.2,1743.605,5430887.60217,652.47,1091.135,0.598,-0.580000000000382,-0.0186,-438.66499999999996,1743.605,0.598,1.0,1.0,-0.2516
2026-01-13 03:45:00,3114.19,3114.64,3111.27,3113.59,1756.041,5465452.86769,380.043,1375.998,0.2762,-0.599999999999909,-0.0193,-995.955,1756.0410000000002,0.2762,1.0,1.0,-0.5672
2026-01-13 03:50:00,3113.6,3120.69,3112.79,3119.97,6692.914,20870467.30225,4366.736,2326.178,1.8772,6.369999999999891,0.2046,2040.558,6692.914,1.8772,1.0,1.0,0.3049
2026-01-13 03:55:00,3119.96,3121.63,3118.34,3120.45,3561.773,11113498.53557,1949.521,1612.252,1.2092,0.4899999999997817,0.0157,337.269,3561.773,1.2092,1.0,1.0,0.0947
2026-01-13 04:00:00,3120.45,3124.2,3118.2,3122.5,5306.9310000000005,16566948.91783,2958.06,2348.871,1.2594,2.050000000000182,0.0657,609.1889999999999,5306.9310000000005,1.2594,1.0,1.0,0.1148
2026-01-13 04:05:00,3122.5,3127.0,3120.4,3120.87,11842.726,37001116.53414,6300.33,5542.396,1.1368,-1.6300000000001091,-0.0522,757.9340000000002,11842.725999999999,1.1368,1.0,1.0,0.064
2026-01-13 04:10:00,3120.87,3121.2,3118.35,3119.9,3702.248,11550795.26772,1558.79,2143.458,0.7272,-0.9699999999997999,-0.0311,-584.6680000000001,3702.248,0.7272,1.0,1.0,-0.1579
2026-01-13 04:15:00,3119.9,3119.9,3112.6,3114.54,5967.173,18589641.73382,2312.736,3654.437,0.6329,-5.360000000000127,-0.1718,-1341.701,5967.173,0.6329,1.0,1.0,-0.2248
2026-01-13 04:20:00,3114.54,3114.67,3111.73,3113.45,2993.1479999999997,9318138.54187,1208.002,1785.146,0.6767,-1.0900000000001455,-0.035,-577.144,2993.148,0.6767,1.0,1.0,-0.1928
2026-01-13 04:25:00,3113.45,3113.61,3107.14,3109.71,7003.129,21781999.293670002,1787.111,5216.018,0.3426,-3.7399999999997817,-0.1201,-3428.907,7003.129,0.3426,1.0,1.0,-0.4896
2026-01-13 04:30:00,3109.71,3109.71,3103.14,3104.57,4587.198,14244860.44502,1856.391,2730.807,0.6798,-5.139999999999873,-0.1653,-874.4159999999997,4587.198,0.6798,1.0,1.0,-0.1906
2026-01-13 04:35:00,3104.58,3107.62,3103.09,3105.61,2825.7780000000002,8774730.063749999,1547.099,1278.679,1.2099,1.0300000000002,0.0332,268.41999999999985,2825.7780000000002,1.2099,1.0,1.0,0.095
2026-01-13 04:40:00,3105.6,3106.85,3100.8,3101.86,7470.425,23181399.75548,3321.243,4149.182,0.8005,-3.7399999999997817,-0.1204,-827.9389999999999,7470.424999999999,0.8005,1.0,1.0,-0.1108
2026-01-13 04:45:00,3101.86,3104.88,3099.88,3104.41,4280.347,13277064.41656,3022.519,1257.828,2.403,2.549999999999727,0.0822,1764.6909999999998,4280.347,2.403,1.0,1.0,0.4123
2026-01-13 04:50:00,3104.4,3104.8,3100.75,3101.69,3370.366,10457100.6098,1648.697,1721.669,0.9576,-2.7100000000000364,-0.0873,-72.97200000000021,3370.366,0.9576,1.0,1.0,-0.0217
2026-01-13 04:55:00,3101.68,3103.0,3098.65,3101.4,5147.485,15961301.248540001,2472.478,2675.007,0.9243,-0.27999999999974534,-0.009,-202.529,5147.485000000001,0.9243,1.0,1.0,-0.0393
2026-01-13 05:00:00,3101.36,3102.13,3091.22,3092.6,13226.272,40939857.834869996,4100.863,9125.409,0.4494,-8.760000000000218,-0.2825,-5024.545999999999,13226.272,0.4494,1.0,1.0,-0.3799
2026-01-13 05:05:00,3092.59,3101.74,3090.85,3101.56,7381.943,22861384.07063,6175.843,1206.1,5.1205,8.9699999999998,0.29,4969.743,7381.942999999999,5.1205,1.0,1.0,0.6732
2026-01-13 05:10:00,3101.56,3105.6,3101.2,3102.6,6202.196,19250786.85672,3299.54,2902.656,1.1367,1.0399999999999636,0.0335,396.884,6202.196,1.1367,1.0,1.0,0.064
2026-01-13 05:15:00,3102.6,3103.57,3100.28,3100.6,2939.1510000000003,9118252.07038,2018.309,920.842,2.1918,-2.0,-0.0645,1097.467,2939.151,2.1918,1.0,1.0,0.3734
2026-01-13 05:20:00,3100.6,3101.99,3098.0,3098.14,3094.978,9594116.342039999,1907.497,1187.481,1.6063,-2.4600000000000364,-0.0793,720.0160000000001,3094.978,1.6063,1.0,1.0,0.2326
2026-01-13 05:25:00,3098.15,3101.4,3096.31,3097.99,4912.483,15221853.07195,2308.735,2603.748,0.8867,-0.16000000000030923,-0.0052,-295.0129999999999,4912.483,0.8867,1.0,1.0,-0.0601
2026-01-13 05:30:00,3097.98,3098.16,3094.55,3096.96,1968.8700000000001,6095417.569089999,1039.438,929.432,1.1184,-1.0199999999999818,-0.0329,110.00600000000009,1968.8700000000001,1.1184,1.0,1.0,0.0559
2026-01-13 05:35:00,3096.95,3098.33,3096.0,3098.05,1775.836,5500178.20346,1115.064,660.772,1.6875,1.1000000000003638,0.0355,454.29200000000003,1775.8360000000002,1.6875,1.0,1.0,0.2558
2026-01-13 05:40:00,3098.04,3099.83,3095.6,3096.36,1259.918,3903107.85111,809.808,450.11,1.7991,-1.6799999999998363,-0.0542,359.698,1259.9180000000001,1.7991,1.0,1.0,0.2855
2026-01-13 05:45:00,3096.36,3096.37,3090.01,3093.33,4997.868,15460707.103769999,2011.069,2986.799,0.6733,-3.0300000000002,-0.0979,-975.73,4997.868,0.6733,1.0,1.0,-0.1952
2026-01-13 05:50:00,3093.3,3093.66,3083.1,3085.98,16248.773,50173372.277009994,5188.338,11060.435,0.4691,-7.320000000000164,-0.2366,-5872.097,16248.773,0.4691,1.0,1.0,-0.3614
2026-01-13 05:55:00,3085.98,3090.79,3084.59,3090.79,8998.962,27780224.48574,5974.444,3024.518,1.9753,4.809999999999945,0.1559,2949.9260000000004,8998.962,1.9753,1.0,1.0,0.3278
2026-01-13 06:00:00,3090.79,3101.43,3090.78,3098.31,11429.957,35399067.24482,6922.683,4507.274,1.5359,7.519999999999982,0.2433,2415.4089999999997,11429.957,1.5359,1.0,1.0,0.2113
2026-01-13 06:05:00,3098.3,3102.1,3097.14,3102.1,2938.23,9106140.73005,1505.866,1432.364,1.0513,3.799999999999727,0.1226,73.50199999999995,2938.23,1.0513,1.0,1.0,0.025
2026-01-13 06:10:00,3102.09,3106.59,3102.09,3103.35,10265.649,31868417.47513,4761.319,5504.33,0.865,1.2599999999997635,0.0406,-743.0109999999995,10265.649000000001,0.865,1.0,1.0,-0.0724
2026-01-13 06:15:00,3103.36,3103.36,3099.26,3101.15,4175.39,12947440.744970001,1373.055,2802.335,0.49,-2.2100000000000364,-0.0712,-1429.28,4175.39,0.49,1.0,1.0,-0.3423
2026-01-13 06:20:00,3101.18,3102.24,3099.64,3100.11,1428.451,4429196.62352,549.699,878.752,0.6255,-1.069999999999709,-0.0345,-329.053,1428.451,0.6255,1.0,1.0,-0.2304
2026-01-13 06:25:00,3100.1,3100.3,3095.17,3095.18,1495.479,4633551.8047,753.152,742.327,1.0146,-4.920000000000073,-0.1587,10.825000000000045,1495.479,1.0146,1.0,1.0,0.0072
2026-01-13 06:30:00,3095.17,3102.68,3093.58,3102.67,6897.779,21368141.44267,4481.211,2416.568,1.8544,7.5,0.2423,2064.643,6897.779,1.8544,1.0,1.0,0.2993
2026-01-13 06:35:00,3102.67,3102.68,3098.03,3102.6,2346.09,7273042.75579,806.188,1539.902,0.5235,-0.07000000000016371,-0.0023,-733.714,2346.09,0.5235,1.0,1.0,-0.3127
2026-01-13 06:40:00,3102.59,3104.63,3101.25,3101.25,1207.174,3745600.06685,640.872,566.302,1.1317,-1.3400000000001455,-0.0432,74.56999999999994,1207.174,1.1317,1.0,1.0,0.0618
2026-01-13 06:45:00,3101.25,3101.26,3095.82,3100.29,3220.748,9976780.98721,1328.493,1892.255,0.7021,-0.9600000000000364,-0.031,-563.7620000000002,3220.748,0.7021,1.0,1.0,-0.175
2026-01-13 06:50:00,3100.29,3100.3,3093.21,3094.22,7524.3550000000005,23292769.77768,993.897,6530.458,0.1522,-6.070000000000164,-0.1958,-5536.561,7524.355,0.1522,1.0,1.0,-0.7358
2026-01-13 06:55:00,3094.22,3097.77,3093.01,3093.93,5051.633,15640023.16064,3459.249,1592.384,2.1724,-0.2899999999999636,-0.0094,1866.8649999999998,5051.633,2.1724,1.0,1.0,0.3696
2026-01-13 07:00:00,3093.93,3097.82,3088.19,3088.79,7498.072,23189315.11089,2311.45,5186.622,0.4457,-5.139999999999873,-0.1661,-2875.1720000000005,7498.072,0.4457,1.0,1.0,-0.3835
2026-01-13 07:05:00,3088.79,3092.52,3086.5,3089.64,6033.595,18642077.70772,3288.974,2744.621,1.1983,0.849999999999909,0.0275,544.3530000000001,6033.595,1.1983,1.0,1.0,0.0902
2026-01-13 07:10:00,3089.64,3091.24,3086.98,3090.2,4889.5779999999995,15103446.40941,1552.465,3337.113,0.4652,0.5599999999999454,0.0181,-1784.648,4889.5779999999995,0.4652,1.0,1.0,-0.365
2026-01-13 07:15:00,3090.19,3091.09,3087.59,3090.68,2386.641,7373809.40336,1099.397,1287.244,0.8541,0.4899999999997817,0.0159,-187.84699999999998,2386.6409999999996,0.8541,1.0,1.0,-0.0787
2026-01-13 07:20:00,3090.67,3093.47,3090.2,3093.47,1078.6,3334567.83331,923.667,154.933,5.9617,2.799999999999727,0.0906,768.734,1078.6,5.9617,1.0,1.0,0.7127
2026-01-13 07:25:00,3093.46,3096.69,3093.4,3096.06,4815.025,14901630.68018,3587.376,1227.649,2.9222,2.599999999999909,0.084,2359.7270000000003,4815.025,2.9222,1.0,1.0,0.4901
2026-01-13 07:30:00,3096.05,3097.94,3090.11,3090.72,5241.298,16219908.788800001,1123.979,4117.319,0.273,-5.330000000000382,-0.1722,-2993.34,5241.298000000001,0.273,1.0,1.0,-0.5711
2026-01-13 07:35:00,3090.71,3094.99,3090.12,3093.94,2680.9049999999997,8292153.72998,2250.277,430.628,5.2256,3.230000000000018,0.1045,1819.6490000000001,2680.905,5.2256,1.0,1.0,0.6787
2026-01-13 07:40:00,3093.9,3095.17,3093.15,3094.33,1974.181,6108546.77349,1139.534,834.647,1.3653,0.4299999999998363,0.0139,304.88700000000006,1974.181,1.3653,1.0,1.0,0.1544
2026-01-13 07:45:00,3094.29,3094.29,3091.71,3092.47,4495.501,13901999.895370001,3886.068,609.433,6.3765,-1.8200000000001637,-0.0588,3276.635,4495.501,6.3765,1.0,1.0,0.7289
2026-01-13 07:50:00,3092.47,3094.05,3092.04,3092.31,1913.8780000000002,5919877.26345,1192.939,720.939,1.6547,-0.15999999999985448,-0.0052,472.0000000000001,1913.8780000000002,1.6547,1.0,1.0,0.2466
2026-01-13 07:55:00,3092.31,3094.29,3092.31,3093.94,1294.049,4003397.14129,708.554,585.495,1.2102,1.6300000000001091,0.0527,123.05899999999997,1294.049,1.2102,1.0,1.0,0.0951
2026-01-13 08:00:00,3093.93,3099.36,3092.04,3096.91,7656.546,23707959.954859998,5330.036,2326.51,2.291,2.980000000000018,0.0963,3003.526,7656.546,2.291,1.0,1.0,0.3923
2026-01-13 08:05:00,3096.91,3102.44,3096.72,3097.95,6921.213,21451331.43843,4142.767,2778.446,1.491,1.0399999999999636,0.0336,1364.321,6921.213,1.491,1.0,1.0,0.1971
2026-01-13 08:10:00,3097.94,3106.75,3097.94,3099.16,11503.577000000001,35686964.66184,7773.171,3730.406,2.0837,1.2199999999998,0.0394,4042.7650000000003,11503.577000000001,2.0837,1.0,1.0,0.3514
2026-01-13 08:15:00,3099.16,3101.0,3098.04,3098.28,3271.616,10141053.335630002,1264.006,2007.61,0.6296,-0.8799999999996544,-0.0284,-743.6039999999998,3271.616,0.6296,1.0,1.0,-0.2273
2026-01-13 08:20:00,3098.28,3104.94,3098.0,3103.68,3749.557,11630285.28014,2319.9,1429.657,1.6227,5.399999999999636,0.1743,890.2430000000002,3749.557,1.6227,1.0,1.0,0.2374
2026-01-13 08:25:00,3103.65,3104.94,3101.51,3101.52,2729.633,8471532.04924,1367.905,1361.728,1.0045,-2.130000000000109,-0.0686,6.176999999999907,2729.633,1.0045,1.0,1.0,0.0023
2026-01-13 08:30:00,3101.52,3104.23,3101.02,3103.77,2295.459,7122569.42232,1405.462,889.997,1.5792,2.25,0.0725,515.465,2295.459,1.5792,1.0,1.0,0.2246
2026-01-13 08:35:00,3103.76,3106.57,3101.65,3101.65,5185.711,16099763.83658,2964.397,2221.314,1.3345,-2.1100000000001273,-0.068,743.0830000000001,5185.710999999999,1.3345,1.0,1.0,0.1433
2026-01-13 08:40:00,3101.65,3102.53,3098.03,3100.69,3102.4809999999998,9618778.597369999,1361.392,1741.089,0.7819,-0.9600000000000364,-0.031,-379.6969999999999,3102.4809999999998,0.7819,1.0,1.0,-0.1224
2026-01-13 08:45:00,3100.69,3105.95,3100.22,3105.33,2196.343,6816063.33148,1526.5,669.843,2.2789,4.639999999999873,0.1496,856.657,2196.343,2.2789,1.0,1.0,0.39
2026-01-13 08:50:00,3105.33,3109.05,3104.11,3107.33,4502.281999999999,13987213.5055,2612.419,1889.863,1.3823,2.0,0.0644,722.5559999999998,4502.282,1.3823,1.0,1.0,0.1605
2026-01-13 08:55:00,3107.34,3108.57,3105.56,3107.05,3175.1890000000003,9866155.59818,1447.12,1728.069,0.8374,-0.2899999999999636,-0.0093,-280.94900000000007,3175.189,0.8374,1.0,1.0,-0.0885
2026-01-13 09:00:00,3107.04,3109.09,3105.43,3107.89,4171.518,12962685.729050001,1907.387,2264.131,0.8424,0.849999999999909,0.0274,-356.7439999999999,4171.518,0.8424,1.0,1.0,-0.0855
2026-01-13 09:05:00,3107.9,3113.25,3107.89,3110.41,6376.258000000001,19835512.55819,4450.817,1925.441,2.3116,2.5099999999997635,0.0808,2525.376,6376.258,2.3116,1.0,1.0,0.3961
2026-01-13 09:10:00,3110.4,3111.0,3108.71,3109.13,2578.922,8019716.3964,870.256,1708.666,0.5093,-1.2699999999999818,-0.0408,-838.41,2578.922,0.5093,1.0,1.0,-0.3251
2026-01-13 09:15:00,3109.13,3109.78,3105.51,3107.08,2073.9449999999997,6445394.245630001,752.413,1321.532,0.5693,-2.050000000000182,-0.0659,-569.1189999999999,2073.9449999999997,0.5693,1.0,1.0,-0.2744
2026-01-13 09:20:00,3107.08,3108.4,3105.21,3105.42,1781.575,5534611.84615,676.458,1105.117,0.6121,-1.6599999999998545,-0.0534,-428.659,1781.5749999999998,0.6121,1.0,1.0,-0.2406
2026-01-13 09:25:00,3105.41,3106.37,3098.43,3101.1,11403.125,35371412.40188,2469.771,8933.354,0.2765,-4.309999999999945,-0.1388,-6463.582999999999,11403.125,0.2765,1.0,1.0,-0.5668
2026-01-13 09:30:00,3101.1,3101.94,3095.84,3097.01,6009.902,18621603.803940002,1898.688,4111.214,0.4618,-4.089999999999691,-0.1319,-2212.526,6009.902,0.4618,1.0,1.0,-0.3681
2026-01-13 09:35:00,3097.0,3097.26,3090.45,3093.74,9977.557,30867191.49892,3700.249,6277.308,0.5895,-3.2600000000002183,-0.1053,-2577.059,9977.557,0.5895,1.0,1.0,-0.2583
2026-01-13 09:40:00,3093.75,3094.94,3090.0,3092.1,5595.358,17299074.23301,2203.511,3391.847,0.6496,-1.650000000000091,-0.0533,-1188.3360000000002,5595.358,0.6496,1.0,1.0,-0.2124
2026-01-13 09:45:00,3092.1,3097.26,3092.0,3096.04,5260.478999999999,16280385.76391,4115.848,1144.631,3.5958,3.9400000000000546,0.1274,2971.2169999999996,5260.479,3.5958,1.0,1.0,0.5648
2026-01-13 09:50:00,3096.05,3098.09,3095.16,3095.95,2078.0119999999997,6434695.36086,1169.698,908.314,1.2878,-0.1000000000003638,-0.0032,261.3840000000001,2078.012,1.2878,1.0,1.0,0.1258
2026-01-13 09:55:00,3095.94,3096.66,3094.1,3096.57,1615.073,4999784.47815,1172.857,442.216,2.6522,0.6300000000001091,0.0203,730.641,1615.0729999999999,2.6522,1.0,1.0,0.4524
2026-01-13 10:00:00,3096.58,3106.87,3096.57,3104.56,7964.1269999999995,24704951.95614,5855.855,2108.272,2.7776,7.980000000000018,0.2577,3747.5829999999996,7964.1269999999995,2.7776,1.0,1.0,0.4706
2026-01-13 10:05:00,3104.55,3106.35,3100.82,3101.76,3961.444,12296513.63498,1645.949,2315.495,0.7108,-2.7899999999999636,-0.0899,-669.5459999999998,3961.444,0.7108,1.0,1.0,-0.169
2026-01-13 10:10:00,3101.75,3103.45,3100.55,3103.0,2779.2819999999997,8620904.77394,819.066,1960.216,0.4178,1.25,0.0403,-1141.1499999999999,2779.282,0.4178,1.0,1.0,-0.4106
2026-01-13 10:15:00,3103.0,3104.98,3102.03,3102.74,2286.085,7096015.59536,1546.775,739.31,2.0922,-0.2600000000002183,-0.0084,807.4650000000001,2286.085,2.0922,1.0,1.0,0.3532
2026-01-13 10:20:00,3102.74,3103.42,3100.31,3102.3,1984.511,6155751.82824,959.67,1024.841,0.9364,-0.4399999999995998,-0.0142,-65.17099999999994,1984.511,0.9364,1.0,1.0,-0.0328
2026-01-13 10:25:00,3102.29,3103.45,3100.6,3101.63,1154.261,3580430.5312799998,441.115,713.146,0.6185,-0.6599999999998545,-0.0213,-272.03099999999995,1154.261,0.6185,1.0,1.0,-0.2357
2026-01-13 10:30:00,3101.63,3104.2,3101.63,3102.88,1478.751,4588478.25792,949.641,529.11,1.7948,1.25,0.0403,420.53099999999995,1478.751,1.7948,1.0,1.0,0.2844
2026-01-13 10:35:00,3102.88,3104.07,3099.12,3100.04,2043.476,6337660.74096,714.217,1329.259,0.5373,-2.8400000000001455,-0.0915,-615.042,2043.476,0.5373,1.0,1.0,-0.301
2026-01-13 10:40:00,3100.05,3101.21,3096.64,3098.05,2469.73,7655025.6082500005,1113.089,1356.641,0.8205,-2.0,-0.0645,-243.55200000000013,2469.73,0.8205,1.0,1.0,-0.0986
2026-01-13 10:45:00,3098.04,3101.74,3097.75,3100.61,1382.164,4284054.20076,860.031,522.133,1.6471,2.5700000000001637,0.083,337.8979999999999,1382.164,1.6471,1.0,1.0,0.2445
2026-01-13 10:50:00,3100.6,3104.0,3099.95,3103.01,1393.355,4322814.37858,669.101,724.254,0.9238,2.4100000000003092,0.0777,-55.15300000000002,1393.355,0.9238,1.0,1.0,-0.0396
2026-01-13 10:55:00,3103.01,3103.01,3097.9,3099.99,2471.8779999999997,7662786.66031,541.37,1930.508,0.2804,-3.0200000000004366,-0.0973,-1389.138,2471.878,0.2804,1.0,1.0,-0.562
2026-01-13 11:00:00,3099.99,3103.43,3099.9,3102.4,1780.233,5522747.67477,1042.672,737.528,1.4137,2.4100000000003092,0.0777,305.144,1780.2,1.4137,1.0,1.0,0.1714
2026-01-13 11:05:00,3102.41,3103.88,3099.68,3100.25,1887.827,5855311.52076,1059.826,828.001,1.28,-2.1599999999998545,-0.0696,231.82500000000005,1887.827,1.28,1.0,1.0,0.1228
2026-01-13 11:10:00,3100.26,3109.34,3100.26,3108.0,9930.781,30845115.32013,7612.932,2317.849,3.2845,7.739999999999782,0.2497,5295.083,9930.780999999999,3.2845,1.0,1.0,0.5332
2026-01-13 11:15:00,3108.01,3111.89,3106.73,3108.55,5725.265,17799253.86983,3773.782,1951.483,1.9338,0.5399999999999636,0.0174,1822.2990000000002,5725.265,1.9338,1.0,1.0,0.3183
2026-01-13 11:20:00,3108.56,3118.35,3105.26,3114.61,18069.492,56252526.70611,10485.452,7584.04,1.3826,6.050000000000182,0.1946,2901.4119999999994,18069.492,1.3826,1.0,1.0,0.1606
2026-01-13 11:25:00,3114.6,3115.45,3112.33,3113.3,7374.346,22961237.0306,3091.932,4282.414,0.722,-1.2999999999997272,-0.0417,-1190.482,7374.346,0.722,1.0,1.0,-0.1614
2026-01-13 11:30:00,3113.3,3115.77,3109.02,3111.78,7314.041,22769129.6559,3913.284,3400.757,1.1507,-1.5199999999999818,-0.0488,512.527,7314.041,1.1507,1.0,1.0,0.0701
2026-01-13 11:35:00,3111.78,3115.07,3110.63,3110.63,3102.353,9657291.76163,1687.792,1414.561,1.1932,-1.150000000000091,-0.037,273.231,3102.353,1.1932,1.0,1.0,0.0881
2026-01-13 11:40:00,3110.63,3114.72,3110.33,3113.07,1766.463,5498750.70863,1060.037,706.426,1.5006,2.4400000000000546,0.0784,353.611,1766.4630000000002,1.5006,1.0,1.0,0.2002
2026-01-13 11:45:00,3113.07,3113.1,3110.05,3112.34,2879.661,8959149.53183,572.773,2306.888,0.2483,-0.7300000000000182,-0.0234,-1734.1149999999998,2879.661,0.2483,1.0,1.0,-0.6022
2026-01-13 11:50:00,3112.34,3112.65,3110.25,3111.99,1509.137,4695233.3387,462.796,1046.341,0.4423,-0.3500000000003638,-0.0112,-583.5449999999998,1509.137,0.4423,1.0,1.0,-0.3867
2026-01-13 11:55:00,3112.0,3115.7,3112.0,3114.75,3054.22,9511704.98065,2179.819,874.401,2.4929,2.75,0.0884,1305.4180000000001,3054.22,2.4929,1.0,1.0,0.4274
2026-01-13 12:00:00,3114.72,3118.1,3113.99,3114.75,4691.5960000000005,14619618.205670001,2879.213,1812.383,1.5886,0.03000000000020009,0.001,1066.8300000000002,4691.5960000000005,1.5886,1.0,1.0,0.2274
2026-01-13 12:05:00,3114.76,3118.8,3114.75,3118.8,2642.9139999999998,8238643.6788800005,1428.836,1214.078,1.1769,4.039999999999964,0.1297,214.75800000000004,2642.9139999999998,1.1769,1.0,1.0,0.0813
2026-01-13 12:10:00,3118.79,3120.57,3117.92,3119.62,6919.287,21581256.96962,4348.454,2570.833,1.6915,0.8299999999999272,0.0266,1777.6209999999996,6919.287,1.6915,1.0,1.0,0.2569
2026-01-13 12:15:00,3119.62,3120.6,3116.1,3117.09,7454.544,23246833.68172,2980.527,4474.017,0.6662,-2.5299999999997453,-0.0811,-1493.4899999999998,7454.544,0.6662,1.0,1.0,-0.2003
2026-01-13 12:20:00,3117.09,3121.74,3114.19,3115.29,7655.74,23867249.576500002,4581.988,3073.752,1.4907,-1.800000000000182,-0.0577,1508.2360000000003,7655.74,1.4907,1.0,1.0,0.197
2026-01-13 12:25:00,3115.29,3116.78,3111.66,3114.19,8518.512,26526137.28221,3864.681,4653.831,0.8304,-1.099999999999909,-0.0353,-789.1500000000001,8518.512,0.8304,1.0,1.0,-0.0926
2026-01-13 12:30:00,3114.2,3115.0,3110.7,3111.66,4578.907,14250861.02957,1432.088,3146.819,0.4551,-2.5399999999999636,-0.0816,-1714.731,4578.907,0.4551,1.0,1.0,-0.3745
2026-01-13 12:35:00,3111.7,3114.79,3111.0,3114.49,2142.072,6667781.85666,1454.838,687.234,2.1169,2.7899999999999636,0.0897,767.6039999999999,2142.072,2.1169,1.0,1.0,0.3583
2026-01-13 12:40:00,3114.5,3115.35,3113.56,3115.35,2312.611,7202349.99361,1771.477,541.134,3.2736,0.849999999999909,0.0273,1230.343,2312.611,3.2736,1.0,1.0,0.532
2026-01-13 12:45:00,3115.35,3117.6,3114.4,3116.52,2310.792,7201200.31677,1683.139,627.653,2.6816,1.1700000000000728,0.0376,1055.4859999999999,2310.792,2.6816,1.0,1.0,0.4568
2026-01-13 12:50:00,3116.52,3119.93,3116.52,3119.9,3545.5209999999997,11055223.16632,2083.818,1461.703,1.4256,3.380000000000109,0.1085,622.1150000000002,3545.521,1.4256,1.0,1.0,0.1755
2026-01-13 12:55:00,3119.9,3122.88,3119.59,3120.7,7959.616,24843596.76108,4280.263,3679.353,1.1633,0.7999999999997272,0.0256,600.9099999999999,7959.616,1.1633,1.0,1.0,0.0755
2026-01-13 13:00:00,3120.7,3130.71,3120.0,3124.55,25294.735,79080644.06934,15794.548,9500.187,1.6626,3.850000000000364,0.1234,6294.361000000001,25294.735,1.6626,1.0,1.0,0.2488
2026-01-13 13:05:00,3124.56,3126.6,3123.64,3126.44,8770.394,27407466.46703,5934.574,2835.82,2.0927,1.8800000000001091,0.0602,3098.7539999999995,8770.394,2.0927,1.0,1.0,0.3533
2026-01-13 13:10:00,3126.45,3132.41,3126.21,3130.56,10760.892,33675091.70918,5990.208,4770.684,1.2556,4.110000000000127,0.1315,1219.5239999999994,10760.892,1.2556,1.0,1.0,0.1133
2026-01-13 13:15:00,3130.57,3142.0,3128.79,3140.39,42302.947,132679756.92662,28052.968,14218.574,1.973,9.819999999999709,0.3137,13834.394,42271.542,1.973,1.0007,0.9993,0.3273
2026-01-13 13:20:00,3140.39,3145.63,3135.38,3141.95,36204.409,113731174.31378,17423.673,18536.097,0.94,1.5599999999999454,0.0497,-1112.4240000000027,35959.770000000004,0.94,1.0068,0.9932,-0.0309
2026-01-13 13:25:00,3141.95,3144.6,3138.54,3138.6,14437.869,45369112.112900004,4331.83,10106.039,0.4286,-3.349999999999909,-0.1066,-5774.209000000001,14437.869,0.4286,1.0,1.0,-0.3999
2026-01-13 13:30:00,3138.6,3140.86,3133.0,3133.76,17841.831,55953851.3137,6975.595,10866.236,0.642,-4.839999999999691,-0.1542,-3890.6410000000005,17841.831000000002,0.642,1.0,1.0,-0.2181
2026-01-13 13:35:00,3133.75,3135.91,3131.47,3133.97,14733.871,46173142.44505,7241.571,7492.3,0.9665,0.2199999999997999,0.007,-250.72900000000027,14733.871,0.9665,1.0,1.0,-0.017
2026-01-13 13:40:00,3134.0,3135.0,3131.86,3134.41,6593.766,20658240.54902,2444.34,4149.426,0.5891,0.4099999999998545,0.0131,-1705.0860000000002,6593.7660000000005,0.5891,1.0,1.0,-0.2586
2026-01-13 13:45:00,3134.41,3138.93,3133.0,3138.74,6445.095,20213170.142,3277.293,3167.802,1.0346,4.329999999999927,0.1381,109.49099999999999,6445.095,1.0346,1.0,1.0,0.017
2026-01-13 13:50:00,3138.74,3138.75,3130.59,3131.52,8679.648000000001,27199347.54807,2517.386,6162.262,0.4085,-7.2199999999998,-0.23,-3644.8759999999997,8679.648,0.4085,1.0,1.0,-0.4199
2026-01-13 13:55:00,3131.52,3131.69,3128.21,3130.18,8668.273000000001,27126533.927330002,3859.946,4808.327,0.8028,-1.3400000000001455,-0.0428,-948.3810000000003,8668.273000000001,0.8028,1.0,1.0,-0.1094
2026-01-13 14:00:00,3130.18,3135.0,3128.39,3129.09,8216.837,25726688.68834,4195.616,4021.221,1.0434,-1.0899999999996908,-0.0348,174.39499999999998,8216.837,1.0434,1.0,1.0,0.0212
2026-01-13 14:05:00,3129.1,3131.1,3121.93,3126.73,21361.453999999998,66770174.636369996,8538.511,12822.943,0.6659,-2.369999999999891,-0.0757,-4284.431999999999,21361.453999999998,0.6659,1.0,1.0,-0.2006
2026-01-13 14:10:00,3126.73,3127.78,3124.33,3126.89,4593.639999999999,14360861.576340001,2487.175,2106.465,1.1807,0.15999999999985448,0.0051,380.71000000000004,4593.64,1.1807,1.0,1.0,0.0829
2026-01-13 14:15:00,3126.89,3129.62,3125.27,3127.76,4478.295,14007408.1761,3291.584,1186.711,2.7737,0.8700000000003456,0.0278,2104.8729999999996,4478.295,2.7737,1.0,1.0,0.47
2026-01-13 14:20:00,3127.76,3131.79,3127.65,3129.63,3108.541,9728818.21994,2202.525,906.016,2.431,1.8699999999998909,0.0598,1296.509,3108.541,2.431,1.0,1.0,0.4171
2026-01-13 14:25:00,3129.63,3132.44,3128.29,3128.29,4053.007,12689051.541639999,2187.499,1865.508,1.1726,-1.3400000000001455,-0.0428,321.99099999999976,4053.0069999999996,1.1726,1.0,1.0,0.0794
2026-01-13 14:30:00,3128.3,3132.0,3128.21,3129.54,3046.676,9536916.3361,1345.298,1701.378,0.7907,1.2399999999997817,0.0396,-356.0799999999999,3046.676,0.7907,1.0,1.0,-0.1169
2026-01-13 14:35:00,3129.54,3133.05,3129.53,3133.05,2162.9629999999997,6773099.85212,1260.951,902.012,1.3979,3.5100000000002183,0.1122,358.9390000000001,2162.9629999999997,1.3979,1.0,1.0,0.1659
2026-01-13 14:40:00,3133.05,3134.31,3126.07,3127.14,6059.469,18971666.78249,1976.735,4082.734,0.4842,-5.910000000000309,-0.1886,-2105.999,6059.469,0.4842,1.0,1.0,-0.3476
2026-01-13 14:45:00,3127.14,3130.38,3125.98,3130.36,5942.539000000001,18588807.7013,3452.375,2490.164,1.3864,3.2200000000002547,0.103,962.2109999999998,5942.539000000001,1.3864,1.0,1.0,0.1619
2026-01-13 14:50:00,3130.35,3136.41,3130.16,3134.13,5643.409,17688640.58809,3881.62,1761.789,2.2032,3.7800000000002,0.1208,2119.831,5643.409,2.2032,1.0,1.0,0.3756
2026-01-13 14:55:00,3134.14,3135.7,3132.65,3132.96,4193.288,13142750.50424,1654.228,2539.06,0.6515,-1.1799999999998363,-0.0376,-884.8319999999999,4193.2880000000005,0.6515,1.0,1.0,-0.211
2026-01-13 15:00:00,3132.97,3134.13,3130.0,3130.0,3507.9139999999998,10986644.39535,1409.107,2098.807,0.6714,-2.9699999999998,-0.0948,-689.6999999999998,3507.9139999999998,0.6714,1.0,1.0,-0.1966
2026-01-13 15:05:00,3130.01,3131.0,3128.05,3129.97,2482.1310000000003,7768016.43507,1040.959,1441.172,0.7223,-0.04000000000041837,-0.0013,-400.21299999999997,2482.1310000000003,0.7223,1.0,1.0,-0.1612
2026-01-13 15:10:00,3129.97,3131.0,3129.04,3129.29,1552.68,4859691.91844,772.156,780.524,0.9893,-0.6799999999998363,-0.0217,-8.368000000000052,1552.6799999999998,0.9893,1.0,1.0,-0.0054
2026-01-13 15:15:00,3129.3,3129.42,3124.44,3125.47,5805.101000000001,18146768.89433,2139.512,3665.589,0.5837,-3.830000000000382,-0.1224,-1526.0769999999998,5805.101000000001,0.5837,1.0,1.0,-0.2629
2026-01-13 15:20:00,3125.47,3127.89,3124.1,3125.58,8724.449,27271185.4477,3784.14,4940.309,0.766,0.11000000000012733,0.0035,-1156.1690000000003,8724.449,0.766,1.0,1.0,-0.1325
2026-01-13 15:25:00,3125.58,3127.69,3123.1,3126.91,3087.751,9652105.50586,1636.373,1451.378,1.1275,1.3299999999999272,0.0426,184.99500000000012,3087.751,1.1275,1.0,1.0,0.0599
2026-01-13 15:30:00,3126.91,3127.49,3124.64,3125.83,2254.895,7048702.5368099995,1074.778,1180.117,0.9107,-1.0799999999999272,-0.0345,-105.33899999999994,2254.895,0.9107,1.0,1.0,-0.0467
2026-01-13 15:35:00,3125.83,3126.66,3123.0,3123.0,2863.111,8945379.25054,649.141,2213.97,0.2932,-2.8299999999999272,-0.0905,-1564.8289999999997,2863.111,0.2932,1.0,1.0,-0.5465
2026-01-13 15:40:00,3123.0,3125.31,3122.59,3124.01,4315.898,13483241.64907,2008.86,2307.038,0.8708,1.0100000000002183,0.0323,-298.1780000000001,4315.898,0.8708,1.0,1.0,-0.0691
2026-01-13 15:45:00,3124.0,3124.22,3121.4,3122.23,4375.564,13662616.512839999,1291.36,3084.204,0.4187,-1.7699999999999818,-0.0567,-1792.8440000000003,4375.564,0.4187,1.0,1.0,-0.4097
2026-01-13 15:50:00,3122.23,3122.6,3121.22,3121.22,2336.026,7292886.53756,1141.193,1194.833,0.9551,-1.0100000000002183,-0.0323,-53.6400000000001,2336.026,0.9551,1.0,1.0,-0.023
2026-01-13 15:55:00,3121.23,3122.8,3120.72,3120.86,3998.969,12484240.196789999,2262.474,1736.495,1.3029,-0.36999999999989086,-0.0119,525.9790000000003,3998.969,1.3029,1.0,1.0,0.1315
2026-01-13 16:00:00,3120.86,3125.0,3120.72,3125.0,3553.4790000000003,11097281.35991,2133.85,1419.629,1.5031,4.139999999999873,0.1327,714.221,3553.479,1.5031,1.0,1.0,0.201
2026-01-13 16:05:00,3125.0,3129.61,3124.3,3126.83,5019.579,15696145.62648,3368.1,1651.479,2.0394,1.8299999999999272,0.0586,1716.6209999999999,5019.579,2.0394,1.0,1.0,0.342
2026-01-13 16:10:00,3126.82,3127.05,3123.52,3125.59,3133.692,9793782.01427,1533.476,1600.216,0.9583,-1.2300000000000182,-0.0393,-66.73999999999978,3133.692,0.9583,1.0,1.0,-0.0213
2026-01-13 16:15:00,3125.59,3127.05,3124.73,3126.85,1553.518,4856683.99764,952.684,600.834,1.5856,1.2599999999997635,0.0403,351.85,1553.518,1.5856,1.0,1.0,0.2265
2026-01-13 16:20:00,3126.84,3128.27,3126.49,3127.52,2054.501,6425497.76056,1389.466,665.035,2.0893,0.6799999999998363,0.0217,724.4309999999999,2054.5009999999997,2.0893,1.0,1.0,0.3526
2026-01-13 16:25:00,3127.52,3129.17,3125.0,3125.0,4953.669,15490526.898139998,3126.5,1827.169,1.7111,-2.519999999999982,-0.0806,1299.331,4953.669,1.7111,1.0,1.0,0.2623
2026-01-13 16:30:00,3125.0,3126.71,3125.0,3126.71,1002.829,3134374.3827,567.468,435.361,1.3034,1.7100000000000364,0.0547,132.10699999999997,1002.829,1.3034,1.0,1.0,0.1317
2026-01-13 16:35:00,3126.73,3131.76,3126.25,3129.03,5247.912,16423994.93664,3243.058,2004.854,1.6176,2.300000000000182,0.0736,1238.204,5247.912,1.6176,1.0,1.0,0.2359
2026-01-13 16:40:00,3129.02,3131.5,3128.65,3130.81,4367.681,13671475.18464,3048.386,1319.295,2.3106,1.7899999999999636,0.0572,1729.091,4367.6810000000005,2.3106,1.0,1.0,0.3959
2026-01-13 16:45:00,3130.8,3133.66,3129.78,3133.66,4519.702,14155500.20628,3238.549,1281.153,2.5278,2.8599999999996726,0.0914,1957.396,4519.702,2.5278,1.0,1.0,0.4331
2026-01-13 16:50:00,3133.66,3136.99,3133.46,3134.85,7594.4800000000005,23812929.526329998,4421.631,3172.849,1.3936,1.1900000000000546,0.038,1248.7820000000002,7594.4800000000005,1.3936,1.0,1.0,0.1644
2026-01-13 16:55:00,3134.85,3135.43,3133.67,3134.83,3090.422,9687504.87996,1286.61,1803.812,0.7133,-0.01999999999998181,-0.0006,-517.202,3090.4219999999996,0.7133,1.0,1.0,-0.1674
2026-01-13 17:00:00,3134.84,3143.28,3132.44,3139.95,20185.368,63346725.37,12496.314,7689.054,1.6252,5.109999999999673,0.163,4807.26,20185.368000000002,1.6252,1.0,1.0,0.2382
2026-01-13 17:05:00,3139.95,3141.45,3136.65,3139.06,9499.115,29812899.31031,4128.74,5370.375,0.7688,-0.8899999999998727,-0.0283,-1241.6350000000002,9499.115,0.7688,1.0,1.0,-0.1307
2026-01-13 17:10:00,3139.06,3140.8,3138.2,3139.99,6489.572,20376143.76292,3319.032,3170.54,1.0468,0.9299999999998363,0.0296,148.4920000000002,6489.572,1.0468,1.0,1.0,0.0229
2026-01-13 17:15:00,3139.99,3141.6,3136.38,3139.43,8324.765,26125670.9562,2675.568,5649.197,0.4736,-0.5599999999999454,-0.0178,-2973.629,8324.765,0.4736,1.0,1.0,-0.3572
2026-01-13 17:20:00,3139.43,3147.5,3138.01,3144.38,26307.338,82691706.07101999,14227.104,12080.234,1.1777,4.950000000000273,0.1577,2146.869999999999,26307.338,1.1777,1.0,1.0,0.0816
2026-01-13 17:25:00,3144.38,3144.39,3139.57,3141.37,6004.4349999999995,18863035.32615,2178.421,3826.014,0.5694,-3.0100000000002183,-0.0957,-1647.5930000000003,6004.4349999999995,0.5694,1.0,1.0,-0.2744
2026-01-13 17:30:00,3141.37,3143.5,3138.53,3138.54,5993.589,18828818.56891,2336.174,3657.415,0.6388,-2.8299999999999272,-0.0901,-1321.241,5993.589,0.6388,1.0,1.0,-0.2204
2026-01-13 17:35:00,3138.54,3139.77,3133.96,3137.42,12602.336,39526162.527780004,3482.028,9120.308,0.3818,-1.1199999999998909,-0.0357,-5638.280000000001,12602.336000000001,0.3818,1.0,1.0,-0.4474
2026-01-13 17:40:00,3137.42,3137.43,3127.0,3132.66,19984.345,62571626.10216,7973.827,12010.518,0.6639,-4.760000000000218,-0.1517,-4036.691,19984.345,0.6639,1.0,1.0,-0.202
2026-01-13 17:45:00,3132.65,3138.0,3131.6,3137.54,8954.524000000001,28074253.22313,6085.956,2868.568,2.1216,4.889999999999873,0.1561,3217.388,8954.524000000001,2.1216,1.0,1.0,0.3593
2026-01-13 17:50:00,3137.54,3139.59,3136.76,3137.84,4556.253000000001,14297633.15178,2492.375,2063.878,1.2076,0.3000000000001819,0.0096,428.49699999999984,4556.253000000001,1.2076,1.0,1.0,0.094
2026-01-13 17:55:00,3137.84,3138.22,3133.56,3137.61,5268.433,16525125.93781,2958.692,2309.741,1.281,-0.2300000000000182,-0.0073,648.951,5268.433,1.281,1.0,1.0,0.1232
2026-01-13 18:00:00,3137.61,3139.59,3136.31,3138.29,3856.2239999999997,12102022.78442,2026.541,1829.683,1.1076,0.6799999999998363,0.0217,196.85799999999995,3856.224,1.1076,1.0,1.0,0.051
2026-01-13 18:05:00,3138.29,3140.66,3136.8,3137.77,4978.12,15626868.590640001,2877.643,2100.477,1.37,-0.5199999999999818,-0.0166,777.1660000000002,4978.12,1.37,1.0,1.0,0.1561
2026-01-13 18:10:00,3137.77,3139.46,3134.56,3134.57,4670.644,14648403.94503,1702.195,2968.449,0.5734,-3.199999999999818,-0.102,-1266.2540000000001,4670.644,0.5734,1.0,1.0,-0.2711
2026-01-13 18:15:00,3134.57,3136.1,3132.33,3135.83,4580.848,14357257.69509,2294.602,2286.246,1.0037,1.2599999999997635,0.0402,8.355999999999767,4580.848,1.0037,1.0,1.0,0.0018
2026-01-13 18:20:00,3135.82,3137.6,3134.85,3136.58,1791.696,5619114.28822,1018.775,772.921,1.3181,0.7599999999997635,0.0242,245.85399999999993,1791.696,1.3181,1.0,1.0,0.1372
2026-01-13 18:25:00,3136.57,3138.0,3135.05,3137.99,1992.626,6249241.90368,1198.462,794.164,1.5091,1.419999999999618,0.0453,404.298,1992.626,1.5091,1.0,1.0,0.2029
2026-01-13 18:30:00,3137.99,3139.0,3136.48,3136.8,2677.843,8402117.88247,1059.823,1618.02,0.655,-1.1899999999995998,-0.0379,-558.1969999999999,2677.843,0.655,1.0,1.0,-0.2085
2026-01-13 18:35:00,3136.72,3137.48,3135.69,3135.69,1856.712,5823996.71583,515.27,1341.442,0.3841,-1.0299999999997453,-0.0328,-826.172,1856.712,0.3841,1.0,1.0,-0.445
2026-01-13 18:40:00,3135.69,3135.7,3128.01,3129.99,8550.512999999999,26775690.40832,2733.524,5816.989,0.4699,-5.700000000000273,-0.1818,-3083.4649999999997,8550.512999999999,0.4699,1.0,1.0,-0.3606
2026-01-13 18:45:00,3129.99,3132.01,3128.21,3131.56,6053.293,18947094.04305,3412.524,2640.769,1.2922,1.5700000000001637,0.0502,771.7550000000001,6053.293,1.2922,1.0,1.0,0.1275
2026-01-13 18:50:00,3131.56,3133.23,3131.55,3131.57,1709.6480000000001,5354950.71669,1141.609,568.039,2.0097,0.010000000000218279,0.0003,573.5699999999999,1709.648,2.0097,1.0,1.0,0.3355
2026-01-13 18:55:00,3131.57,3133.67,3131.57,3133.49,1723.831,5400354.6425600005,1390.269,333.562,4.1679,1.919999999999618,0.0613,1056.7069999999999,1723.8310000000001,4.1679,1.0,1.0,0.613
2026-01-13 19:00:00,3133.5,3134.44,3130.3,3132.0,3014.043,9441913.30682,1102.197,1911.846,0.5765,-1.5,-0.0479,-809.6490000000001,3014.0429999999997,0.5765,1.0,1.0,-0.2686
2026-01-13 19:05:00,3132.0,3136.44,3131.98,3136.32,3676.8109999999997,11522740.16622,2664.807,1012.004,2.6332,4.320000000000164,0.1379,1652.8029999999999,3676.8109999999997,2.6332,1.0,1.0,0.4495
2026-01-13 19:10:00,3136.32,3137.6,3134.65,3135.0,2633.52,8258561.65977,1051.216,1582.304,0.6644,-1.3200000000001637,-0.0421,-531.0880000000002,2633.52,0.6644,1.0,1.0,-0.2017
2026-01-13 19:15:00,3135.0,3137.49,3133.99,3134.24,2689.397,8433665.164450001,999.587,1689.81,0.5915,-0.7600000000002183,-0.0242,-690.223,2689.397,0.5915,1.0,1.0,-0.2566
2026-01-13 19:20:00,3134.23,3135.92,3132.53,3134.35,2630.07,8242140.73592,1133.883,1496.187,0.7578,0.11999999999989086,0.0038,-362.30399999999986,2630.0699999999997,0.7578,1.0,1.0,-0.1378
2026-01-13 19:25:00,3134.35,3136.84,3134.35,3135.57,1669.761,5236068.816160001,723.266,946.495,0.7642,1.2200000000002547,0.0389,-223.22900000000004,1669.761,0.7642,1.0,1.0,-0.1337
2026-01-13 19:30:00,3135.56,3135.68,3133.0,3133.01,1835.589,5752998.44879,554.63,1280.959,0.433,-2.549999999999727,-0.0813,-726.3290000000001,1835.589,0.433,1.0,1.0,-0.3957
2026-01-13 19:35:00,3133.0,3135.0,3132.7,3133.92,2386.74,7479290.720589999,1324.037,1062.703,1.2459,0.9200000000000728,0.0294,261.33400000000006,2386.74,1.2459,1.0,1.0,0.1095
2026-01-13 19:40:00,3133.93,3134.28,3131.52,3131.53,2219.777,6954065.04449,890.683,1329.094,0.6701,-2.399999999999636,-0.0766,-438.41100000000006,2219.777,0.6701,1.0,1.0,-0.1975
2026-01-13 19:45:00,3131.53,3132.9,3130.0,3131.71,4611.43,14439904.076410001,2313.379,2298.051,1.0067,0.1799999999998363,0.0057,15.327999999999975,4611.43,1.0067,1.0,1.0,0.0033
2026-01-13 19:50:00,3131.71,3134.0,3130.56,3134.0,2066.3630000000003,6471150.13175,826.68,1239.683,0.6668,2.2899999999999636,0.0731,-413.00300000000004,2066.363,0.6668,1.0,1.0,-0.1999
2026-01-13 19:55:00,3134.0,3136.87,3132.31,3132.74,2594.73,8134872.18582,1411.97,1182.76,1.1938,-1.2600000000002183,-0.0402,229.21000000000004,2594.73,1.1938,1.0,1.0,0.0883
2026-01-13 20:00:00,3132.75,3136.8,3132.53,3132.77,4483.429,14052807.45643,2155.116,2328.313,0.9256,0.01999999999998181,0.0006,-173.19700000000012,4483.429,0.9256,1.0,1.0,-0.0386
2026-01-13 20:05:00,3132.77,3133.16,3128.3,3130.94,8557.934000000001,26789114.433520004,2015.093,6542.841,0.308,-1.8299999999999272,-0.0584,-4527.7480000000005,8557.934000000001,0.308,1.0,1.0,-0.5291
2026-01-13 20:10:00,3130.94,3133.31,3129.55,3129.56,3796.808,11890751.87068,2093.957,1702.851,1.2297,-1.3800000000001091,-0.0441,391.10599999999977,3796.808,1.2297,1.0,1.0,0.103
2026-01-13 20:15:00,3129.55,3133.76,3128.34,3132.36,4775.931,14950042.59747,3419.871,1356.06,2.5219,2.8099999999999454,0.0898,2063.811,4775.9310000000005,2.5219,1.0,1.0,0.4321
2026-01-13 20:20:00,3132.37,3134.33,3132.37,3133.01,3141.747,9844764.1953,2205.114,936.633,2.3543,0.6400000000003274,0.0204,1268.481,3141.7470000000003,2.3543,1.0,1.0,0.4038
2026-01-13 20:25:00,3133.01,3134.04,3131.1,3132.74,1852.464,5802721.42804,641.83,1210.634,0.5302,-0.27000000000043656,-0.0086,-568.804,1852.464,0.5302,1.0,1.0,-0.3071
2026-01-13 20:30:00,3132.75,3136.6,3131.69,3132.76,5279.647,16547483.109329998,2293.719,2985.928,0.7682,0.010000000000218279,0.0003,-692.2089999999998,5279.647,0.7682,1.0,1.0,-0.1311
2026-01-13 20:35:00,3132.76,3134.0,3132.75,3133.85,922.661,2891102.75971,656.978,265.683,2.4728,1.0899999999996908,0.0348,391.29499999999996,922.661,2.4728,1.0,1.0,0.4241
2026-01-13 20:40:00,3133.84,3135.99,3133.73,3134.51,1633.435,5120755.3537,819.518,813.917,1.0069,0.6700000000000728,0.0214,5.600999999999999,1633.435,1.0069,1.0,1.0,0.0034
2026-01-13 20:45:00,3134.51,3134.73,3133.0,3133.42,1596.79,5004347.7423,1170.899,425.891,2.7493,-1.0900000000001455,-0.0348,745.0079999999998,1596.79,2.7493,1.0,1.0,0.4666
2026-01-13 20:50:00,3133.4,3134.0,3131.66,3133.04,2383.2619999999997,7466930.91136,1261.325,1121.937,1.1242,-0.36000000000012733,-0.0115,139.38800000000015,2383.2619999999997,1.1242,1.0,1.0,0.0585
2026-01-13 20:55:00,3133.04,3134.0,3131.53,3133.99,3344.866,10477651.17036,2277.232,1067.634,2.133,0.9499999999998181,0.0303,1209.598,3344.866,2.133,1.0,1.0,0.3616
2026-01-13 21:00:00,3134.0,3134.0,3129.05,3130.05,4634.68,14510800.848129999,1720.24,2914.44,0.5902,-3.949999999999818,-0.126,-1194.2,4634.68,0.5902,1.0,1.0,-0.2577
2026-01-13 21:05:00,3130.05,3135.94,3129.0,3134.72,13246.327,41493289.54694,9298.923,3947.404,2.3557,4.669999999999618,0.1492,5351.519,13246.327000000001,2.3557,1.0,1.0,0.404
2026-01-13 21:10:00,3134.71,3136.87,3134.27,3134.5,5375.946,16856952.890100002,3359.914,2016.032,1.6666,-0.21000000000003638,-0.0067,1343.8820000000003,5375.946,1.6666,1.0,1.0,0.25
2026-01-13 21:15:00,3134.5,3136.28,3133.6,3133.76,3795.87,11901040.47802,2032.651,1763.219,1.1528,-0.7399999999997817,-0.0236,269.432,3795.87,1.1528,1.0,1.0,0.071
2026-01-13 21:20:00,3133.75,3136.98,3133.75,3136.77,3404.963,10677179.49462,1942.982,1461.981,1.329,3.019999999999982,0.0964,481.001,3404.9629999999997,1.329,1.0,1.0,0.1413
2026-01-13 21:25:00,3136.76,3141.12,3136.26,3139.8,11273.091,35385424.36015,7052.979,4220.112,1.6713,3.0399999999999636,0.0969,2832.867,11273.091,1.6713,1.0,1.0,0.2513
2026-01-13 21:30:00,3139.81,3160.5,3137.5,3149.55,171499.597,540337824.44912,93973.748,77525.849,1.2122,9.740000000000236,0.3102,16447.899000000005,171499.597,1.2122,1.0,1.0,0.0959
2026-01-13 21:35:00,3149.54,3154.94,3132.36,3136.45,61444.191,193211435.68026,22919.391,38524.8,0.5949,-13.090000000000146,-0.4156,-15605.409000000003,61444.191000000006,0.5949,1.0,1.0,-0.254
2026-01-13 21:40:00,3136.45,3145.0,3134.23,3142.79,19246.965,60428449.73278,10581.002,8665.963,1.221,6.3400000000001455,0.2021,1915.0390000000007,19246.965,1.221,1.0,1.0,0.0995
2026-01-13 21:45:00,3142.79,3146.94,3140.0,3146.3,9730.472,30585910.15536,5688.998,4041.474,1.4077,3.5100000000002183,0.1117,1647.5239999999994,9730.472,1.4077,1.0,1.0,0.1693
2026-01-13 21:50:00,3146.31,3146.98,3138.0,3144.23,9780.529,30735627.549089998,3667.12,6113.409,0.5998,-2.0799999999999272,-0.0661,-2446.2889999999998,9780.528999999999,0.5998,1.0,1.0,-0.2501
2026-01-13 21:55:00,3144.23,3144.74,3140.0,3141.02,5416.687,17017423.73297,2952.179,2464.508,1.1979,-3.2100000000000364,-0.1021,487.6710000000003,5416.687,1.1979,1.0,1.0,0.09
2026-01-13 22:00:00,3141.01,3142.2,3127.85,3134.22,34502.428,108091702.92765,13898.581,20603.847,0.6746,-6.790000000000418,-0.2162,-6705.266000000001,34502.428,0.6746,1.0,1.0,-0.1943
2026-01-13 22:05:00,3134.21,3140.6,3134.21,3139.74,7134.647000000001,22384960.38984,4780.322,2354.325,2.0304,5.529999999999745,0.1764,2425.9970000000003,7134.647,2.0304,1.0,1.0,0.34
2026-01-13 22:10:00,3139.74,3140.0,3137.24,3138.99,3841.8509999999997,12057314.33827,1555.131,2286.72,0.6801,-0.75,-0.0239,-731.5889999999997,3841.8509999999997,0.6801,1.0,1.0,-0.1904
2026-01-13 22:15:00,3139.0,3146.2,3138.77,3143.58,9229.508,29012925.87104,5782.275,3447.233,1.6774,4.579999999999927,0.1459,2335.0419999999995,9229.508,1.6774,1.0,1.0,0.253
2026-01-13 22:20:00,3143.58,3151.28,3143.57,3148.44,13287.964,41832660.04734,7089.822,6198.142,1.1439,4.860000000000127,0.1546,891.6800000000003,13287.964,1.1439,1.0,1.0,0.0671
2026-01-13 22:25:00,3148.43,3154.75,3145.83,3154.23,16339.956999999999,51484469.45203,8942.842,7397.115,1.209,5.800000000000182,0.1842,1545.7270000000008,16339.957,1.209,1.0,1.0,0.0946
2026-01-13 22:30:00,3154.22,3156.75,3145.65,3150.3,22845.148,72003685.09516,10084.544,12760.604,0.7903,-3.919999999999618,-0.1243,-2676.0599999999995,22845.148,0.7903,1.0,1.0,-0.1171
2026-01-13 22:35:00,3150.3,3163.0,3150.3,3158.68,37551.832,118578971.06018001,20720.08,16831.752,1.231,8.379999999999654,0.266,3888.3280000000013,37551.832,1.231,1.0,1.0,0.1035
2026-01-13 22:40:00,3158.69,3164.0,3155.3,3156.84,31723.889,100261117.91302,15136.273,16587.616,0.9125,-1.849999999999909,-0.0586,-1451.3430000000026,31723.889000000003,0.9125,1.0,1.0,-0.0457
2026-01-13 22:45:00,3156.84,3160.6,3143.77,3146.41,37093.303,116907531.3597,15087.66,22005.643,0.6856,-10.430000000000291,-0.3304,-6917.983,37093.303,0.6856,1.0,1.0,-0.1865
2026-01-13 22:50:00,3146.41,3152.0,3142.5,3143.68,19123.1,60161431.61075,10035.905,9087.195,1.1044,-2.730000000000018,-0.0868,948.710000000001,19123.1,1.1044,1.0,1.0,0.0496
2026-01-13 22:55:00,3143.68,3148.23,3143.09,3143.5,7792.846,24509466.54214,4043.97,3748.876,1.0787,-0.1799999999998363,-0.0057,295.0939999999996,7792.846,1.0787,1.0,1.0,0.0379
2026-01-13 23:00:00,3143.5,3146.42,3131.0,3140.11,35144.732,110258287.2361,16613.118,18531.614,0.8965,-3.3899999999998727,-0.1078,-1918.4960000000028,35144.732,0.8965,1.0,1.0,-0.0546
2026-01-13 23:05:00,3140.11,3148.0,3137.14,3141.63,17569.981,55241704.73286,10912.927,6657.054,1.6393,1.5199999999999818,0.0484,4255.873,17569.981,1.6393,1.0,1.0,0.2422
2026-01-13 23:10:00,3141.63,3145.68,3137.02,3145.11,8676.282,27252197.549340002,4747.533,3928.749,1.2084,3.480000000000018,0.1108,818.7840000000006,8676.282,1.2084,1.0,1.0,0.0944
2026-01-13 23:15:00,3145.11,3145.11,3133.16,3138.13,12622.326000000001,39610635.60571,6310.054,6312.272,0.9996,-6.980000000000018,-0.2219,-2.217999999999847,12622.326000000001,0.9996,1.0,1.0,-0.0002
2026-01-13 23:20:00,3138.13,3142.75,3133.0,3141.15,10245.806999999999,32151463.0582,4960.193,5285.614,0.9384,3.019999999999982,0.0962,-325.42099999999937,10245.807,0.9384,1.0,1.0,-0.0318
2026-01-13 23:25:00,3141.15,3143.61,3137.32,3141.93,9325.639,29291251.10984,4883.93,4441.709,1.0996,0.7799999999997453,0.0248,442.22100000000046,9325.639,1.0996,1.0,1.0,0.0474
2026-01-13 23:30:00,3141.92,3155.69,3140.61,3152.43,23814.376,74994796.46563,11356.951,12457.425,0.9117,10.509999999999764,0.3345,-1100.4740000000002,23814.375999999997,0.9117,1.0,1.0,-0.0462
2026-01-13 23:35:00,3152.43,3169.11,3150.59,3159.45,60016.325,189778774.41210002,32191.934,27824.391,1.157,7.019999999999982,0.2227,4367.5430000000015,60016.325,1.157,1.0,1.0,0.0728
2026-01-13 23:40:00,3159.44,3163.95,3156.84,3160.04,19319.28,61055433.212689996,6148.101,13171.179,0.4668,0.599999999999909,0.019,-7023.078,19319.28,0.4668,1.0,1.0,-0.3635
2026-01-13 23:45:00,3160.05,3163.23,3152.84,3153.57,16401.692000000003,51788936.31405,7223.686,9178.006,0.7871,-6.480000000000018,-0.2051,-1954.3199999999997,16401.692,0.7871,1.0,1.0,-0.1192
2026-01-13 23:50:00,3153.54,3165.0,3151.34,3164.67,19111.864999999998,60332898.92845,12484.791,6627.074,1.8839,11.13000000000011,0.3529,5857.717,19111.864999999998,1.8839,1.0,1.0,0.3065
2026-01-13 23:55:00,3164.68,3187.88,3163.88,3182.57,115077.571,365658821.14871,71869.112,43208.459,1.6633,17.890000000000327,0.5653,28660.65299999999,115077.571,1.6633,1.0,1.0,0.2491
2026-01-14 00:00:00,3182.57,3195.0,3182.34,3187.16,68430.486,218240251.36415,37964.653,30465.833,1.2461,4.589999999999691,0.1442,7498.82,68430.486,1.2461,1.0,1.0,0.1096
2026-01-14 00:05:00,3187.15,3190.83,3178.38,3180.14,26656.572999999997,84874517.32163,9546.997,17109.576,0.558,-7.010000000000218,-0.2199,-7562.5790000000015,26656.573,0.558,1.0,1.0,-0.2837
2026-01-14 00:10:00,3180.13,3186.08,3176.0,3176.0,19928.308,63397917.97985,5359.942,6105.648,0.8779,-4.130000000000109,-0.1299,-745.7060000000001,11465.59,0.8779,1.7381,0.5753,-0.065
2026-01-14 00:15:00,3176.0,3181.0,3172.35,3177.7,21369.159,67857700.69953,11678.248,9690.911,1.2051,1.699999999999818,0.0535,1987.3369999999995,21369.159,1.2051,1.0,1.0,0.093
2026-01-14 00:20:00,3177.7,3183.0,3175.75,3179.5,14782.655999999999,47005899.204119995,6128.736,8653.92,0.7082,1.800000000000182,0.0566,-2525.184,14782.655999999999,0.7082,1.0,1.0,-0.1708
2026-01-14 00:25:00,3179.5,3181.49,3170.0,3173.1,23983.263,76110991.93824,8848.707,15134.556,0.5847,-6.400000000000091,-0.2013,-6285.849,23983.263,0.5847,1.0,1.0,-0.2621
2026-01-14 00:30:00,3173.1,3189.14,3171.1,3188.54,20231.965,64380657.34903,10863.827,9368.138,1.1597,15.440000000000055,0.4866,1495.6889999999985,20231.965,1.1597,1.0,1.0,0.0739
2026-01-14 00:35:00,3188.54,3193.8,3184.16,3186.72,23279.928,74226954.25278,10816.601,12463.327,0.8679,-1.8200000000001637,-0.0571,-1646.7259999999987,23279.928,0.8679,1.0,1.0,-0.0707
2026-01-14 00:40:00,3186.72,3190.9,3182.24,3185.99,7663.0509999999995,24416032.997050002,3121.803,4541.248,0.6874,-0.7300000000000182,-0.0229,-1419.4449999999997,7663.0509999999995,0.6874,1.0,1.0,-0.1852
2026-01-14 00:45:00,3185.99,3190.88,3185.11,3190.53,7292.366,23257726.754359998,3790.874,3501.492,1.0826,4.540000000000418,0.1425,289.3819999999996,7292.366,1.0826,1.0,1.0,0.0397
2026-01-14 00:50:00,3190.53,3192.0,3186.41,3188.5,9046.865,28856171.695439998,3996.194,5050.671,0.7912,-2.0300000000002,-0.0636,-1054.4770000000003,9046.865,0.7912,1.0,1.0,-0.1166
2026-01-14 00:55:00,3188.5,3192.5,3177.5,3179.25,13368.81,42581121.85765,5893.344,7475.466,0.7884,-9.25,-0.2901,-1582.1220000000003,13368.810000000001,0.7884,1.0,1.0,-0.1183
2026-01-14 01:00:00,3179.24,3184.64,3178.87,3183.0,11282.745,35895234.63439,6728.296,4554.449,1.4773,3.7600000000002183,0.1183,2173.8470000000007,11282.744999999999,1.4773,1.0,1.0,0.1927
2026-01-14 01:05:00,3183.0,3183.33,3179.0,3179.0,5594.702,17798820.01469,2578.693,3016.009,0.855,-4.0,-0.1257,-437.3159999999998,5594.702,0.855,1.0,1.0,-0.0782
2026-01-14 01:10:00,3179.0,3180.38,3174.0,3179.83,11757.787,37347126.81627,5315.577,6442.21,0.8251,0.8299999999999272,0.0261,-1126.6329999999998,11757.787,0.8251,1.0,1.0,-0.0958
2026-01-14 01:15:00,3179.83,3184.02,3171.2,3176.19,9078.47,28833772.044770002,4500.784,4577.686,0.9832,-3.6399999999998727,-0.1145,-76.90200000000004,9078.47,0.9832,1.0,1.0,-0.0085
2026-01-14 01:20:00,3176.19,3184.32,3174.0,3182.06,6473.5740000000005,20581139.103299998,4320.753,2152.821,2.007,5.869999999999891,0.1848,2167.932,6473.574,2.007,1.0,1.0,0.3349
2026-01-14 01:25:00,3182.06,3184.48,3179.5,3182.0,3163.66,10066620.82521,1551.542,1612.118,0.9624,-0.05999999999994543,-0.0019,-60.57600000000002,3163.66,0.9624,1.0,1.0,-0.0191
2026-01-14 01:30:00,3182.01,3184.1,3174.67,3181.9,9518.805,30258903.714440003,6272.752,3246.053,1.9324,-0.11000000000012733,-0.0035,3026.6990000000005,9518.805,1.9324,1.0,1.0,0.318
2026-01-14 01:35:00,3181.9,3181.9,3173.0,3173.0,5519.428,17528987.42028,2091.884,3427.544,0.6103,-8.900000000000091,-0.2797,-1335.6599999999999,5519.428,0.6103,1.0,1.0,-0.242
2026-01-14 01:40:00,3173.01,3181.66,3172.31,3178.1,9044.724,28721458.99123,5583.144,3461.58,1.6129,5.089999999999691,0.1604,2121.5640000000003,9044.724,1.6129,1.0,1.0,0.2346
2026-01-14 01:45:00,3178.09,3185.0,3176.1,3183.96,11843.363,37677802.89802,7901.475,3941.888,2.0045,5.869999999999891,0.1847,3959.5870000000004,11843.363000000001,2.0045,1.0,1.0,0.3343
2026-01-14 01:50:00,3183.95,3186.0,3182.06,3184.81,4499.723,14328040.2266,2113.64,2386.083,0.8858,0.8600000000001273,0.027,-272.4430000000002,4499.723,0.8858,1.0,1.0,-0.0605
2026-01-14 01:55:00,3184.81,3184.81,3177.61,3178.38,6223.398,19789147.96616,2659.101,3564.297,0.746,-6.429999999999836,-0.2019,-905.1959999999999,6223.398,0.746,1.0,1.0,-0.1455
2026-01-14 02:00:00,3178.37,3182.39,3176.3,3180.95,6582.486,20923263.66274,4432.522,2149.964,2.0617,2.5799999999999272,0.0812,2282.558,6582.486,2.0617,1.0,1.0,0.3468
2026-01-14 02:05:00,3180.95,3188.0,3179.78,3184.31,7419.754000000001,23620225.537329998,4741.734,2678.02,1.7706,3.3600000000001273,0.1056,2063.7140000000004,7419.754000000001,1.7706,1.0,1.0,0.2781
2026-01-14 02:10:00,3184.3,3190.0,3182.0,3189.28,8659.383,27597362.35449,5244.558,3414.825,1.5358,4.980000000000018,0.1564,1829.7330000000002,8659.383,1.5358,1.0,1.0,0.2113
2026-01-14 02:15:00,3189.28,3192.0,3187.15,3189.8,9881.553,31522798.611619998,4872.562,5008.991,0.9728,0.5199999999999818,0.0163,-136.4290000000001,9881.553,0.9728,1.0,1.0,-0.0138
2026-01-14 02:20:00,3189.8,3198.0,3187.66,3191.0,24471.735,78178444.16451001,15388.957,9082.778,1.6943,1.199999999999818,0.0376,6306.179,24471.735,1.6943,1.0,1.0,0.2577
2026-01-14 02:25:00,3191.01,3195.0,3189.9,3191.14,7962.075,25416916.21813,3833.321,4128.754,0.9284,0.1299999999996544,0.0041,-295.433,7962.075,0.9284,1.0,1.0,-0.0371
2026-01-14 02:30:00,3191.15,3193.0,3187.99,3189.99,6306.886,20122813.02792,2186.516,4120.37,0.5307,-1.1600000000003092,-0.0364,-1933.8539999999998,6306.886,0.5307,1.0,1.0,-0.3066
2026-01-14 02:35:00,3190.0,3196.87,3189.99,3193.4,7378.136,23567490.82096,4098.154,3279.982,1.2494,3.400000000000091,0.1066,818.1720000000005,7378.136,1.2494,1.0,1.0,0.1109
2026-01-14 02:40:00,3193.39,3197.42,3189.43,3195.99,11018.759,35190526.64925,7254.334,3764.425,1.9271,2.599999999999909,0.0814,3489.9089999999997,11018.759,1.9271,1.0,1.0,0.3167
2026-01-14 02:45:00,3195.99,3213.93,3194.22,3203.56,62728.545,201124456.54426,42836.077,19892.468,2.1534,7.570000000000164,0.2369,22943.608999999997,62728.545,2.1534,1.0,1.0,0.3658
2026-01-14 02:50:00,3203.56,3203.7,3196.7,3199.37,14991.143,47978502.3047,7111.715,7879.428,0.9026,-4.190000000000055,-0.1308,-767.7129999999997,14991.143,0.9026,1.0,1.0,-0.0512
2026-01-14 02:55:00,3199.37,3200.36,3196.0,3198.99,6873.359,21984223.710330002,4021.508,2850.887,1.4106,-0.38000000000010914,-0.0119,1170.6209999999996,6872.395,1.4106,1.0001,0.9999,0.1703
2026-01-14 03:00:00,3199.0,3201.3,3191.48,3194.0,10818.02,34578030.927430004,4324.441,6493.579,0.666,-5.0,-0.1563,-2169.138,10818.02,0.666,1.0,1.0,-0.2005
2026-01-14 03:05:00,3194.0,3195.0,3189.04,3191.08,6369.722,20328600.98223,3497.851,2871.871,1.218,-2.9200000000000728,-0.0914,625.98,6369.722,1.218,1.0,1.0,0.0983
2026-01-14 03:10:00,3191.08,3195.0,3190.64,3192.31,4159.946,13282949.60497,1956.486,2203.46,0.8879,1.2300000000000182,0.0385,-246.97399999999993,4159.946,0.8879,1.0,1.0,-0.0594
2026-01-14 03:15:00,3192.31,3197.5,3190.0,3197.15,4949.196,15804844.38566,3207.942,1741.254,1.8423,4.8400000000001455,0.1516,1466.688,4949.196,1.8423,1.0,1.0,0.2963
2026-01-14 03:20:00,3197.15,3202.68,3196.19,3196.19,8233.456,26340735.99777,4674.822,3558.634,1.3137,-0.9600000000000364,-0.03,1116.188,8233.456,1.3137,1.0,1.0,0.1356
2026-01-14 03:25:00,3196.19,3202.7,3195.59,3201.99,6508.572,20829522.43897,4240.938,2267.634,1.8702,5.799999999999727,0.1815,1973.304,6508.572,1.8702,1.0,1.0,0.3032
2026-01-14 03:30:00,3201.99,3218.4,3200.01,3207.19,38429.887,123391251.80361,27425.002,11004.885,2.4921,5.200000000000273,0.1624,16420.117,38429.887,2.4921,1.0,1.0,0.4273
2026-01-14 03:35:00,3207.19,3210.75,3205.8,3208.34,9734.519,31232185.01929,5442.076,4292.443,1.2678,1.150000000000091,0.0359,1149.6329999999998,9734.519,1.2678,1.0,1.0,0.1181
2026-01-14 03:40:00,3208.34,3208.84,3204.0,3204.11,5566.464,17849582.68369,2953.41,2613.054,1.1303,-4.230000000000018,-0.1318,340.35599999999977,5566.464,1.1303,1.0,1.0,0.0611
2026-01-14 03:45:00,3204.11,3206.5,3203.56,3206.49,3580.802,11475091.69988,1586.763,1994.039,0.7958,2.3799999999996544,0.0743,-407.27600000000007,3580.8019999999997,0.7958,1.0,1.0,-0.1137
2026-01-14 03:50:00,3206.49,3214.4,3205.59,3210.47,8223.899,26405877.263529997,4941.674,3282.225,1.5056,3.980000000000018,0.1241,1659.449,8223.899,1.5056,1.0,1.0,0.2018
2026-01-14 03:55:00,3210.48,3214.6,3209.71,3214.39,7141.769,22942931.21014,2576.194,4565.575,0.5643,3.9099999999998545,0.1218,-1989.3809999999999,7141.769,0.5643,1.0,1.0,-0.2786
2026-01-14 04:00:00,3214.39,3219.99,3211.27,3213.27,18936.95,60887609.58485,10297.895,8639.055,1.192,-1.1199999999998909,-0.0348,1658.8400000000001,18936.95,1.192,1.0,1.0,0.0876
2026-01-14 04:05:00,3213.27,3215.51,3211.32,3211.93,7133.421,22922100.90984,3726.261,3407.16,1.0937,-1.3400000000001455,-0.0417,319.1010000000001,7133.421,1.0937,1.0,1.0,0.0447
2026-01-14 04:10:00,3211.93,3215.93,3207.55,3212.06,6872.817,22077794.4434,3650.364,3222.453,1.1328,0.13000000000010914,0.004,427.91100000000006,6872.817,1.1328,1.0,1.0,0.0623
2026-01-14 04:15:00,3212.06,3215.32,3208.5,3211.97,5314.405,17066517.01429,2243.533,3070.872,0.7306,-0.09000000000014552,-0.0028,-827.3389999999999,5314.405,0.7306,1.0,1.0,-0.1557
2026-01-14 04:20:00,3211.99,3215.22,3209.1,3214.71,6261.251,20114249.12768,3253.023,3008.228,1.0814,2.7200000000002547,0.0847,244.79500000000007,6261.251,1.0814,1.0,1.0,0.0391
2026-01-14 04:25:00,3214.72,3215.0,3205.92,3207.11,7283.979,23375225.73388,2885.324,4398.655,0.656,-7.609999999999673,-0.2367,-1513.3309999999997,7283.978999999999,0.656,1.0,1.0,-0.2078
2026-01-14 04:30:00,3207.1,3208.73,3196.16,3199.54,19377.383,62031384.78248,8674.928,10702.455,0.8106,-7.559999999999945,-0.2357,-2027.527,19377.383,0.8106,1.0,1.0,-0.1046
2026-01-14 04:35:00,3199.55,3199.55,3188.52,3193.22,30178.645999999997,96368061.04642999,14649.425,15529.221,0.9433,-6.330000000000382,-0.1978,-879.7960000000003,30178.646,0.9433,1.0,1.0,-0.0292
2026-01-14 04:40:00,3193.22,3197.91,3189.52,3197.38,13513.815,43163107.54281,7601.339,5912.476,1.2856,4.160000000000309,0.1303,1688.8630000000003,13513.814999999999,1.2856,1.0,1.0,0.125
2026-01-14 04:45:00,3197.31,3202.32,3197.1,3198.02,8174.237,26155513.56169,5489.547,2684.69,2.0448,0.7100000000000364,0.0222,2804.8569999999995,8174.236999999999,2.0448,1.0,1.0,0.3431
2026-01-14 04:50:00,3198.01,3203.27,3196.63,3197.08,6092.559,19496405.75666,3030.708,3061.851,0.9898,-0.930000000000291,-0.0291,-31.14300000000003,6092.559,0.9898,1.0,1.0,-0.0051
2026-01-14 04:55:00,3197.08,3204.4,3195.29,3202.76,5391.622,17259121.92104,2351.882,3039.74,0.7737,5.680000000000291,0.1777,-687.8579999999997,5391.621999999999,0.7737,1.0,1.0,-0.1276
2026-01-14 05:00:00,3202.77,3209.4,3199.0,3209.39,10469.246,33535414.05084,3712.653,6756.593,0.5495,6.619999999999891,0.2067,-3043.94,10469.246,0.5495,1.0,1.0,-0.2908
2026-01-14 05:05:00,3209.4,3211.26,3206.15,3207.27,6796.956999999999,21812962.39379,4302.703,2494.254,1.725,-2.130000000000109,-0.0664,1808.4490000000005,6796.957,1.725,1.0,1.0,0.2661
2026-01-14 05:10:00,3207.26,3207.29,3204.0,3205.01,3996.371,12810184.41321,1656.961,2339.41,0.7083,-2.25,-0.0702,-682.4489999999998,3996.371,0.7083,1.0,1.0,-0.1708
2026-01-14 05:15:00,3205.0,3213.13,3204.34,3208.18,11725.056,37636049.07196,6217.762,5507.294,1.129,3.1799999999998363,0.0992,710.4679999999998,11725.056,1.129,1.0,1.0,0.0606
2026-01-14 05:20:00,3208.17,3216.08,3207.45,3214.24,10308.082,33117207.53406,6803.975,3504.107,1.9417,6.069999999999709,0.1892,3299.8680000000004,10308.082,1.9417,1.0,1.0,0.3201
2026-01-14 05:25:00,3214.24,3215.25,3209.33,3210.15,5820.9220000000005,18696430.87698,1884.305,3936.617,0.4787,-4.089999999999691,-0.1272,-2052.312,5820.9220000000005,0.4787,1.0,1.0,-0.3526
2026-01-14 05:30:00,3210.14,3214.91,3209.81,3210.64,7239.019,23250207.43088,4386.351,2852.668,1.5376,0.5,0.0156,1533.6829999999995,7239.019,1.5376,1.0,1.0,0.2119
2026-01-14 05:35:00,3210.63,3214.67,3209.44,3210.71,9987.29,32076595.93462,5083.552,4903.738,1.0367,0.07999999999992724,0.0025,179.8139999999994,9987.29,1.0367,1.0,1.0,0.018
2026-01-14 05:40:00,3210.7,3210.71,3208.2,3208.34,2920.487,9372991.20825,1230.113,1690.374,0.7277,-2.3599999999996726,-0.0735,-460.26099999999997,2920.487,0.7277,1.0,1.0,-0.1576
2026-01-14 05:45:00,3208.35,3210.88,3206.42,3210.87,4531.282,14540674.75127,2068.001,2463.281,0.8395,2.519999999999982,0.0785,-395.27999999999975,4531.282,0.8395,1.0,1.0,-0.0872
2026-01-14 05:50:00,3210.87,3210.87,3206.71,3209.0,4101.182,13159080.33984,1630.164,2471.018,0.6597,-1.8699999999998909,-0.0582,-840.854,4101.182,0.6597,1.0,1.0,-0.205
2026-01-14 05:55:00,3208.99,3210.19,3207.17,3208.34,3112.954,9988286.31094,1597.925,1515.029,1.0547,-0.6499999999996362,-0.0203,82.89599999999996,3112.9539999999997,1.0547,1.0,1.0,0.0266
2026-01-14 06:00:00,3208.34,3218.0,3208.34,3213.45,10453.39,33601781.95053,7115.985,3337.405,2.1322,5.109999999999673,0.1593,3778.5799999999995,10453.39,2.1322,1.0,1.0,0.3615
2026-01-14 06:05:00,3213.45,3296.58,3213.17,3294.73,174744.375,568193424.90942,121935.573,52808.802,2.309,81.2800000000002,2.5294,69126.77100000001,174744.375,2.309,1.0,1.0,0.3956
2026-01-14 06:10:00,3294.72,3398.0,3282.98,3320.02,243475.92799999999,811958808.72481,134999.036,108476.892,1.2445,25.300000000000182,0.7679,26522.143999999986,243475.928,1.2445,1.0,1.0,0.1089
2026-01-14 06:15:00,3320.02,3334.95,3297.0,3322.41,66992.119,221924097.17299,35639.127,31352.992,1.1367,2.3899999999998727,0.072,4286.135000000002,66992.119,1.1367,1.0,1.0,0.064
2026-01-14 06:20:00,3322.41,3332.3,3319.44,3325.44,28796.124,95794022.17504,12057.762,16738.362,0.7204,3.0300000000002,0.0912,-4680.6,28796.124000000003,0.7204,1.0,1.0,-0.1625
2026-01-14 06:25:00,3325.44,3330.09,3312.47,3314.55,25428.851000000002,84520507.72935,11140.439,14288.412,0.7797,-10.889999999999873,-0.3275,-3147.973,25428.851000000002,0.7797,1.0,1.0,-0.1238
2026-01-14 06:30:00,3314.54,3324.54,3314.54,3318.63,14464.038,48013216.794029996,6409.248,8054.79,0.7957,4.0900000000001455,0.1234,-1645.5420000000004,14464.038,0.7957,1.0,1.0,-0.1138
2026-01-14 06:35:00,3318.63,3330.6,3312.05,3327.14,26044.85,86532666.21549,14696.525,11348.325,1.295,8.509999999999764,0.2564,3348.199999999999,26044.85,1.295,1.0,1.0,0.1286
2026-01-14 06:40:00,3327.14,3338.93,3327.14,3333.0,22602.775,75326576.06334999,8742.199,13860.576,0.6307,5.860000000000127,0.1761,-5118.376999999999,22602.775,0.6307,1.0,1.0,-0.2264
2026-01-14 06:45:00,3332.95,3341.6,3330.26,3332.42,17884.282,59651616.370340005,7447.881,10436.401,0.7136,-0.5299999999997453,-0.0159,-2988.5199999999995,17884.282,0.7136,1.0,1.0,-0.1671
2026-01-14 06:50:00,3332.42,3335.0,3320.24,3325.0,19696.872,65528668.19215,8595.603,11101.269,0.7743,-7.420000000000073,-0.2227,-2505.666000000001,19696.872,0.7743,1.0,1.0,-0.1272
2026-01-14 06:55:00,3324.99,3331.6,3324.61,3329.77,8428.971,28050987.925300002,4041.11,4387.861,0.921,4.7800000000002,0.1438,-346.75099999999975,8428.971,0.921,1.0,1.0,-0.0411
2026-01-14 07:00:00,3329.77,3346.83,3329.77,3340.2,30714.379,102581163.62078,15261.768,15452.611,0.9876,10.429999999999836,0.3132,-190.84300000000076,30714.379,0.9876,1.0,1.0,-0.0062
2026-01-14 07:05:00,3340.19,3340.45,3325.9,3331.15,31883.815,106236766.99638,13462.005,18421.81,0.7308,-9.039999999999964,-0.2706,-4959.805000000002,31883.815000000002,0.7308,1.0,1.0,-0.1556
2026-01-14 07:10:00,3331.15,3335.5,3329.01,3335.14,9349.668,31153534.47978,5255.451,4094.217,1.2836,3.9899999999997817,0.1198,1161.234,9349.668,1.2836,1.0,1.0,0.1242
2026-01-14 07:15:00,3335.14,3335.7,3328.59,3332.0,6298.568,20992683.22224,2157.471,4141.097,0.521,-3.1399999999998727,-0.0941,-1983.6259999999997,6298.567999999999,0.521,1.0,1.0,-0.3149
2026-01-14 07:20:00,3332.0,3333.35,3324.02,3324.02,9506.699,31632994.5163,3551.164,5955.535,0.5963,-7.980000000000018,-0.2395,-2404.3709999999996,9506.699,0.5963,1.0,1.0,-0.2529
2026-01-14 07:25:00,3324.03,3325.85,3320.0,3324.6,16995.362,56466486.68985,8578.41,8416.952,1.0192,0.569999999999709,0.0171,161.45800000000054,16995.362,1.0192,1.0,1.0,0.0095
2026-01-14 07:30:00,3324.6,3327.95,3316.08,3316.4,16589.795,55107054.10727,5371.326,11218.469,0.4788,-8.199999999999818,-0.2466,-5847.142999999999,16589.795,0.4788,1.0,1.0,-0.3525
2026-01-14 07:35:00,3316.43,3319.47,3312.46,3315.52,16950.495,56205919.05369,8591.229,8359.266,1.0277,-0.9099999999998545,-0.0274,231.96299999999974,16950.495,1.0277,1.0,1.0,0.0137
2026-01-14 07:40:00,3315.51,3325.34,3315.51,3323.16,9633.501,31993674.480070002,6251.111,3382.39,1.8481,7.649999999999636,0.2307,2868.721,9633.501,1.8481,1.0,1.0,0.2978
2026-01-14 07:45:00,3323.16,3324.38,3314.13,3317.12,6618.687,21966950.50817,2719.815,3898.872,0.6976,-6.039999999999964,-0.1818,-1179.0569999999998,6618.687,0.6976,1.0,1.0,-0.1781
2026-01-14 07:50:00,3317.12,3323.39,3315.41,3320.94,6816.942,22624777.6992,4604.011,2212.931,2.0805,3.8200000000001637,0.1152,2391.0800000000004,6816.942000000001,2.0805,1.0,1.0,0.3508
2026-01-14 07:55:00,3320.95,3325.65,3320.26,3324.06,5301.39,17619209.0545,2346.417,2954.973,0.7941,3.1100000000001273,0.0936,-608.556,5301.389999999999,0.7941,1.0,1.0,-0.1148
2026-01-14 08:00:00,3324.07,3333.99,3322.36,3327.77,30327.257999999998,100937859.46362,16976.933,13350.325,1.2716,3.699999999999818,0.1113,3626.608,30327.258,1.2716,1.0,1.0,0.1196
2026-01-14 08:05:00,3327.77,3333.0,3324.17,3331.63,8195.14,27283875.41866,4235.924,3959.216,1.0699,3.8600000000001273,0.116,276.7080000000001,8195.14,1.0699,1.0,1.0,0.0338
2026-01-14 08:10:00,3331.63,3336.16,3327.67,3331.01,12509.84,41684865.5932,5108.05,7401.79,0.6901,-0.6199999999998909,-0.0186,-2293.74,12509.84,0.6901,1.0,1.0,-0.1834
2026-01-14 08:15:00,3331.01,3335.55,3325.08,3329.02,11860.162,39494275.1783,7258.66,4601.502,1.5775,-1.9900000000002365,-0.0597,2657.1579999999994,11860.162,1.5775,1.0,1.0,0.224
2026-01-14 08:20:00,3329.02,3332.64,3326.49,3328.01,4036.035,13436186.13226,1614.926,2421.109,0.667,-1.0099999999997635,-0.0303,-806.183,4036.035,0.667,1.0,1.0,-0.1997
2026-01-14 08:25:00,3328.01,3330.0,3323.49,3325.59,5125.869,17050908.37156,2404.627,2721.242,0.8837,-2.4200000000000728,-0.0727,-316.61500000000024,5125.869000000001,0.8837,1.0,1.0,-0.0618
2026-01-14 08:30:00,3325.59,3327.06,3319.03,3319.86,8442.687,28047896.14982,2981.606,5461.081,0.546,-5.730000000000018,-0.1723,-2479.475,8442.687,0.546,1.0,1.0,-0.2937
2026-01-14 08:35:00,3319.86,3321.56,3315.0,3319.09,10745.911,35649455.30316,5079.842,5666.069,0.8965,-0.7699999999999818,-0.0232,-586.2270000000008,10745.911,0.8965,1.0,1.0,-0.0546
2026-01-14 08:40:00,3319.09,3323.0,3316.86,3318.74,6840.07,22706365.35057,4262.622,2577.448,1.6538,-0.3500000000003638,-0.0105,1685.1740000000004,6840.07,1.6538,1.0,1.0,0.2464
2026-01-14 08:45:00,3318.74,3319.42,3314.0,3319.0,5447.496,18069260.76301,2710.372,2737.124,0.9902,0.2600000000002183,0.0078,-26.751999999999953,5447.495999999999,0.9902,1.0,1.0,-0.0049
2026-01-14 08:50:00,3319.0,3326.4,3318.01,3323.4,5988.298,19890549.739409998,3375.761,2612.537,1.2921,4.400000000000091,0.1326,763.2240000000002,5988.298,1.2921,1.0,1.0,0.1275
2026-01-14 08:55:00,3323.4,3325.0,3320.01,3322.79,7171.57,23828571.1965,4415.923,2755.647,1.6025,-0.6100000000001273,-0.0184,1660.2759999999998,7171.57,1.6025,1.0,1.0,0.2315
2026-01-14 09:00:00,3322.8,3325.58,3319.64,3323.81,6099.4259999999995,20262931.68787,2667.767,3431.659,0.7774,1.0099999999997635,0.0304,-763.8920000000003,6099.4259999999995,0.7774,1.0,1.0,-0.1252
2026-01-14 09:05:00,3323.8,3332.61,3323.66,3326.9,16814.267,55964100.9468,9921.78,6892.487,1.4395,3.099999999999909,0.0933,3029.2930000000006,16814.267,1.4395,1.0,1.0,0.1802
2026-01-14 09:10:00,3326.9,3333.0,3326.59,3332.52,4254.398,14172843.28745,2271.483,1982.915,1.1455,5.619999999999891,0.1689,288.5680000000002,4254.398,1.1455,1.0,1.0,0.0678
2026-01-14 09:15:00,3332.51,3333.69,3328.0,3329.1,4967.814,16549479.05481,2208.13,2759.684,0.8001,-3.4100000000003092,-0.1023,-551.5540000000001,4967.814,0.8001,1.0,1.0,-0.111
2026-01-14 09:20:00,3329.1,3332.12,3326.28,3332.11,5336.094999999999,17765792.82232,2200.733,3135.362,0.7019,3.0100000000002183,0.0904,-934.6289999999999,5336.095,0.7019,1.0,1.0,-0.1752
2026-01-14 09:25:00,3332.12,3344.63,3331.67,3335.2,24040.222999999998,80266077.18654001,16021.936,8018.287,1.9982,3.0799999999999272,0.0924,8003.648999999999,24040.222999999998,1.9982,1.0,1.0,0.3329
2026-01-14 09:30:00,3335.21,3341.0,3333.66,3335.48,9517.444,31768949.19187,3163.015,6354.429,0.4978,0.2699999999999818,0.0081,-3191.414,9517.444,0.4978,1.0,1.0,-0.3353
2026-01-14 09:35:00,3335.47,3338.66,3330.0,3330.22,10154.141,33862123.94384,6198.672,3955.469,1.5671,-5.25,-0.1574,2243.2029999999995,10154.141,1.5671,1.0,1.0,0.2209
2026-01-14 09:40:00,3330.21,3330.72,3324.69,3328.12,13047.467999999999,43421696.35063,6171.996,6875.472,0.8977,-2.0900000000001455,-0.0628,-703.4759999999997,13047.468,0.8977,1.0,1.0,-0.0539
2026-01-14 09:45:00,3328.11,3328.95,3324.0,3325.0,4099.867,13640069.74172,2336.323,1763.544,1.3248,-3.1100000000001273,-0.0934,572.7789999999998,4099.867,1.3248,1.0,1.0,0.1397
2026-01-14 09:50:00,3325.0,3332.98,3324.8,3331.53,4655.3009999999995,15503965.07385,2801.124,1854.177,1.5107,6.5300000000002,0.1964,946.9469999999999,4655.3009999999995,1.5107,1.0,1.0,0.2034
2026-01-14 09:55:00,3331.54,3338.6,3331.3,3334.55,8054.0419999999995,26859825.885580003,5440.737,2613.305,2.0819,3.0100000000002183,0.0903,2827.4320000000002,8054.0419999999995,2.0819,1.0,1.0,0.3511
2026-01-14 10:00:00,3334.55,3339.1,3331.53,3331.53,8640.377,28817397.26515,4449.179,4191.198,1.0616,-3.019999999999982,-0.0906,257.98099999999977,8640.377,1.0616,1.0,1.0,0.0299
2026-01-14 10:05:00,3331.53,3341.1,3331.53,3339.59,7050.75,23538996.71388,4161.892,2888.858,1.4407,8.059999999999945,0.2419,1273.0339999999997,7050.75,1.4407,1.0,1.0,0.1806
2026-01-14 10:10:00,3339.6,3358.99,3337.85,3348.85,49202.739,164845857.20405,30775.267,18427.472,1.6701,9.25,0.277,12347.794999999998,49202.739,1.6701,1.0,1.0,0.251
2026-01-14 10:15:00,3348.84,3350.8,3338.2,3338.39,18250.31,61041748.192269996,7799.702,10450.608,0.7463,-10.450000000000273,-0.312,-2650.906,18250.31,0.7463,1.0,1.0,-0.1453
2026-01-14 10:20:00,3338.39,3339.83,3335.2,3336.24,8093.326,27010418.27797,3584.167,4509.159,0.7949,-2.150000000000091,-0.0644,-924.9919999999997,8093.325999999999,0.7949,1.0,1.0,-0.1143
2026-01-14 10:25:00,3336.24,3337.17,3333.33,3336.07,12241.994,40830108.462500006,6147.954,6094.04,1.0088,-0.169999999999618,-0.0051,53.91399999999976,12241.993999999999,1.0088,1.0,1.0,0.0044
2026-01-14 10:30:00,3336.06,3338.0,3332.07,3337.08,3251.768,10844260.51634,1662.012,1589.756,1.0455,1.0199999999999818,0.0306,72.25599999999986,3251.768,1.0455,1.0,1.0,0.0222
2026-01-14 10:35:00,3337.08,3337.08,3332.35,3333.44,7148.202,23835273.87312,2729.563,4418.639,0.6177,-3.6399999999998727,-0.1091,-1689.076,7148.202,0.6177,1.0,1.0,-0.2363
2026-01-14 10:40:00,3333.44,3335.33,3332.33,3334.28,2665.262,8884778.36034,1319.829,1345.433,0.981,0.8400000000001455,0.0252,-25.604000000000042,2665.2619999999997,0.981,1.0,1.0,-0.0096
2026-01-14 10:45:00,3334.27,3335.94,3331.31,3333.14,4160.411,13869329.81548,1744.421,2415.99,0.722,-1.1300000000001091,-0.0339,-671.5689999999997,4160.411,0.722,1.0,1.0,-0.1614
2026-01-14 10:50:00,3333.15,3333.15,3319.35,3321.35,31280.379999999997,103954482.54458001,13407.477,17872.903,0.7502,-11.800000000000182,-0.354,-4465.425999999998,31280.379999999997,0.7502,1.0,1.0,-0.1428
2026-01-14 10:55:00,3321.34,3326.0,3319.69,3325.54,7311.086,24291107.448650002,4828.918,2482.168,1.9454,4.199999999999818,0.1265,2346.7499999999995,7311.085999999999,1.9454,1.0,1.0,0.321
2026-01-14 11:00:00,3325.53,3326.7,3319.99,3326.5,11127.677000000001,36987564.38015,5817.242,5310.435,1.0954,0.9699999999997999,0.0292,506.8069999999998,11127.677,1.0954,1.0,1.0,0.0455
2026-01-14 11:05:00,3326.5,3326.74,3324.12,3324.29,2702.399,8986961.29571,1354.417,1347.982,1.0048,-2.2100000000000364,-0.0664,6.434999999999945,2702.399,1.0048,1.0,1.0,0.0024
2026-01-14 11:10:00,3324.28,3326.91,3320.0,3323.78,5443.563,18088492.36697,2066.824,3376.739,0.6121,-0.5,-0.015,-1309.915,5443.563,0.6121,1.0,1.0,-0.2406
2026-01-14 11:15:00,3323.77,3328.0,3322.14,3326.24,4297.428,14293335.60505,3165.25,1132.178,2.7957,2.4699999999998,0.0743,2033.072,4297.428,2.7957,1.0,1.0,0.4731
2026-01-14 11:20:00,3326.23,3327.46,3322.4,3325.07,2344.527,7795611.25103,1028.341,1316.186,0.7813,-1.1599999999998545,-0.0349,-287.845,2344.527,0.7813,1.0,1.0,-0.1228
2026-01-14 11:25:00,3325.07,3325.52,3322.01,3323.48,2106.447,7001002.74976,1076.275,1030.172,1.0448,-1.5900000000001455,-0.0478,46.103000000000065,2106.447,1.0448,1.0,1.0,0.0219
2026-01-14 11:30:00,3323.48,3331.33,3323.47,3330.12,9739.024,32409045.18941,5879.18,3859.844,1.5232,6.639999999999873,0.1998,2019.3360000000002,9739.024000000001,1.5232,1.0,1.0,0.2073
2026-01-14 11:35:00,3330.12,3338.61,3329.25,3338.0,24117.679,80427294.19485,13644.514,10473.165,1.3028,7.880000000000109,0.2366,3171.3489999999983,24117.679,1.3028,1.0,1.0,0.1315
2026-01-14 11:40:00,3338.0,3338.9,3334.59,3338.06,8957.358,29896162.251930002,3100.788,5856.57,0.5295,0.05999999999994543,0.0018,-2755.7819999999997,8957.358,0.5295,1.0,1.0,-0.3077
2026-01-14 11:45:00,3338.06,3340.5,3336.55,3340.5,10100.743,33722215.70344,4302.092,5798.651,0.7419,2.4400000000000546,0.0731,-1496.5590000000002,10100.742999999999,0.7419,1.0,1.0,-0.1482
2026-01-14 11:50:00,3340.49,3345.75,3338.29,3343.44,18863.707,63028626.30608,10138.92,8724.787,1.1621,2.950000000000273,0.0883,1414.1329999999998,18863.707000000002,1.1621,1.0,1.0,0.075
2026-01-14 11:55:00,3343.44,3351.76,3342.8,3351.33,34057.58,114036166.17135,15376.308,18681.272,0.8231,7.889999999999873,0.236,-3304.964,34057.58,0.8231,1.0,1.0,-0.097
2026-01-14 12:00:00,3351.33,3366.66,3348.65,3352.25,48610.682,163133120.43051,26542.911,22067.771,1.2028,0.9200000000000728,0.0275,4475.139999999999,48610.682,1.2028,1.0,1.0,0.0921
2026-01-14 12:05:00,3352.26,3352.8,3341.0,3344.36,21401.721,71598285.7134,7842.104,13559.617,0.5783,-7.900000000000091,-0.2357,-5717.513,21401.721,0.5783,1.0,1.0,-0.2672
2026-01-14 12:10:00,3344.35,3346.25,3340.15,3341.7,9617.769,32159182.47664,4070.104,5547.665,0.7337,-2.650000000000091,-0.0792,-1477.5610000000001,9617.769,0.7337,1.0,1.0,-0.1536
2026-01-14 12:15:00,3341.7,3345.79,3341.01,3342.51,7017.818,23460681.8798,2810.961,4206.857,0.6682,0.8100000000004002,0.0242,-1395.8960000000002,7017.817999999999,0.6682,1.0,1.0,-0.1989
2026-01-14 12:20:00,3342.5,3345.8,3339.4,3345.47,23970.487,80160626.21259,9233.712,14736.775,0.6266,2.9699999999998,0.0889,-5503.063,23970.487,0.6266,1.0,1.0,-0.2296
2026-01-14 12:25:00,3345.46,3346.19,3342.9,3345.12,11731.258,39245038.34655,2737.438,8993.82,0.3044,-0.3400000000001455,-0.0102,-6256.382,11731.258,0.3044,1.0,1.0,-0.5333
2026-01-14 12:30:00,3345.13,3345.13,3340.01,3344.3,8068.495,26966005.83035,4968.927,3099.568,1.6031,-0.8299999999999272,-0.0248,1869.3589999999995,8068.495,1.6031,1.0,1.0,0.2317
2026-01-14 12:35:00,3344.3,3345.07,3343.0,3344.31,7684.362,25699645.198009998,3024.46,4659.902,0.649,0.009999999999763531,0.0003,-1635.442,7684.362,0.649,1.0,1.0,-0.2128
2026-01-14 12:40:00,3344.31,3344.76,3336.84,3337.42,12797.557,42742665.60115,5456.146,7341.411,0.7432,-6.889999999999873,-0.206,-1885.2650000000003,12797.557,0.7432,1.0,1.0,-0.1473
2026-01-14 12:45:00,3337.42,3339.6,3337.42,3338.82,2867.835,9574435.47541,1627.625,1240.21,1.3124,1.400000000000091,0.0419,387.41499999999996,2867.835,1.3124,1.0,1.0,0.1351
2026-01-14 12:50:00,3338.82,3339.66,3335.41,3338.41,4931.7,16456844.95208,2698.778,2232.922,1.2086,-0.41000000000030923,-0.0123,465.85599999999977,4931.7,1.2086,1.0,1.0,0.0945
2026-01-14 12:55:00,3338.41,3339.72,3336.67,3338.18,5052.17,16866241.61293,3428.812,1623.358,2.1122,-0.2300000000000182,-0.0069,1805.454,5052.17,2.1122,1.0,1.0,0.3574
2026-01-14 13:00:00,3338.18,3338.19,3333.51,3337.18,7003.299999999999,23359568.20513,3000.693,4002.607,0.7497,-1.0,-0.03,-1001.9139999999998,7003.3,0.7497,1.0,1.0,-0.1431
2026-01-14 13:05:00,3337.19,3338.85,3333.66,3333.94,3466.393,11565154.28578,1616.813,1849.58,0.8742,-3.25,-0.0974,-232.76699999999983,3466.393,0.8742,1.0,1.0,-0.0671
2026-01-14 13:10:00,3333.95,3336.0,3333.68,3335.26,4541.757,15145798.5918,2594.478,1947.279,1.3324,1.3100000000004002,0.0393,647.1990000000001,4541.757,1.3324,1.0,1.0,0.1425
2026-01-14 13:15:00,3335.25,3336.77,3333.01,3336.6,4432.063,14778836.42674,2447.434,1984.629,1.2332,1.349999999999909,0.0405,462.8050000000003,4432.063,1.2332,1.0,1.0,0.1044
2026-01-14 13:20:00,3336.61,3337.06,3326.84,3327.05,14550.279999999999,48446676.30622,6534.314,8015.966,0.8152,-9.559999999999945,-0.2865,-1481.652,14550.28,0.8152,1.0,1.0,-0.1018
2026-01-14 13:25:00,3327.04,3331.61,3325.11,3327.42,8205.21,27305739.229489997,4833.711,3371.499,1.4337,0.38000000000010914,0.0114,1462.2120000000004,8205.21,1.4337,1.0,1.0,0.1782
2026-01-14 13:30:00,3327.41,3331.34,3325.0,3331.34,5461.6,18174540.99098,2936.362,2525.238,1.1628,3.930000000000291,0.1181,411.12400000000025,5461.6,1.1628,1.0,1.0,0.0753
2026-01-14 13:35:00,3331.34,3339.4,3330.77,3336.01,8318.007,27736627.55085,5245.263,3072.744,1.707,4.670000000000073,0.1402,2172.519,8318.007,1.707,1.0,1.0,0.2612
2026-01-14 13:40:00,3336.0,3337.99,3331.03,3331.43,6291.438,20977858.93219,2896.025,3395.413,0.8529,-4.570000000000164,-0.137,-499.3879999999999,6291.438,0.8529,1.0,1.0,-0.0794
2026-01-14 13:45:00,3331.43,3336.88,3331.01,3331.98,3695.339,12319081.43651,1716.764,1978.575,0.8677,0.5500000000001819,0.0165,-261.81100000000015,3695.339,0.8677,1.0,1.0,-0.0708
2026-01-14 13:50:00,3331.98,3334.15,3330.41,3330.66,2551.538,8502104.42788,982.761,1568.777,0.6265,-1.3200000000001637,-0.0396,-586.0160000000001,2551.538,0.6265,1.0,1.0,-0.2297
2026-01-14 13:55:00,3330.65,3331.0,3328.35,3329.82,3026.2529999999997,10076348.15208,913.247,2113.006,0.4322,-0.8299999999999272,-0.0249,-1199.759,3026.2529999999997,0.4322,1.0,1.0,-0.3965
2026-01-14 14:00:00,3329.83,3329.83,3324.46,3328.62,6073.757,20205278.33608,2311.122,3762.635,0.6142,-1.2100000000000364,-0.0363,-1451.5130000000004,6073.757,0.6142,1.0,1.0,-0.239
2026-01-14 14:05:00,3328.62,3328.62,3322.32,3325.41,8510.931,28296996.67226,4201.001,4309.93,0.9747,-3.2100000000000364,-0.0964,-108.92900000000009,8510.931,0.9747,1.0,1.0,-0.0128
2026-01-14 14:10:00,3325.4,3330.0,3322.04,3328.46,7328.187,24373185.484240003,3853.954,3474.233,1.1093,3.0599999999999454,0.092,379.721,7328.187,1.1093,1.0,1.0,0.0518
2026-01-14 14:15:00,3328.46,3329.92,3324.0,3324.36,3344.474,11124863.22044,1674.348,1670.126,1.0025,-4.099999999999909,-0.1232,4.22199999999998,3344.474,1.0025,1.0,1.0,0.0013
2026-01-14 14:20:00,3324.37,3325.1,3321.45,3323.0,5210.096,17315429.93516,2492.518,2717.578,0.9172,-1.3699999999998909,-0.0412,-225.05999999999995,5210.096,0.9172,1.0,1.0,-0.0432
2026-01-14 14:25:00,3323.0,3324.82,3322.0,3322.12,5537.079,18400498.9516,2991.292,2545.787,1.175,-0.8800000000001091,-0.0265,445.5050000000001,5537.079,1.175,1.0,1.0,0.0805
2026-01-14 14:30:00,3322.12,3326.5,3322.12,3325.6,5165.044,17170616.13493,2978.881,2186.163,1.3626,3.480000000000018,0.1048,792.7179999999998,5165.044,1.3626,1.0,1.0,0.1535
2026-01-14 14:35:00,3325.6,3329.25,3322.17,3328.0,7287.287,24237185.69368,4128.46,3158.827,1.307,2.400000000000091,0.0722,969.6329999999998,7287.287,1.307,1.0,1.0,0.1331
2026-01-14 14:40:00,3328.0,3333.67,3328.0,3333.09,5212.134,17362152.940619998,3344.395,1867.739,1.7906,5.0900000000001455,0.1529,1476.656,5212.134,1.7906,1.0,1.0,0.2833
2026-01-14 14:45:00,3333.1,3335.4,3331.01,3331.13,6566.705,21891069.71153,3239.468,3327.237,0.9736,-1.9699999999998,-0.0591,-87.76900000000023,6566.705,0.9736,1.0,1.0,-0.0134
2026-01-14 14:50:00,3331.13,3333.27,3330.44,3331.6,2780.471,9264743.65158,1358.691,1421.78,0.9556,0.4699999999997999,0.0141,-63.08899999999994,2780.471,0.9556,1.0,1.0,-0.0227
2026-01-14 14:55:00,3331.59,3333.84,3331.14,3333.79,4721.107,15733606.64326,2756.244,1964.863,1.4028,2.199999999999818,0.066,791.3810000000001,4721.107,1.4028,1.0,1.0,0.1676
2026-01-14 15:00:00,3333.78,3342.53,3331.36,3338.19,12068.402,40268933.32432,7818.303,4250.099,1.8396,4.4099999999998545,0.1323,3568.2039999999997,12068.402,1.8396,1.0,1.0,0.2957
2026-01-14 15:05:00,3338.2,3341.85,3333.64,3334.7,13196.392,44058727.519439995,5765.634,7430.758,0.7759,-3.5,-0.1048,-1665.1239999999998,13196.392,0.7759,1.0,1.0,-0.1262
2026-01-14 15:10:00,3334.7,3336.08,3331.13,3332.57,4260.360000000001,14201271.83454,1415.652,2844.708,0.4976,-2.1299999999996544,-0.0639,-1429.056,4260.360000000001,0.4976,1.0,1.0,-0.3354
2026-01-14 15:15:00,3332.57,3336.79,3331.79,3333.47,3994.158,13316324.50494,2294.911,1699.247,1.3505,0.8999999999996362,0.027,595.664,3994.1580000000004,1.3505,1.0,1.0,0.1491
2026-01-14 15:20:00,3333.48,3337.0,3331.66,3336.66,2549.2039999999997,8501755.36609,1478.952,1070.252,1.3819,3.1799999999998363,0.0954,408.70000000000005,2549.2039999999997,1.3819,1.0,1.0,0.1603
2026-01-14 15:25:00,3336.66,3338.26,3329.58,3330.89,5526.866,18417893.62725,1451.677,4075.189,0.3562,-5.769999999999982,-0.1729,-2623.5119999999997,5526.866,0.3562,1.0,1.0,-0.4747
2026-01-14 15:30:00,3330.89,3331.18,3328.0,3329.99,3810.954,12686907.79296,1784.428,2026.526,0.8805,-0.900000000000091,-0.027,-242.09799999999996,3810.954,0.8805,1.0,1.0,-0.0635
2026-01-14 15:35:00,3330.0,3331.73,3327.01,3327.26,4541.844,15119188.38653,2231.162,2310.682,0.9656,-2.7399999999997817,-0.0823,-79.51999999999998,4541.843999999999,0.9656,1.0,1.0,-0.0175
2026-01-14 15:40:00,3327.25,3330.63,3326.6,3329.46,3750.6980000000003,12483991.916930001,1861.693,1889.005,0.9855,2.2100000000000364,0.0664,-27.312000000000126,3750.6980000000003,0.9855,1.0,1.0,-0.0073
2026-01-14 15:45:00,3329.45,3337.44,3329.27,3335.74,6057.055,20194768.77044,3952.312,2104.743,1.8778,6.289999999999964,0.1889,1847.569,6057.055,1.8778,1.0,1.0,0.305
2026-01-14 15:50:00,3335.74,3337.0,3333.47,3333.47,5097.905,17000057.1103,3221.202,1876.703,1.7164,-2.269999999999982,-0.0681,1344.4990000000003,5097.905000000001,1.7164,1.0,1.0,0.2637
2026-01-14 15:55:00,3333.48,3335.89,3332.86,3335.0,2507.574,8360756.27411,1145.772,1361.802,0.8414,1.5199999999999818,0.0456,-216.02999999999997,2507.5739999999996,0.8414,1.0,1.0,-0.0862
2026-01-14 16:00:00,3335.0,3340.94,3334.29,3337.39,8321.317,27777154.870120004,4809.162,3512.155,1.3693,2.3899999999998727,0.0717,1297.007,8321.317000000001,1.3693,1.0,1.0,0.1559
2026-01-14 16:05:00,3337.4,3338.99,3335.08,3336.25,3743.237,12491058.25392,1537.388,2205.849,0.697,-1.150000000000091,-0.0345,-668.4610000000002,3743.237,0.697,1.0,1.0,-0.1786
2026-01-14 16:10:00,3336.26,3340.63,3335.81,3340.02,4514.6900000000005,15075863.328990001,2634.9,1879.79,1.4017,3.7599999999997635,0.1127,755.1100000000001,4514.6900000000005,1.4017,1.0,1.0,0.1673
2026-01-14 16:15:00,3340.02,3342.68,3337.41,3337.41,7516.662,25106777.11055,3549.576,3967.086,0.8948,-2.6100000000001273,-0.0781,-417.50999999999976,7516.662,0.8948,1.0,1.0,-0.0555
2026-01-14 16:20:00,3337.41,3339.96,3336.72,3337.01,2267.076,7567938.08142,1250.569,1016.507,1.2303,-0.3999999999996362,-0.012,234.062,2267.076,1.2303,1.0,1.0,0.1032
2026-01-14 16:25:00,3337.01,3337.79,3335.7,3335.85,1748.93,5835879.750940001,869.616,879.314,0.989,-1.1600000000003092,-0.0348,-9.697999999999979,1748.9299999999998,0.989,1.0,1.0,-0.0055
2026-01-14 16:30:00,3335.86,3336.59,3330.46,3331.0,9725.130000000001,32424557.078160003,2417.884,7307.246,0.3309,-4.860000000000127,-0.1457,-4889.362,9725.130000000001,0.3309,1.0,1.0,-0.5028
2026-01-14 16:35:00,3331.0,3332.5,3328.08,3329.28,8082.272,26914848.13473,4093.361,3988.911,1.0262,-1.7199999999998,-0.0516,104.44999999999982,8082.272,1.0262,1.0,1.0,0.0129
2026-01-14 16:40:00,3329.28,3329.28,3326.19,3326.61,8615.018,28663463.99758,3194.211,5420.807,0.5893,-2.6700000000000728,-0.0802,-2226.596,8615.018,0.5893,1.0,1.0,-0.2585
2026-01-14 16:45:00,3326.61,3328.59,3326.6,3327.51,5631.49,18739503.71777,3224.473,2407.017,1.3396,0.900000000000091,0.0271,817.4560000000001,5631.49,1.3396,1.0,1.0,0.1452
2026-01-14 16:50:00,3327.51,3329.87,3326.67,3327.01,4093.895,13624946.96266,2016.053,2077.842,0.9703,-0.5,-0.015,-61.78899999999999,4093.8950000000004,0.9703,1.0,1.0,-0.0151
2026-01-14 16:55:00,3327.0,3329.0,3326.34,3326.35,4314.29,14356474.91434,2336.167,1978.123,1.181,-0.650000000000091,-0.0195,358.04399999999987,4314.29,1.181,1.0,1.0,0.083
2026-01-14 17:00:00,3326.36,3329.66,3326.23,3328.16,4208.697,14008047.17877,2016.972,2191.725,0.9203,1.7999999999997272,0.0541,-174.75299999999993,4208.697,0.9203,1.0,1.0,-0.0415
2026-01-14 17:05:00,3328.16,3332.12,3327.12,3328.59,3411.744,11360646.18453,2309.196,1102.548,2.0944,0.43000000000029104,0.0129,1206.648,3411.7439999999997,2.0944,1.0,1.0,0.3537
2026-01-14 17:10:00,3328.61,3332.46,3328.0,3330.23,4094.5730000000003,13638262.80817,2495.382,1599.191,1.5604,1.6199999999998909,0.0487,896.191,4094.5730000000003,1.5604,1.0,1.0,0.2189
2026-01-14 17:15:00,3330.23,3331.29,3329.1,3330.8,1982.158,6600909.95357,1171.446,810.712,1.445,0.5700000000001637,0.0171,360.7339999999999,1982.158,1.445,1.0,1.0,0.182
2026-01-14 17:20:00,3330.81,3332.0,3328.5,3331.82,3531.626,11760374.02944,1035.926,2495.7,0.4151,1.0100000000002183,0.0303,-1459.774,3531.6259999999997,0.4151,1.0,1.0,-0.4133
2026-01-14 17:25:00,3331.82,3333.6,3329.42,3330.9,3558.679,11857207.79731,1273.489,2285.19,0.5573,-0.9200000000000728,-0.0276,-1011.701,3558.679,0.5573,1.0,1.0,-0.2843
2026-01-14 17:30:00,3330.9,3333.33,3330.14,3333.33,2131.093,7100150.04465,861.629,1269.464,0.6787,2.4299999999998363,0.073,-407.8349999999999,2131.093,0.6787,1.0,1.0,-0.1914
2026-01-14 17:35:00,3333.33,3334.86,3330.56,3330.99,3450.146,11498969.86805,1700.56,1749.586,0.972,-2.3400000000001455,-0.0702,-49.02600000000007,3450.1459999999997,0.972,1.0,1.0,-0.0142
2026-01-14 17:40:00,3330.99,3330.99,3329.0,3329.52,1550.308,5162469.90441,630.318,919.99,0.6851,-1.4699999999998,-0.0441,-289.672,1550.308,0.6851,1.0,1.0,-0.1868
2026-01-14 17:45:00,3329.52,3330.84,3327.5,3329.67,2166.125,7211431.4508299995,1169.499,996.626,1.1735,0.15000000000009095,0.0045,172.87300000000005,2166.125,1.1735,1.0,1.0,0.0798
2026-01-14 17:50:00,3329.66,3330.16,3324.0,3324.01,7420.014999999999,24674084.06011,3516.703,3903.312,0.901,-5.649999999999636,-0.1697,-386.6089999999999,7420.014999999999,0.901,1.0,1.0,-0.0521
2026-01-14 17:55:00,3324.0,3327.65,3324.0,3327.64,2468.7000000000003,8211274.651149999,1460.961,1007.739,1.4497,3.6399999999998727,0.1095,453.222,2468.7,1.4497,1.0,1.0,0.1836
2026-01-14 18:00:00,3327.65,3329.05,3326.33,3327.23,3148.59,10477928.27847,1166.582,1982.008,0.5886,-0.42000000000007276,-0.0126,-815.4259999999999,3148.59,0.5886,1.0,1.0,-0.259
2026-01-14 18:05:00,3327.24,3328.44,3325.7,3328.09,1796.335,5976300.51897,1113.33,683.005,1.63,0.8500000000003638,0.0255,430.32499999999993,1796.335,1.63,1.0,1.0,0.2396
2026-01-14 18:10:00,3328.09,3332.97,3328.09,3331.2,8403.211000000001,27987809.39846,6084.865,2318.346,2.6247,3.1099999999996726,0.0934,3766.519,8403.211,2.6247,1.0,1.0,0.4482
2026-01-14 18:15:00,3331.2,3332.83,3326.38,3326.38,3611.257,12029489.55697,1391.072,2220.185,0.6266,-4.819999999999709,-0.1447,-829.113,3611.2569999999996,0.6266,1.0,1.0,-0.2296
2026-01-14 18:20:00,3326.38,3326.39,3306.49,3313.0,61000.714,202193222.29912,27115.33,33885.384,0.8002,-13.38000000000011,-0.4022,-6770.053999999996,61000.714,0.8002,1.0,1.0,-0.111
2026-01-14 18:25:00,3313.01,3315.3,3306.71,3314.52,17590.769,58245549.33791,9888.873,7701.896,1.284,1.5099999999997635,0.0456,2186.977,17590.769,1.284,1.0,1.0,0.1243
2026-01-14 18:30:00,3314.53,3317.75,3310.5,3310.71,11531.269,38216611.01912,7257.724,4273.545,1.6983,-3.8200000000001637,-0.1153,2984.179,11531.269,1.6983,1.0,1.0,0.2588
2026-01-14 18:35:00,3310.71,3313.0,3303.37,3312.2,15484.494,51219844.397140004,7686.544,7797.95,0.9857,1.4899999999997817,0.045,-111.40599999999995,15484.493999999999,0.9857,1.0,1.0,-0.0072
2026-01-14 18:40:00,3312.21,3315.1,3311.22,3312.4,5828.534,19310111.520740002,3132.289,2696.245,1.1617,0.19000000000005457,0.0057,436.0440000000003,5828.534,1.1617,1.0,1.0,0.0748
2026-01-14 18:45:00,3312.4,3316.0,3312.11,3315.43,6198.454,20540833.55271,4160.768,2037.686,2.0419,3.0299999999997453,0.0915,2123.0820000000003,6198.454,2.0419,1.0,1.0,0.3425
2026-01-14 18:50:00,3315.43,3318.62,3315.25,3316.39,8078.12,26796318.76801,3850.011,4228.109,0.9106,0.9600000000000364,0.029,-378.0980000000004,8078.120000000001,0.9106,1.0,1.0,-0.0468
2026-01-14 18:55:00,3316.39,3316.7,3312.0,3312.28,6938.4710000000005,22997723.74782,2174.076,4764.395,0.4563,-4.109999999999673,-0.1239,-2590.3190000000004,6938.4710000000005,0.4563,1.0,1.0,-0.3733
2026-01-14 19:00:00,3312.28,3312.85,3306.42,3306.42,10906.51,36096591.77689,3924.557,6981.953,0.5621,-5.860000000000127,-0.1769,-3057.3960000000006,10906.51,0.5621,1.0,1.0,-0.2803
2026-01-14 19:05:00,3306.42,3310.45,3305.93,3307.42,7503.093,24816101.262560003,3739.952,3763.141,0.9938,1.0,0.0302,-23.18899999999985,7503.093000000001,0.9938,1.0,1.0,-0.0031
2026-01-14 19:10:00,3307.41,3307.41,3293.75,3298.25,46545.918,153501801.97526,16576.041,29969.877,0.5531,-9.159999999999854,-0.277,-13393.836,46545.918000000005,0.5531,1.0,1.0,-0.2878
2026-01-14 19:15:00,3298.21,3298.21,3290.2,3292.43,19145.029,63075870.80787,8745.089,10399.94,0.8409,-5.7800000000002,-0.1752,-1654.8510000000006,19145.029000000002,0.8409,1.0,1.0,-0.0864
2026-01-14 19:20:00,3292.43,3297.8,3292.42,3296.7,11451.139000000001,37737409.15758,7241.429,4209.71,1.7202,4.269999999999982,0.1297,3031.719,11451.139,1.7202,1.0,1.0,0.2648
2026-01-14 19:25:00,3296.69,3298.97,3295.9,3297.15,6432.629,21211209.09378,4007.977,2424.652,1.653,0.4600000000000364,0.014,1583.3249999999998,6432.629,1.653,1.0,1.0,0.2461
2026-01-14 19:30:00,3297.14,3298.94,3291.33,3293.3,11923.048999999999,39293923.10093,4820.476,7102.573,0.6787,-3.8399999999996908,-0.1165,-2282.0970000000007,11923.048999999999,0.6787,1.0,1.0,-0.1914
2026-01-14 19:35:00,3293.3,3294.0,3287.4,3293.44,18102.605,59556372.344060004,7497.194,10605.411,0.7069,0.13999999999987267,0.0043,-3108.2169999999996,18102.605,0.7069,1.0,1.0,-0.1717
2026-01-14 19:40:00,3293.43,3293.44,3286.49,3289.07,9458.298,31107823.66882,3586.764,5871.534,0.6109,-4.359999999999673,-0.1324,-2284.7699999999995,9458.297999999999,0.6109,1.0,1.0,-0.2416
2026-01-14 19:45:00,3289.07,3290.78,3282.0,3288.0,18310.003,60168509.4816,6970.793,11339.21,0.6148,-1.0700000000001637,-0.0325,-4368.4169999999995,18310.002999999997,0.6148,1.0,1.0,-0.2386
2026-01-14 19:50:00,3288.0,3288.0,3283.3,3286.05,12248.740000000002,40251942.00208,7409.187,4839.553,1.531,-1.949999999999818,-0.0593,2569.634,12248.74,1.531,1.0,1.0,0.2098
2026-01-14 19:55:00,3286.07,3288.5,3281.59,3285.55,11101.946,36463816.78659,4744.994,6356.952,0.7464,-0.5199999999999818,-0.0158,-1611.9580000000005,11101.946,0.7464,1.0,1.0,-0.1452
2026-01-14 20:00:00,3285.55,3289.6,3278.15,3289.24,24178.969,79412510.68765,11209.787,12969.182,0.8643,3.6899999999996,0.1123,-1759.3950000000004,24178.969,0.8643,1.0,1.0,-0.0728
2026-01-14 20:05:00,3289.24,3294.96,3289.23,3291.21,19695.759000000002,64841570.97379,11491.45,8204.309,1.4007,1.9700000000002547,0.0599,3287.1410000000014,19695.759,1.4007,1.0,1.0,0.1669
2026-01-14 20:10:00,3291.2,3297.54,3291.2,3295.23,11876.217999999999,39134488.81225,7628.868,4247.35,1.7961,4.0300000000002,0.1224,3381.518,11876.218,1.7961,1.0,1.0,0.2847
2026-01-14 20:15:00,3295.23,3295.62,3292.0,3293.5,4649.177,15311414.17034,2103.48,2545.697,0.8263,-1.7300000000000182,-0.0525,-442.2170000000001,4649.177,0.8263,1.0,1.0,-0.0951
2026-01-14 20:20:00,3293.49,3298.35,3291.24,3295.5,8815.386,29051160.60504,5196.547,3618.839,1.436,2.0100000000002183,0.061,1577.7079999999996,8815.385999999999,1.436,1.0,1.0,0.179
2026-01-14 20:25:00,3295.49,3297.01,3292.48,3293.4,3488.815,11493673.76425,1474.742,2014.073,0.7322,-2.0899999999996908,-0.0634,-539.3310000000001,3488.815,0.7322,1.0,1.0,-0.1546
2026-01-14 20:30:00,3293.39,3294.85,3288.63,3292.0,9408.184,30965190.8495,3286.741,6121.443,0.5369,-1.3899999999998727,-0.0422,-2834.702,9408.184000000001,0.5369,1.0,1.0,-0.3013
2026-01-14 20:35:00,3292.0,3298.59,3291.99,3297.87,6015.022,19824264.12866,4385.485,1629.537,2.6912,5.869999999999891,0.1783,2755.9479999999994,6015.022,2.6912,1.0,1.0,0.4582
2026-01-14 20:40:00,3297.88,3297.88,3293.24,3293.75,2964.033,9769026.69698,1247.952,1716.081,0.7272,-4.130000000000109,-0.1252,-468.1289999999999,2964.033,0.7272,1.0,1.0,-0.1579
2026-01-14 20:45:00,3293.74,3295.01,3292.22,3295.0,2740.445,9025492.693020001,1068.462,1671.983,0.639,1.2600000000002183,0.0383,-603.521,2740.4449999999997,0.639,1.0,1.0,-0.2202
2026-01-14 20:50:00,3295.0,3295.89,3292.8,3295.65,2334.462,7690264.0336,1108.542,1225.92,0.9043,0.650000000000091,0.0197,-117.37800000000016,2334.462,0.9043,1.0,1.0,-0.0503
2026-01-14 20:55:00,3295.64,3296.0,3294.41,3295.47,2136.891,7041657.6781399995,1114.844,1022.047,1.0908,-0.17000000000007276,-0.0052,92.79700000000003,2136.891,1.0908,1.0,1.0,0.0434
2026-01-14 21:00:00,3295.48,3296.5,3291.03,3291.35,5549.472,18280660.70881,2296.315,3253.157,0.7059,-4.130000000000109,-0.1253,-956.8420000000001,5549.472,0.7059,1.0,1.0,-0.1724
2026-01-14 21:05:00,3291.35,3295.78,3288.2,3293.73,11595.8,38162460.82026,5472.618,6123.182,0.8938,2.380000000000109,0.0723,-650.5639999999994,11595.8,0.8938,1.0,1.0,-0.0561
2026-01-14 21:10:00,3293.73,3295.5,3292.16,3293.54,2221.24,7316975.60259,1306.938,914.302,1.4294,-0.19000000000005457,-0.0058,392.6360000000001,2221.2400000000002,1.4294,1.0,1.0,0.1768
2026-01-14 21:15:00,3293.55,3298.0,3292.43,3297.8,5925.043,19529568.28507,3694.754,2230.289,1.6566,4.25,0.129,1464.4649999999997,5925.043,1.6566,1.0,1.0,0.2472
2026-01-14 21:20:00,3297.8,3309.99,3297.7,3299.77,34665.548,114523579.17276001,21792.769,12872.779,1.6929,1.9699999999998,0.0597,8919.99,34665.548,1.6929,1.0,1.0,0.2573
2026-01-14 21:25:00,3299.76,3305.99,3298.01,3305.0,9945.453,32840402.87681,5643.491,4301.962,1.3118,5.239999999999782,0.1588,1341.5289999999995,9945.453000000001,1.3118,1.0,1.0,0.1349
2026-01-14 21:30:00,3305.0,3307.11,3298.75,3298.91,11324.41,37398513.9313,3931.216,7393.194,0.5317,-6.0900000000001455,-0.1843,-3461.9780000000005,11324.41,0.5317,1.0,1.0,-0.3057
2026-01-14 21:35:00,3298.9,3302.85,3297.0,3299.83,5495.996999999999,18137170.444849998,2377.126,3118.871,0.7622,0.9299999999998363,0.0282,-741.7449999999999,5495.997,0.7622,1.0,1.0,-0.135
2026-01-14 21:40:00,3299.83,3302.79,3299.02,3301.25,3421.52,11293593.68299,1884.197,1537.323,1.2256,1.4200000000000728,0.043,346.8739999999998,3421.52,1.2256,1.0,1.0,0.1014
2026-01-14 21:45:00,3301.24,3302.85,3295.01,3297.99,6941.0560000000005,22889236.48473,2527.693,4413.363,0.5727,-3.25,-0.0984,-1885.67,6941.0560000000005,0.5727,1.0,1.0,-0.2717
2026-01-14 21:50:00,3298.0,3299.0,3296.41,3297.22,4976.279,16410437.37956,1730.604,3245.675,0.5332,-0.7800000000002001,-0.0237,-1515.0710000000001,4976.279,0.5332,1.0,1.0,-0.3045
2026-01-14 21:55:00,3297.22,3302.3,3297.22,3301.89,4401.067,14525902.63613,3193.772,1207.295,2.6454,4.670000000000073,0.1416,1986.4769999999999,4401.067,2.6454,1.0,1.0,0.4514
2026-01-14 22:00:00,3301.89,3308.01,3301.0,3307.41,11178.757000000001,36946802.042830005,5765.135,5413.622,1.0649,5.519999999999982,0.1672,351.5129999999999,11178.757000000001,1.0649,1.0,1.0,0.0314
2026-01-14 22:05:00,3307.41,3313.48,3305.23,3309.89,16225.330999999998,53705160.887669995,10588.558,5636.773,1.8785,2.480000000000018,0.075,4951.785000000001,16225.331000000002,1.8785,1.0,1.0,0.3052
2026-01-14 22:10:00,3309.9,3312.5,3308.21,3310.29,15233.85,50432806.53659,8921.802,6312.048,1.4135,0.38999999999987267,0.0118,2609.754,15233.849999999999,1.4135,1.0,1.0,0.1713
2026-01-14 22:15:00,3310.29,3330.69,3309.03,3316.0,51272.773,170204491.7342,30294.041,20978.732,1.444,5.710000000000036,0.1725,9315.309000000001,51272.773,1.444,1.0,1.0,0.1817
2026-01-14 22:20:00,3316.0,3324.9,3313.8,3322.44,21221.451,70439115.69707,11023.253,10198.198,1.0809,6.440000000000055,0.1942,825.0550000000003,21221.451,1.0809,1.0,1.0,0.0389
2026-01-14 22:25:00,3322.44,3324.12,3313.37,3315.46,15942.364,52902522.994389996,6953.791,8988.573,0.7736,-6.980000000000018,-0.2101,-2034.7820000000002,15942.364000000001,0.7736,1.0,1.0,-0.1276
2026-01-14 22:30:00,3315.47,3320.99,3307.01,3316.25,30568.185999999998,101287251.91943,12392.652,18175.534,0.6818,0.7800000000002001,0.0235,-5782.882,30568.186,0.6818,1.0,1.0,-0.1892
2026-01-14 22:35:00,3316.25,3329.67,3312.0,3324.67,28168.431000000004,93582934.58969,14600.866,13567.565,1.0762,8.420000000000073,0.2539,1033.3009999999995,28168.431,1.0762,1.0,1.0,0.0367
2026-01-14 22:40:00,3324.67,3327.79,3317.33,3319.56,28311.63,94078388.45479,13228.032,15083.598,0.877,-5.110000000000127,-0.1537,-1855.5660000000007,28311.629999999997,0.877,1.0,1.0,-0.0655
2026-01-14 22:45:00,3319.56,3343.13,3318.5,3340.23,97209.863,324199606.16652,54663.452,42546.411,1.2848,20.670000000000073,0.6227,12117.040999999997,97209.863,1.2848,1.0,1.0,0.1246
2026-01-14 22:50:00,3340.23,3357.33,3333.54,3354.3,88170.772,295104963.58615005,50628.704,37542.068,1.3486,14.070000000000164,0.4212,13086.635999999999,88170.772,1.3486,1.0,1.0,0.1484
2026-01-14 22:55:00,3354.31,3354.69,3343.5,3347.42,38454.653,128773376.23586,16110.574,22344.079,0.721,-6.889999999999873,-0.2054,-6233.505000000001,38454.653000000006,0.721,1.0,1.0,-0.1621
2026-01-14 23:00:00,3347.42,3347.88,3326.01,3332.31,69566.723,231963014.67268,32824.479,36742.244,0.8934,-15.110000000000127,-0.4514,-3917.7649999999994,69566.723,0.8934,1.0,1.0,-0.0563
2026-01-14 23:05:00,3332.31,3344.21,3332.31,3340.66,25080.698,83719315.72215,14473.59,10607.108,1.3645,8.349999999999909,0.2506,3866.482,25080.698,1.3645,1.0,1.0,0.1542
2026-01-14 23:10:00,3340.67,3362.38,3338.59,3358.93,59787.704,200590786.95416,34212.476,25575.228,1.3377,18.259999999999764,0.5466,8637.248000000003,59787.704,1.3377,1.0,1.0,0.1445
2026-01-14 23:15:00,3358.94,3359.76,3348.38,3353.38,34784.313,116600941.59625,14416.308,20368.005,0.7078,-5.559999999999945,-0.1655,-5951.697,34784.313,0.7078,1.0,1.0,-0.1711
2026-01-14 23:20:00,3353.38,3356.64,3349.66,3354.07,11760.391,39433745.915309995,4854.526,6905.865,0.703,0.6900000000000546,0.0206,-2051.339,11760.391,0.703,1.0,1.0,-0.1744
2026-01-14 23:25:00,3354.13,3356.6,3348.0,3348.27,13473.608,45165935.867259994,5745.668,7727.94,0.7435,-5.860000000000127,-0.1747,-1982.272,13473.608,0.7435,1.0,1.0,-0.1471
2026-01-14 23:30:00,3348.27,3354.44,3341.07,3353.76,23594.713,78935837.53442,11755.063,11839.65,0.9929,5.4900000000002365,0.164,-84.58699999999953,23594.713,0.9929,1.0,1.0,-0.0036
2026-01-14 23:35:00,3353.76,3358.42,3336.14,3343.36,33290.408,111374313.96959001,15439.188,17851.22,0.8649,-10.400000000000091,-0.3101,-2412.032000000001,33290.408,0.8649,1.0,1.0,-0.0725
2026-01-14 23:40:00,3343.36,3343.37,3333.36,3334.31,15340.421999999999,51197878.28965,6373.878,8966.544,0.7109,-9.050000000000182,-0.2707,-2592.666,15340.421999999999,0.7109,1.0,1.0,-0.169
2026-01-14 23:45:00,3334.3,3341.89,3329.0,3338.98,16672.459,55613309.26336,9239.818,7432.641,1.2431,4.679999999999836,0.1404,1807.1769999999997,16672.459,1.2431,1.0,1.0,0.1084
2026-01-14 23:50:00,3338.98,3342.35,3333.19,3342.35,9229.848,30812755.11956,4662.011,4567.837,1.0206,3.369999999999891,0.1009,94.17399999999998,9229.848000000002,1.0206,1.0,1.0,0.0102
2026-01-14 23:55:00,3342.35,3346.66,3342.26,3344.1,10491.215,35086087.38533,6126.974,4364.241,1.4039,1.75,0.0524,1762.7330000000002,10491.215,1.4039,1.0,1.0,0.168
2026-01-15 00:00:00,3344.1,3354.78,3343.77,3350.9,17705.586,59306568.14073,10479.713,7225.873,1.4503,6.800000000000182,0.2033,3253.84,17705.586,1.4503,1.0,1.0,0.1838
2026-01-15 00:05:00,3350.91,3362.85,3344.5,3361.09,32420.917999999998,108774406.19395,18976.804,13415.511,1.4145,10.180000000000291,0.3038,5561.293,32392.315000000002,1.4145,1.0009,0.9991,0.1717
2026-01-15 00:10:00,3361.09,3372.95,3357.13,3367.37,58980.142,198504326.64063,33325.842,25682.903,1.2976,6.279999999999745,0.1868,7642.9389999999985,59008.744999999995,1.2976,0.9995,1.0005,0.1295
2026-01-15 00:15:00,3367.37,3371.56,3360.28,3365.29,22991.610999999997,77354645.70276001,8365.274,14626.337,0.5719,-2.0799999999999272,-0.0618,-6261.063,22991.610999999997,0.5719,1.0,1.0,-0.2723
2026-01-15 00:20:00,3365.29,3374.16,3362.95,3366.21,29838.03,100556017.69082999,15296.121,14541.909,1.0519,0.9200000000000728,0.0273,754.2119999999995,29838.03,1.0519,1.0,1.0,0.0253
2026-01-15 00:25:00,3366.21,3374.0,3364.0,3374.0,14358.802,48376705.63772,7890.304,6468.498,1.2198,7.789999999999964,0.2314,1421.8060000000005,14358.802,1.2198,1.0,1.0,0.099
2026-01-15 00:30:00,3373.99,3403.44,3372.25,3378.61,144973.43600000002,491158394.67658,86560.606,58412.83,1.4819,4.620000000000346,0.1369,28147.775999999998,144973.436,1.4819,1.0,1.0,0.1942
2026-01-15 00:35:00,3378.61,3391.56,3367.29,3390.01,55656.971,187956179.41086,26084.811,29572.16,0.8821,11.400000000000091,0.3374,-3487.3489999999983,55656.971000000005,0.8821,1.0,1.0,-0.0627
2026-01-15 00:40:00,3390.01,3390.01,3379.23,3383.74,22750.961,77033033.12292,8257.084,14493.877,0.5697,-6.270000000000437,-0.185,-6236.793,22750.961000000003,0.5697,1.0,1.0,-0.2741
2026-01-15 00:45:00,3383.74,3390.0,3378.0,3381.35,19731.075,66746820.73335,10097.974,9633.101,1.0483,-2.3899999999998727,-0.0706,464.8729999999996,19731.075,1.0483,1.0,1.0,0.0236
2026-01-15 00:50:00,3381.36,3382.56,3370.36,3373.33,18163.521,61310531.03825,7067.214,11096.307,0.6369,-8.0300000000002,-0.2375,-4029.0930000000008,18163.521,0.6369,1.0,1.0,-0.2218
2026-01-15 00:55:00,3373.33,3373.33,3361.27,3368.78,49869.933,167858607.71214,22412.549,27457.384,0.8163,-4.549999999999727,-0.1349,-5044.834999999999,49869.933,0.8163,1.0,1.0,-0.1012
2026-01-15 01:00:00,3368.78,3373.68,3362.22,3367.29,18320.989,61705737.06769,9771.331,8549.658,1.1429,-1.4900000000002365,-0.0442,1221.6730000000007,18320.989,1.1429,1.0,1.0,0.0667
2026-01-15 01:05:00,3367.29,3375.16,3366.91,3374.28,12898.607,43484337.007699996,6835.593,6063.014,1.1274,6.9900000000002365,0.2076,772.5789999999997,12898.607,1.1274,1.0,1.0,0.0599
2026-01-15 01:10:00,3374.28,3379.99,3369.82,3376.37,12565.275,42408195.0667,7849.477,4715.798,1.6645,2.0899999999996908,0.0619,3133.679,12565.275,1.6645,1.0,1.0,0.2494
2026-01-15 01:15:00,3376.37,3379.0,3370.1,3373.72,10485.233,35388427.15788,4584.711,5900.522,0.777,-2.650000000000091,-0.0785,-1315.8109999999997,10485.233,0.777,1.0,1.0,-0.1255
2026-01-15 01:20:00,3373.71,3376.99,3369.69,3369.7,9869.578,33282114.24493,4108.305,5761.273,0.7131,-4.010000000000218,-0.1189,-1652.9679999999998,9869.578000000001,0.7131,1.0,1.0,-0.1675
2026-01-15 01:25:00,3369.7,3374.59,3367.33,3369.21,9449.494999999999,31852682.606170002,5119.98,4329.515,1.1826,-0.4899999999997817,-0.0145,790.4649999999992,9449.494999999999,1.1826,1.0,1.0,0.0837
2026-01-15 01:30:00,3369.2,3369.2,3347.57,3348.3,40181.24,134889398.57585,14015.851,26165.389,0.5357,-20.899999999999636,-0.6203,-12149.537999999999,40181.24,0.5357,1.0,1.0,-0.3024
2026-01-15 01:35:00,3348.29,3353.93,3336.3,3342.77,55766.827000000005,186367312.37807,23859.705,31907.122,0.7478,-5.519999999999982,-0.1649,-8047.416999999998,55766.827000000005,0.7478,1.0,1.0,-0.1443
2026-01-15 01:40:00,3342.76,3353.88,3341.0,3349.99,22637.801,75810198.83537,13670.897,8966.904,1.5246,7.229999999999563,0.2163,4703.993,22637.801,1.5246,1.0,1.0,0.2078
2026-01-15 01:45:00,3350.0,3359.99,3348.52,3357.05,29458.036,98796392.3787,22513.1,6944.936,3.2417,7.050000000000182,0.2104,15568.163999999999,29458.036,3.2417,1.0,1.0,0.5285
2026-01-15 01:50:00,3357.06,3357.06,3337.24,3339.21,23360.704,78128277.42965999,10073.855,13286.849,0.7582,-17.84999999999991,-0.5317,-3212.9940000000006,23360.703999999998,0.7582,1.0,1.0,-0.1375
2026-01-15 01:55:00,3339.2,3346.46,3336.26,3340.49,12880.331,43036437.5215,6903.151,5972.42,1.1558,1.2899999999999636,0.0386,930.7309999999998,12875.571,1.1558,1.0004,0.9996,0.0723
2026-01-15 02:00:00,3340.48,3343.53,3334.19,3340.67,13999.828,46736361.75288,8147.41,5852.418,1.3921,0.19000000000005457,0.0057,2294.992,13999.828,1.3921,1.0,1.0,0.1639
2026-01-15 02:05:00,3340.67,3349.68,3340.21,3349.54,6412.509999999999,21452976.942449998,4200.968,2211.542,1.8996,8.86999999999989,0.2655,1989.426,6412.51,1.8996,1.0,1.0,0.3102
2026-01-15 02:10:00,3349.54,3349.87,3334.81,3338.14,9730.077000000001,32514478.383819997,4921.038,4809.039,1.0233,-11.400000000000091,-0.3403,111.9989999999998,9730.077,1.0233,1.0,1.0,0.0115
2026-01-15 02:15:00,3338.13,3338.99,3322.42,3337.58,36491.742,121539485.81724,14406.837,22084.905,0.6523,-0.5500000000001819,-0.0165,-7678.067999999999,36491.742,0.6523,1.0,1.0,-0.2104
2026-01-15 02:20:00,3337.57,3344.28,3334.6,3343.78,12880.978,43001469.36312,8440.543,4440.435,1.9008,6.210000000000036,0.1861,4000.1079999999993,12880.978,1.9008,1.0,1.0,0.3105
2026-01-15 02:25:00,3343.77,3349.44,3341.06,3348.05,6767.876,22638892.36022,3661.35,3106.526,1.1786,4.2800000000002,0.128,554.8240000000001,6767.876,1.1786,1.0,1.0,0.082
2026-01-15 02:30:00,3348.04,3352.8,3325.0,3327.6,23414.304,78114821.12253,11563.566,11850.738,0.9758,-20.440000000000055,-0.6105,-287.17199999999866,23414.304,0.9758,1.0,1.0,-0.0123
2026-01-15 02:35:00,3327.59,3330.08,3315.24,3321.3,40297.128000000004,133819500.13343999,20265.416,20031.712,1.0117,-6.289999999999964,-0.189,233.70400000000154,40297.128,1.0117,1.0,1.0,0.0058
2026-01-15 02:40:00,3321.3,3327.39,3318.5,3319.22,12331.025,40975824.07068,5274.869,7056.156,0.7476,-2.080000000000382,-0.0626,-1781.2870000000003,12331.025,0.7476,1.0,1.0,-0.1445
2026-01-15 02:45:00,3319.24,3327.85,3313.57,3326.07,17410.552,57796655.833519995,8952.375,8458.177,1.0584,6.830000000000382,0.2058,494.1980000000003,17410.552,1.0584,1.0,1.0,0.0284
2026-01-15 02:50:00,3326.07,3338.67,3326.06,3338.66,12065.233999999999,40200371.44453,7911.589,4153.645,1.9047,12.58999999999969,0.3785,3757.9439999999995,12065.234,1.9047,1.0,1.0,0.3115
2026-01-15 02:55:00,3338.67,3341.76,3335.35,3337.49,19790.5,66068358.69778,7823.111,11967.389,0.6537,-1.180000000000291,-0.0353,-4144.277999999999,19790.5,0.6537,1.0,1.0,-0.2094
2026-01-15 03:00:00,3337.49,3344.0,3330.58,3342.77,16601.787,55399560.66864,10018.96,6582.827,1.522,5.2800000000002,0.1582,3436.132999999999,16601.787,1.522,1.0,1.0,0.207
2026-01-15 03:05:00,3342.76,3348.8,3335.29,3348.27,10709.394,35794532.45166,5806.286,4903.108,1.1842,5.5099999999997635,0.1648,903.1779999999999,10709.394,1.1842,1.0,1.0,0.0843
2026-01-15 03:10:00,3348.26,3349.6,3342.4,3348.65,10939.563,36601592.81831,6340.921,4598.642,1.3789,0.38999999999987267,0.0116,1742.2790000000005,10939.563,1.3789,1.0,1.0,0.1593
2026-01-15 03:15:00,3348.66,3354.11,3346.81,3350.22,12905.923,43246804.26497,8005.11,4900.813,1.6334,1.5599999999999454,0.0466,3104.2969999999996,12905.922999999999,1.6334,1.0,1.0,0.2405
2026-01-15 03:20:00,3350.22,3360.99,3349.88,3358.92,20904.183999999997,70174999.46981,13577.655,7326.529,1.8532,8.700000000000273,0.2597,6251.126,20904.184,1.8532,1.0,1.0,0.299
2026-01-15 03:25:00,3358.91,3392.0,3356.77,3389.01,61014.417,205899891.26522,42025.9,18988.517,2.2132,30.100000000000364,0.8961,23037.383,61014.417,2.2132,1.0,1.0,0.3776
2026-01-15 03:30:00,3389.01,3400.0,3367.13,3368.99,50518.331,170806160.21759,24365.496,26152.835,0.9317,-20.020000000000437,-0.5907,-1787.339,50518.331,0.9317,1.0,1.0,-0.0354
2026-01-15 03:35:00,3368.99,3371.69,3360.53,3370.55,22238.041,74822417.27208,11830.537,10407.504,1.1367,1.5600000000004002,0.0463,1423.0329999999994,22238.041,1.1367,1.0,1.0,0.064
2026-01-15 03:40:00,3370.55,3375.57,3366.38,3368.65,11703.863,39458320.66675,5512.646,6191.217,0.8904,-1.900000000000091,-0.0564,-678.5709999999999,11703.863,0.8904,1.0,1.0,-0.058
2026-01-15 03:45:00,3368.64,3375.5,3367.2,3373.09,4857.786,16377848.75025,2867.896,1989.89,1.4412,4.450000000000273,0.1321,878.0060000000001,4857.786,1.4412,1.0,1.0,0.1807
2026-01-15 03:50:00,3373.08,3381.17,3362.64,3365.22,14790.130000000001,49880467.04174,6148.963,8641.167,0.7116,-7.860000000000127,-0.233,-2492.2039999999997,14790.13,0.7116,1.0,1.0,-0.1685
2026-01-15 03:55:00,3365.23,3367.7,3360.34,3366.3,8228.532,27678379.16309,4118.261,4110.271,1.0019,1.0700000000001637,0.0318,7.990000000000691,8228.532,1.0019,1.0,1.0,0.001
2026-01-15 04:00:00,3366.3,3372.42,3360.45,3363.5,7709.587,25949335.66507,4217.728,3491.859,1.2079,-2.800000000000182,-0.0832,725.8690000000001,7709.5869999999995,1.2079,1.0,1.0,0.0942
2026-01-15 04:05:00,3363.51,3380.0,3362.0,3377.06,13026.671,43962006.31508,7744.252,5282.419,1.466,13.549999999999727,0.4029,2461.8330000000005,13026.671,1.466,1.0,1.0,0.189
2026-01-15 04:10:00,3377.05,3394.25,3376.25,3380.02,29900.628,101177986.99613,15296.297,14604.331,1.0474,2.9699999999998,0.0879,691.9660000000003,29900.628,1.0474,1.0,1.0,0.0231
2026-01-15 04:15:00,3380.01,3380.02,3370.18,3374.42,8351.461,28176353.07959,3629.021,4722.44,0.7685,-5.5900000000001455,-0.1654,-1093.4189999999994,8351.461,0.7685,1.0,1.0,-0.1309
2026-01-15 04:20:00,3374.43,3377.9,3372.0,3373.0,3819.7039999999997,12889000.33921,1940.244,1879.46,1.0323,-1.4299999999998363,-0.0424,60.78399999999988,3819.7039999999997,1.0323,1.0,1.0,0.0159
2026-01-15 04:25:00,3373.0,3373.0,3361.1,3364.86,9422.442000000001,31710548.54582,3738.41,5684.032,0.6577,-8.139999999999873,-0.2413,-1945.6220000000003,9422.442,0.6577,1.0,1.0,-0.2065
2026-01-15 04:30:00,3364.85,3376.58,3364.4,3372.03,8909.374,30032729.87125,6654.942,2254.432,2.9519,7.180000000000291,0.2134,4400.51,8909.374,2.9519,1.0,1.0,0.4939
2026-01-15 04:35:00,3372.03,3382.38,3370.05,3379.8,9798.876,33071331.33812,5069.822,4729.054,1.0721,7.769999999999982,0.2304,340.76800000000003,9798.876,1.0721,1.0,1.0,0.0348
2026-01-15 04:40:00,3379.87,3380.14,3373.0,3373.01,8674.877,29296351.06021,5780.031,2894.846,1.9967,-6.859999999999673,-0.203,2885.185,8674.877,1.9967,1.0,1.0,0.3326
2026-01-15 04:45:00,3373.01,3375.31,3368.01,3368.76,6607.113,22272839.277,3028.754,3578.359,0.8464,-4.25,-0.126,-549.605,6607.112999999999,0.8464,1.0,1.0,-0.0832
2026-01-15 04:50:00,3368.76,3373.33,3365.7,3372.22,6510.358,21936269.43905,3001.404,3508.954,0.8554,3.4599999999995816,0.1027,-507.5500000000002,6510.358,0.8554,1.0,1.0,-0.078
2026-01-15 04:55:00,3372.22,3383.0,3371.47,3381.8,6620.855,22362088.24496,3933.951,2686.904,1.4641,9.580000000000382,0.2841,1247.047,6620.855,1.4641,1.0,1.0,0.1884
2026-01-15 05:00:00,3381.81,3381.81,3374.2,3377.04,4190.089,14153638.36072,1239.895,2950.194,0.4203,-4.769999999999982,-0.141,-1710.299,4190.089,0.4203,1.0,1.0,-0.4082
2026-01-15 05:05:00,3377.04,3379.21,3371.01,3371.82,3764.202,12703829.21308,1245.582,2518.62,0.4945,-5.2199999999998,-0.1546,-1273.0379999999998,3764.202,0.4945,1.0,1.0,-0.3382
2026-01-15 05:10:00,3371.81,3371.81,3365.53,3368.07,11497.491,38731365.03124,3932.951,7564.54,0.5199,-3.7399999999997817,-0.1109,-3631.589,11497.491,0.5199,1.0,1.0,-0.3159
2026-01-15 05:15:00,3368.07,3373.77,3361.67,3372.11,7542.052,25391229.35261,3687.057,3854.995,0.9564,4.039999999999964,0.12,-167.9380000000001,7542.052,0.9564,1.0,1.0,-0.0223
2026-01-15 05:20:00,3372.11,3374.68,3370.37,3372.54,2754.514,9290392.86007,1039.496,1715.018,0.6061,0.4299999999998363,0.0128,-675.5219999999999,2754.514,0.6061,1.0,1.0,-0.2452
2026-01-15 05:25:00,3372.54,3372.55,3368.25,3370.63,1555.615,5243570.36789,801.41,754.205,1.0626,-1.9099999999998545,-0.0566,47.20499999999993,1555.615,1.0626,1.0,1.0,0.0303
2026-01-15 05:30:00,3370.63,3376.91,3369.76,3373.88,3967.49,13389409.02747,1892.663,2074.827,0.9122,3.25,0.0964,-182.16400000000021,3967.4900000000002,0.9122,1.0,1.0,-0.0459
2026-01-15 05:35:00,3373.89,3377.77,3372.73,3373.29,2125.633,7174535.8838,1285.741,839.892,1.5308,-0.599999999999909,-0.0178,445.84899999999993,2125.633,1.5308,1.0,1.0,0.2097
2026-01-15 05:40:00,3373.3,3373.76,3367.41,3369.0,1862.484,6276142.19472,474.667,1387.817,0.342,-4.300000000000182,-0.1275,-913.1500000000001,1862.484,0.342,1.0,1.0,-0.4903
2026-01-15 05:45:00,3369.0,3370.0,3368.0,3369.5,1329.481,4479553.55366,944.989,384.492,2.4578,0.5,0.0148,560.4970000000001,1329.481,2.4578,1.0,1.0,0.4216
2026-01-15 05:50:00,3369.5,3372.81,3363.25,3363.78,7997.237999999999,26925576.4277,3341.529,4655.709,0.7177,-5.7199999999998,-0.1698,-1314.1799999999998,7997.237999999999,0.7177,1.0,1.0,-0.1643
2026-01-15 05:55:00,3363.77,3372.2,3355.32,3371.11,20215.493,67974318.99918,9750.733,10464.76,0.9318,7.3400000000001455,0.2182,-714.027,20215.493000000002,0.9318,1.0,1.0,-0.0353
2026-01-15 06:00:00,3371.12,3373.08,3366.0,3366.01,9015.727,30379644.616049998,5141.632,3874.095,1.3272,-5.109999999999673,-0.1516,1267.5369999999998,9015.726999999999,1.3272,1.0,1.0,0.1406
2026-01-15 06:05:00,3366.01,3368.61,3364.16,3364.7,2368.202,7969996.72507,950.363,1417.839,0.6703,-1.3100000000004002,-0.0389,-467.4759999999999,2368.202,0.6703,1.0,1.0,-0.1974
2026-01-15 06:10:00,3364.69,3366.8,3362.01,3362.3,3977.242,13381228.516449999,2151.742,1825.5,1.1787,-2.3899999999998727,-0.071,326.2420000000002,3977.242,1.1787,1.0,1.0,0.082
2026-01-15 06:15:00,3362.31,3366.39,3362.3,3365.4,1880.323,6326733.63921,1188.911,691.412,1.7195,3.0900000000001455,0.0919,497.499,1880.323,1.7195,1.0,1.0,0.2646
2026-01-15 06:20:00,3365.39,3368.0,3364.53,3366.2,1310.0520000000001,4410796.97558,519.156,790.896,0.6564,0.8099999999999454,0.0241,-271.74,1310.052,0.6564,1.0,1.0,-0.2074
2026-01-15 06:25:00,3366.2,3367.0,3358.04,3359.73,3611.2949999999996,12138990.498799998,1310.745,2300.55,0.5698,-6.4699999999998,-0.1922,-989.8050000000003,3611.295,0.5698,1.0,1.0,-0.2741
2026-01-15 06:30:00,3359.73,3363.15,3344.41,3356.31,19938.828,66870974.51595,7199.198,12739.63,0.5651,-3.4200000000000728,-0.1018,-5540.431999999999,19938.828,0.5651,1.0,1.0,-0.2779
2026-01-15 06:35:00,3356.31,3357.57,3347.93,3348.64,4238.59,14215272.11047,1957.616,2280.974,0.8582,-7.670000000000073,-0.2285,-323.3580000000002,4238.59,0.8582,1.0,1.0,-0.0763
2026-01-15 06:40:00,3348.64,3353.74,3345.51,3350.83,7400.892,24785533.26224,3824.917,3575.975,1.0696,2.1900000000000546,0.0654,248.942,7400.892,1.0696,1.0,1.0,0.0336
2026-01-15 06:45:00,3350.83,3358.99,3350.82,3358.2,4551.956,15274598.425139999,3253.988,1297.968,2.507,7.369999999999891,0.2199,1956.0199999999998,4551.956,2.507,1.0,1.0,0.4297
2026-01-15 06:50:00,3358.2,3358.83,3349.46,3349.46,3808.458,12777409.440469999,1158.494,2649.964,0.4372,-8.739999999999782,-0.2603,-1491.47,3808.4579999999996,0.4372,1.0,1.0,-0.3916
2026-01-15 06:55:00,3349.46,3349.7,3345.15,3347.31,5693.950999999999,19064607.78605,2962.258,2731.693,1.0844,-2.150000000000091,-0.0642,230.5649999999996,5693.951,1.0844,1.0,1.0,0.0405
2026-01-15 07:00:00,3347.31,3356.61,3347.06,3356.48,9827.973,32937448.53789,6229.78,3598.193,1.7314,9.170000000000073,0.274,2631.5869999999995,9827.973,1.7314,1.0,1.0,0.2678
2026-01-15 07:05:00,3356.47,3363.48,3355.0,3361.99,4734.59,15905729.44605,2570.198,2164.392,1.1875,5.519999999999982,0.1645,405.80600000000004,4734.59,1.1875,1.0,1.0,0.0857
2026-01-15 07:10:00,3361.99,3362.11,3357.82,3361.77,3814.824,12818147.44533,1545.119,2269.705,0.6808,-0.2199999999997999,-0.0065,-724.586,3814.8239999999996,0.6808,1.0,1.0,-0.1899
2026-01-15 07:15:00,3361.77,3367.99,3358.27,3358.41,5139.038,17288134.10306,2568.819,2570.219,0.9995,-3.3600000000001273,-0.0999,-1.400000000000091,5139.0380000000005,0.9995,1.0,1.0,-0.0003
2026-01-15 07:20:00,3358.4,3360.0,3356.34,3357.01,4234.456,14219296.189100001,2403.588,1830.868,1.3128,-1.3899999999998727,-0.0414,572.7200000000003,4234.456,1.3128,1.0,1.0,0.1353
2026-01-15 07:25:00,3357.01,3358.52,3354.07,3354.57,2469.962,8290546.30834,986.823,1483.139,0.6654,-2.4400000000000546,-0.0727,-496.3159999999999,2469.962,0.6654,1.0,1.0,-0.2009
2026-01-15 07:30:00,3354.57,3355.03,3347.87,3351.99,7452.269,24975486.77064,2272.794,5179.475,0.4388,-2.580000000000382,-0.0769,-2906.6810000000005,7452.269,0.4388,1.0,1.0,-0.39
2026-01-15 07:35:00,3352.0,3354.84,3351.0,3352.27,3535.5060000000003,11856389.3372,1879.814,1655.692,1.1354,0.2699999999999818,0.0081,224.12200000000007,3535.5060000000003,1.1354,1.0,1.0,0.0634
2026-01-15 07:40:00,3352.32,3352.73,3350.55,3352.41,2118.0460000000003,7099458.0108199995,1506.071,611.975,2.461,0.08999999999969077,0.0027,894.0959999999999,2118.046,2.461,1.0,1.0,0.4221
2026-01-15 07:45:00,3352.4,3354.74,3351.34,3354.6,3452.734,11577008.92508,1785.383,1667.351,1.0708,2.199999999999818,0.0656,118.03199999999993,3452.7340000000004,1.0708,1.0,1.0,0.0342
2026-01-15 07:50:00,3354.6,3356.0,3353.6,3355.18,4103.582,13767619.13733,3495.82,607.762,5.752,0.5799999999999272,0.0173,2888.058,4103.582,5.752,1.0,1.0,0.7038
2026-01-15 07:55:00,3355.17,3357.13,3352.12,3352.97,3073.513,10311020.15328,887.07,2186.443,0.4057,-2.200000000000273,-0.0656,-1299.373,3073.5130000000004,0.4057,1.0,1.0,-0.4228
2026-01-15 08:00:00,3352.96,3353.87,3343.53,3344.75,9080.95,30402750.53231,3130.472,5950.478,0.5261,-8.210000000000036,-0.2449,-2820.006,9080.95,0.5261,1.0,1.0,-0.3105
2026-01-15 08:05:00,3344.75,3347.98,3340.65,3345.3,8410.365,28124024.87827,3862.125,4548.24,0.8491,0.5500000000001819,0.0164,-686.1149999999998,8410.365,0.8491,1.0,1.0,-0.0816
2026-01-15 08:10:00,3345.3,3347.15,3341.22,3346.3,5925.902,19817086.70465,2538.94,3386.962,0.7496,1.0,0.0299,-848.0219999999999,5925.902,0.7496,1.0,1.0,-0.1431
2026-01-15 08:15:00,3346.29,3347.0,3338.24,3339.09,5068.2300000000005,16936332.96828,1388.537,3679.693,0.3774,-7.199999999999818,-0.2152,-2291.156,5068.2300000000005,0.3774,1.0,1.0,-0.4521
2026-01-15 08:20:00,3339.1,3342.15,3335.24,3340.85,6305.437,21050166.71476,3255.383,3050.054,1.0673,1.75,0.0524,205.32899999999972,6305.437,1.0673,1.0,1.0,0.0326
2026-01-15 08:25:00,3340.86,3342.74,3337.5,3339.8,4910.312,16401713.26137,3173.905,1736.407,1.8279,-1.0599999999999454,-0.0317,1437.4980000000003,4910.312,1.8279,1.0,1.0,0.2928
2026-01-15 08:30:00,3339.8,3340.85,3331.44,3332.01,12618.782,42082025.55742,2467.816,10150.966,0.2431,-7.789999999999964,-0.2332,-7683.150000000001,12618.782,0.2431,1.0,1.0,-0.6089
2026-01-15 08:35:00,3332.01,3333.55,3327.58,3330.75,11445.598,38118581.7992,4058.625,7386.973,0.5494,-1.2600000000002183,-0.0378,-3328.348,11445.598,0.5494,1.0,1.0,-0.2908
2026-01-15 08:40:00,3330.76,3335.28,3328.3,3331.32,8948.523000000001,29809612.76377,3672.402,5276.121,0.696,0.5599999999999454,0.0168,-1603.719,8948.523000000001,0.696,1.0,1.0,-0.1792
2026-01-15 08:45:00,3331.32,3333.66,3323.68,3327.81,12728.556999999999,42365560.28363,4475.799,8252.758,0.5423,-3.5100000000002183,-0.1054,-3776.959,12728.557,0.5423,1.0,1.0,-0.2967
2026-01-15 08:50:00,3327.82,3328.06,3324.85,3326.24,3946.87,13127591.1818,2614.492,1332.378,1.9623,-1.580000000000382,-0.0475,1282.1140000000003,3946.87,1.9623,1.0,1.0,0.3248
2026-01-15 08:55:00,3326.24,3330.17,3326.15,3330.16,3565.722,11867194.41917,2690.203,875.519,3.0727,3.9200000000000728,0.1179,1814.684,3565.7219999999998,3.0727,1.0,1.0,0.5089
2026-01-15 09:00:00,3330.17,3341.41,3330.17,3339.21,15333.031,51161086.98969,10842.174,4490.857,2.4143,9.039999999999964,0.2715,6351.317000000001,15333.031,2.4143,1.0,1.0,0.4142
2026-01-15 09:05:00,3339.22,3342.04,3334.39,3334.4,7435.057,24820399.97204,3875.693,3559.364,1.0889,-4.819999999999709,-0.1443,316.3290000000002,7435.057000000001,1.0889,1.0,1.0,0.0425
2026-01-15 09:10:00,3334.39,3336.46,3332.11,3332.11,3758.422,12531234.0134,1790.853,1967.569,0.9102,-2.2799999999997453,-0.0684,-176.7159999999999,3758.422,0.9102,1.0,1.0,-0.047
2026-01-15 09:15:00,3332.11,3333.81,3331.0,3332.25,2947.8559999999998,9823936.16525,1626.968,1320.888,1.2317,0.13999999999987267,0.0042,306.08000000000015,2947.8559999999998,1.2317,1.0,1.0,0.1038
2026-01-15 09:20:00,3332.26,3332.26,3321.63,3325.37,9289.315,30892481.77541,2819.476,6469.839,0.4358,-6.890000000000327,-0.2068,-3650.363,9289.315,0.4358,1.0,1.0,-0.393
2026-01-15 09:25:00,3325.37,3331.37,3324.8,3324.8,6659.548000000001,22166861.31916,3341.927,3317.621,1.0073,-0.569999999999709,-0.0171,24.30600000000004,6659.548000000001,1.0073,1.0,1.0,0.0036
2026-01-15 09:30:00,3324.8,3328.21,3317.51,3319.71,17324.073,57524110.14757,6179.897,11144.176,0.5545,-5.0900000000001455,-0.1531,-4964.2789999999995,17324.073,0.5545,1.0,1.0,-0.2866
2026-01-15 09:35:00,3319.72,3332.15,3315.68,3329.45,12824.007,42616926.67734,7276.736,5547.271,1.3118,9.730000000000018,0.2931,1729.4650000000001,12824.007,1.3118,1.0,1.0,0.1349
2026-01-15 09:40:00,3329.45,3330.15,3325.3,3326.94,3705.334,12328356.68991,1957.761,1747.573,1.1203,-2.5099999999997635,-0.0754,210.18799999999987,3705.334,1.1203,1.0,1.0,0.0567
2026-01-15 09:45:00,3326.94,3328.83,3323.53,3323.9,3245.727,10795895.87762,1777.409,1468.318,1.2105,-3.0399999999999636,-0.0914,309.0910000000001,3245.727,1.2105,1.0,1.0,0.0952
2026-01-15 09:50:00,3323.94,3329.0,3321.21,3328.11,4712.261,15668095.98089,2392.923,2319.338,1.0317,4.170000000000073,0.1255,73.58499999999958,4712.261,1.0317,1.0,1.0,0.0156
2026-01-15 09:55:00,3328.11,3328.11,3322.0,3323.45,6579.341,21876094.63737,3132.958,3446.383,0.9091,-4.660000000000309,-0.14,-313.4249999999997,6579.341,0.9091,1.0,1.0,-0.0476
2026-01-15 10:00:00,3323.45,3326.7,3322.56,3326.07,5876.287,19537088.13564,4413.643,1462.644,3.0176,2.6200000000003456,0.0788,2950.999,5876.287,3.0176,1.0,1.0,0.5022
2026-01-15 10:05:00,3326.07,3331.48,3326.06,3330.0,5026.025,16734983.41646,3469.718,1556.307,2.2295,3.9299999999998363,0.1182,1913.4109999999998,5026.025,2.2295,1.0,1.0,0.3807
2026-01-15 10:10:00,3330.01,3330.01,3318.63,3319.56,7713.02,25633526.98772,2852.406,4860.614,0.5868,-10.450000000000273,-0.3138,-2008.2079999999996,7713.0199999999995,0.5868,1.0,1.0,-0.2604
2026-01-15 10:15:00,3319.56,3327.12,3318.03,3325.99,8090.9349999999995,26878878.21395,4616.878,3474.057,1.329,6.429999999999836,0.1937,1142.821,8090.9349999999995,1.329,1.0,1.0,0.1412
2026-01-15 10:20:00,3325.99,3326.0,3318.82,3320.4,4613.877,15325892.500070002,1170.652,3443.225,0.34,-5.589999999999691,-0.1681,-2272.573,4613.877,0.34,1.0,1.0,-0.4926
2026-01-15 10:25:00,3320.4,3323.79,3320.39,3321.62,2471.377,8210383.08342,1583.187,888.19,1.7825,1.2199999999998,0.0367,694.9969999999998,2471.377,1.7825,1.0,1.0,0.2812
2026-01-15 10:30:00,3321.62,3325.57,3312.0,3312.75,10065.016,33384819.60952,2731.006,7334.01,0.3724,-8.86999999999989,-0.267,-4603.004000000001,10065.016,0.3724,1.0,1.0,-0.4573
2026-01-15 10:35:00,3312.73,3314.93,3303.3,3313.9,31431.686,103996870.85446,13101.931,18329.755,0.7148,1.1700000000000728,0.0353,-5227.8240000000005,31431.686,0.7148,1.0,1.0,-0.1663
2026-01-15 10:40:00,3313.91,3320.83,3313.91,3316.33,7941.7880000000005,26348146.298,5019.47,2922.318,1.7176,2.4200000000000728,0.073,2097.152,7941.7880000000005,1.7176,1.0,1.0,0.2641
2026-01-15 10:45:00,3316.33,3316.33,3307.12,3312.6,8895.757,29454372.70969,4633.318,4262.439,1.087,-3.730000000000018,-0.1125,370.8789999999999,8895.757000000001,1.087,1.0,1.0,0.0417
2026-01-15 10:50:00,3312.6,3314.7,3308.3,3309.65,5504.3009999999995,18226829.90856,3081.448,2422.853,1.2718,-2.949999999999818,-0.0891,658.5949999999998,5504.3009999999995,1.2718,1.0,1.0,0.1197
2026-01-15 10:55:00,3309.64,3313.25,3308.61,3312.99,4018.101,13305730.75625,2340.501,1677.6,1.3951,3.349999999999909,0.1012,662.9010000000003,4018.101,1.3951,1.0,1.0,0.165
2026-01-15 11:00:00,3312.99,3316.06,3311.54,3311.69,4230.758,14021558.920330001,2676.688,1554.07,1.7224,-1.2999999999997272,-0.0392,1122.6180000000002,4230.758,1.7224,1.0,1.0,0.2653
2026-01-15 11:05:00,3311.69,3315.74,3309.17,3311.66,7987.093,26449710.91991,3122.137,4864.956,0.6418,-0.03000000000020009,-0.0009,-1742.819,7987.093000000001,0.6418,1.0,1.0,-0.2182
2026-01-15 11:10:00,3311.67,3316.74,3311.0,3315.17,6293.287,20859585.66229,4762.542,1530.745,3.1113,3.5,0.1057,3231.7970000000005,6293.287,3.1113,1.0,1.0,0.5135
2026-01-15 11:15:00,3315.16,3320.56,3308.59,3310.01,7111.851,23578609.32274,3477.933,3633.918,0.9571,-5.149999999999636,-0.1553,-155.98500000000013,7111.851000000001,0.9571,1.0,1.0,-0.0219
2026-01-15 11:20:00,3310.01,3313.86,3309.2,3310.56,3609.7439999999997,11951946.36802,1782.073,1827.671,0.9751,0.5499999999997272,0.0166,-45.597999999999956,3609.744,0.9751,1.0,1.0,-0.0126
2026-01-15 11:25:00,3310.55,3310.55,3288.0,3289.71,66501.473,219205577.06837,22935.438,43566.035,0.5265,-20.840000000000146,-0.6295,-20630.597000000005,66501.473,0.5265,1.0,1.0,-0.3102
2026-01-15 11:30:00,3289.71,3296.38,3287.57,3295.37,36727.485,120905659.40551,18956.196,17771.289,1.0667,5.6599999999998545,0.1721,1184.9069999999992,36727.485,1.0667,1.0,1.0,0.0323
2026-01-15 11:35:00,3295.38,3296.78,3280.18,3281.38,33866.39,111341361.45328,10207.413,23658.977,0.4314,-14.0,-0.4248,-13451.563999999998,33866.39,0.4314,1.0,1.0,-0.3972
2026-01-15 11:40:00,3281.38,3285.77,3272.37,3282.82,39598.379,129837173.31938,18213.003,21385.376,0.8517,1.4400000000000546,0.0439,-3172.3729999999996,39598.379,0.8517,1.0,1.0,-0.0801
2026-01-15 11:45:00,3282.82,3288.61,3280.0,3285.43,13952.216,45833276.03231,8013.538,5938.678,1.3494,2.6099999999996726,0.0795,2074.8599999999997,13952.216,1.3494,1.0,1.0,0.1487
2026-01-15 11:50:00,3285.42,3287.12,3279.53,3284.35,10953.211,35963739.1779,5552.1,5401.111,1.028,-1.0700000000001637,-0.0326,150.9890000000005,10953.211,1.028,1.0,1.0,0.0138
2026-01-15 11:55:00,3284.35,3287.82,3282.67,3284.85,9695.782,31852334.72043,5515.0,4180.782,1.3191,0.5,0.0152,1334.2179999999998,9695.782,1.3191,1.0,1.0,0.1376
2026-01-15 12:00:00,3284.86,3292.5,3283.0,3291.93,11083.433,36450933.26094,6411.842,4671.591,1.3725,7.069999999999709,0.2152,1740.2509999999993,11083.433,1.3725,1.0,1.0,0.157
2026-01-15 12:05:00,3291.93,3291.94,3288.49,3291.62,9119.438,30005341.62373,4723.879,4395.559,1.0747,-0.30999999999994543,-0.0094,328.3199999999997,9119.438,1.0747,1.0,1.0,0.036
2026-01-15 12:10:00,3291.61,3294.33,3291.13,3292.78,9914.311,32648138.838010002,5179.351,4734.96,1.0939,1.1700000000000728,0.0355,444.3909999999996,9914.311,1.0939,1.0,1.0,0.0448
2026-01-15 12:15:00,3292.79,3295.4,3291.42,3293.99,8170.995,26915186.04454,4789.555,3381.44,1.4164,1.199999999999818,0.0364,1408.1150000000002,8170.995000000001,1.4164,1.0,1.0,0.1723
2026-01-15 12:20:00,3294.0,3304.0,3291.28,3302.33,19522.013,64383184.42333,11428.233,8093.78,1.412,8.329999999999927,0.2529,3334.4530000000004,19522.013,1.412,1.0,1.0,0.1708
2026-01-15 12:25:00,3302.33,3303.5,3297.11,3298.39,10480.327,34581894.35014,3757.307,6723.02,0.5589,-3.9400000000000546,-0.1193,-2965.7130000000006,10480.327000000001,0.5589,1.0,1.0,-0.283
2026-01-15 12:30:00,3298.39,3302.67,3295.92,3301.0,9275.449,30606197.93849,3658.037,5617.412,0.6512,2.6100000000001273,0.0791,-1959.3750000000005,9275.449,0.6512,1.0,1.0,-0.2112
2026-01-15 12:35:00,3301.0,3302.8,3299.37,3302.18,5678.897,18744553.171740003,2763.951,2914.946,0.9482,1.1799999999998363,0.0357,-150.9949999999999,5678.897,0.9482,1.0,1.0,-0.0266
2026-01-15 12:40:00,3302.17,3304.99,3300.38,3304.64,7813.454,25808394.084990002,5278.376,2535.078,2.0821,2.4699999999998,0.0748,2743.2980000000002,7813.454,2.0821,1.0,1.0,0.3511
2026-01-15 12:45:00,3304.63,3306.76,3302.0,3305.0,7499.638,24786977.821089998,4158.294,3341.344,1.2445,0.36999999999989086,0.0112,816.9499999999998,7499.638,1.2445,1.0,1.0,0.1089
2026-01-15 12:50:00,3305.01,3307.29,3304.03,3305.31,5040.205,16661362.174,2660.269,2379.936,1.1178,0.29999999999972715,0.0091,280.33299999999963,5040.205,1.1178,1.0,1.0,0.0556
2026-01-15 12:55:00,3305.32,3306.6,3300.89,3303.74,12777.408,42209278.82932,2563.506,10213.902,0.251,-1.580000000000382,-0.0478,-7650.396000000001,12777.408,0.251,1.0,1.0,-0.5987
2026-01-15 13:00:00,3303.73,3314.13,3302.02,3306.65,24040.212,79545723.00916,16065.287,7974.925,2.0145,2.9200000000000728,0.0884,8090.362,24040.212,2.0145,1.0,1.0,0.3365
2026-01-15 13:05:00,3306.65,3308.86,3306.0,3306.99,4670.951,15449026.28483,2517.011,2153.94,1.1686,0.33999999999969077,0.0103,363.0709999999999,4670.951,1.1686,1.0,1.0,0.0777
2026-01-15 13:10:00,3306.99,3308.94,3306.54,3307.28,6219.855,20573991.149380002,3473.663,2746.192,1.2649,0.29000000000041837,0.0088,727.471,6219.855,1.2649,1.0,1.0,0.117
2026-01-15 13:15:00,3307.28,3311.67,3306.8,3311.32,4415.733,14615086.98504,2759.839,1655.894,1.6667,4.039999999999964,0.1222,1103.945,4415.733,1.6667,1.0,1.0,0.25
2026-01-15 13:20:00,3311.32,3311.44,3307.2,3307.52,3513.425,11626834.680879999,1365.123,2148.302,0.6354,-3.800000000000182,-0.1148,-783.1790000000001,3513.425,0.6354,1.0,1.0,-0.2229
2026-01-15 13:25:00,3307.53,3308.0,3305.34,3305.45,4204.898,13903649.1854,592.457,3612.441,0.164,-2.080000000000382,-0.0629,-3019.984,4204.898,0.164,1.0,1.0,-0.7182
2026-01-15 13:30:00,3305.45,3307.92,3304.0,3304.0,4566.273,15095044.21233,1754.182,2812.091,0.6238,-1.449999999999818,-0.0439,-1057.9089999999999,4566.273,0.6238,1.0,1.0,-0.2317
2026-01-15 13:35:00,3304.0,3309.17,3300.48,3307.7,5525.348,18258779.39914,1995.932,3529.416,0.5655,3.699999999999818,0.112,-1533.4840000000002,5525.348,0.5655,1.0,1.0,-0.2775
2026-01-15 13:40:00,3307.7,3310.39,3305.02,3309.99,2692.114,8906355.38326,1547.767,1144.347,1.3525,2.2899999999999636,0.0692,403.4200000000001,2692.114,1.3525,1.0,1.0,0.1499
2026-01-15 13:45:00,3309.99,3314.03,3309.64,3313.57,6218.973,20600111.067649998,3933.254,2285.719,1.7208,3.580000000000382,0.1082,1647.5349999999999,6218.973,1.7208,1.0,1.0,0.2649
2026-01-15 13:50:00,3313.56,3313.57,3310.6,3310.75,3912.372,12957709.420780001,1574.07,2338.302,0.6732,-2.8099999999999454,-0.0848,-764.2320000000002,3912.3720000000003,0.6732,1.0,1.0,-0.1953
2026-01-15 13:55:00,3310.75,3312.17,3309.6,3309.61,3477.12,11512509.589159999,1784.108,1693.012,1.0538,-1.1399999999998727,-0.0344,91.096,3477.12,1.0538,1.0,1.0,0.0262
2026-01-15 14:00:00,3309.6,3315.38,3308.39,3314.64,6474.9710000000005,21452490.49757,4760.454,1714.517,2.7766,5.039999999999964,0.1523,3045.937,6474.971,2.7766,1.0,1.0,0.4704
2026-01-15 14:05:00,3314.64,3316.83,3311.56,3312.16,5601.005,18563566.62174,2656.224,2944.781,0.902,-2.480000000000018,-0.0748,-288.5569999999998,5601.005,0.902,1.0,1.0,-0.0515
2026-01-15 14:10:00,3312.16,3315.52,3311.77,3314.7,3040.701,10077275.68771,1553.357,1487.344,1.0444,2.5399999999999636,0.0767,66.01299999999992,3040.701,1.0444,1.0,1.0,0.0217
2026-01-15 14:15:00,3314.7,3322.49,3314.69,3320.44,18955.053,62925449.05149,11374.181,7580.872,1.5004,5.7400000000002365,0.1732,3793.309,18955.053,1.5004,1.0,1.0,0.2001
2026-01-15 14:20:00,3320.44,3322.24,3315.85,3320.17,6734.175,22349338.97998,2931.648,3802.527,0.771,-0.2699999999999818,-0.0081,-870.8789999999999,6734.175,0.771,1.0,1.0,-0.1293
2026-01-15 14:25:00,3320.16,3320.63,3318.0,3318.6,10751.796,35684448.81364,4669.108,6082.688,0.7676,-1.5599999999999454,-0.047,-1413.58,10751.796,0.7676,1.0,1.0,-0.1315
2026-01-15 14:30:00,3318.61,3319.49,3313.41,3314.34,4573.019,15164558.26945,1492.748,3080.271,0.4846,-4.269999999999982,-0.1287,-1587.5230000000001,4573.019,0.4846,1.0,1.0,-0.3471
2026-01-15 14:35:00,3314.34,3314.7,3310.55,3312.16,5361.566000000001,17757884.254249997,1853.07,3508.496,0.5282,-2.180000000000291,-0.0658,-1655.4260000000002,5361.566,0.5282,1.0,1.0,-0.3088
2026-01-15 14:40:00,3312.17,3312.92,3311.0,3311.19,2489.281,8244141.37959,1011.73,1477.551,0.6847,-0.9800000000000182,-0.0296,-465.8209999999999,2489.281,0.6847,1.0,1.0,-0.1871
2026-01-15 14:45:00,3311.18,3315.0,3308.65,3315.0,10078.633,33373714.72898,6318.563,3760.07,1.6804,3.8200000000001637,0.1154,2558.493,10078.633,1.6804,1.0,1.0,0.2539
2026-01-15 14:50:00,3315.0,3316.9,3313.01,3314.76,2816.34,9335714.67281,1343.662,1472.678,0.9124,-0.23999999999978172,-0.0072,-129.01600000000008,2816.34,0.9124,1.0,1.0,-0.0458
2026-01-15 14:55:00,3314.76,3316.0,3313.09,3314.25,1562.4209999999998,5179169.72619,747.643,814.778,0.9176,-0.5100000000002183,-0.0154,-67.13499999999999,1562.421,0.9176,1.0,1.0,-0.043
2026-01-15 15:00:00,3314.26,3317.28,3312.78,3317.27,6221.472,20619709.0236,3997.297,2224.175,1.7972,3.0099999999997635,0.0908,1773.1219999999998,6221.472,1.7972,1.0,1.0,0.285
2026-01-15 15:05:00,3317.28,3318.0,3314.73,3317.45,3005.697,9969336.77111,1341.224,1664.473,0.8058,0.169999999999618,0.0051,-323.249,3005.697,0.8058,1.0,1.0,-0.1075
2026-01-15 15:10:00,3317.44,3318.0,3315.94,3315.94,1669.5520000000001,5538079.499,744.763,924.789,0.8053,-1.5,-0.0452,-180.02599999999995,1669.5520000000001,0.8053,1.0,1.0,-0.1078
2026-01-15 15:15:00,3315.94,3324.0,3315.94,3320.43,9819.457999999999,32607788.59145,7324.273,2495.185,2.9354,4.489999999999782,0.1354,4829.088,9819.458,2.9354,1.0,1.0,0.4918
2026-01-15 15:20:00,3320.44,3327.41,3319.21,3326.56,9868.832,32807279.198639996,5938.644,3930.188,1.511,6.119999999999891,0.1843,2008.4560000000001,9868.832,1.511,1.0,1.0,0.2035
2026-01-15 15:25:00,3326.55,3326.56,3322.69,3324.19,5548.932,18445352.39607,1816.329,3732.603,0.4866,-2.3600000000001273,-0.0709,-1916.2740000000001,5548.932,0.4866,1.0,1.0,-0.3453
2026-01-15 15:30:00,3324.2,3325.99,3323.0,3323.72,4981.169,16560124.771329999,2304.333,2676.836,0.8608,-0.4800000000000182,-0.0144,-372.5029999999997,4981.169,0.8608,1.0,1.0,-0.0748
2026-01-15 15:35:00,3323.72,3325.12,3320.73,3325.12,4778.384,15878269.21337,1502.175,3276.209,0.4585,1.400000000000091,0.0421,-1774.0339999999999,4778.384,0.4585,1.0,1.0,-0.3713
2026-01-15 15:40:00,3325.12,3332.67,3325.01,3328.34,20360.528,67784266.04716,12920.682,7439.846,1.7367,3.2200000000002547,0.0968,5480.836000000001,20360.528,1.7367,1.0,1.0,0.2692
2026-01-15 15:45:00,3328.34,3333.93,3328.18,3328.41,11512.609999999999,38355573.68856999,6256.975,5255.635,1.1905,0.06999999999970896,0.0021,1001.3400000000001,11512.61,1.1905,1.0,1.0,0.087
2026-01-15 15:50:00,3328.4,3329.0,3325.67,3326.17,4319.816,14373665.57452,1171.502,3148.314,0.3721,-2.230000000000018,-0.067,-1976.812,4319.816,0.3721,1.0,1.0,-0.4576
2026-01-15 15:55:00,3326.17,3328.34,3324.78,3328.34,4027.051,13394621.41468,2078.909,1948.142,1.0671,2.1700000000000728,0.0652,130.76700000000005,4027.0510000000004,1.0671,1.0,1.0,0.0325
2026-01-15 16:00:00,3328.33,3329.69,3324.17,3329.44,9119.759,30339003.3983,5209.418,3910.341,1.3322,1.1100000000001273,0.0334,1299.0769999999998,9119.759,1.3322,1.0,1.0,0.1424
2026-01-15 16:05:00,3329.44,3330.69,3324.32,3324.37,5244.674,17452054.07041,1541.746,3702.928,0.4164,-5.070000000000164,-0.1523,-2161.182,5244.674,0.4164,1.0,1.0,-0.4121
2026-01-15 16:10:00,3324.38,3325.1,3320.63,3322.95,5956.9,19792863.07991,2026.614,3930.286,0.5156,-1.430000000000291,-0.043,-1903.672,5956.9,0.5156,1.0,1.0,-0.3196
2026-01-15 16:15:00,3322.99,3325.19,3320.54,3322.28,3392.993,11272585.65746,1300.955,2092.038,0.6219,-0.7099999999995816,-0.0214,-791.0830000000001,3392.993,0.6219,1.0,1.0,-0.2332
2026-01-15 16:20:00,3322.28,3327.95,3321.54,3325.87,4293.067,14277193.477669999,2723.677,1569.39,1.7355,3.5899999999996908,0.1081,1154.287,4293.067,1.7355,1.0,1.0,0.2689
2026-01-15 16:25:00,3325.87,3327.4,3320.18,3320.28,7480.032,24860127.02027,4295.958,3184.074,1.3492,-5.589999999999691,-0.1681,1111.8839999999996,7480.031999999999,1.3492,1.0,1.0,0.1486
2026-01-15 16:30:00,3320.27,3320.87,3317.64,3320.77,8262.0,27424292.53066,3946.861,4315.139,0.9147,0.5,0.0151,-368.27800000000025,8262.0,0.9147,1.0,1.0,-0.0446
2026-01-15 16:35:00,3320.76,3324.75,3319.49,3324.54,5319.383,17671045.79495,3342.044,1977.339,1.6902,3.7799999999997453,0.1138,1364.705,5319.383,1.6902,1.0,1.0,0.2566
2026-01-15 16:40:00,3324.54,3325.89,3323.6,3325.88,3677.344,12225860.29225,2627.244,1050.1,2.5019,1.3400000000001455,0.0403,1577.1440000000002,3677.344,2.5019,1.0,1.0,0.4289
2026-01-15 16:45:00,3325.88,3331.32,3325.88,3331.15,6735.859,22422443.994659998,4211.164,2524.695,1.668,5.269999999999982,0.1585,1686.4689999999996,6735.859,1.668,1.0,1.0,0.2504
2026-01-15 16:50:00,3331.14,3337.49,3330.88,3333.25,23513.469,78404816.60927,14307.383,9206.086,1.5541,2.1100000000001273,0.0633,5101.2970000000005,23513.468999999997,1.5541,1.0,1.0,0.217
2026-01-15 16:55:00,3333.25,3336.66,3332.63,3334.47,8439.983,28143500.10136,3917.607,4522.376,0.8663,1.2199999999998,0.0366,-604.7690000000002,8439.983,0.8663,1.0,1.0,-0.0717
2026-01-15 17:00:00,3334.48,3334.85,3331.64,3331.64,7266.738,24221331.60365,2305.151,4961.587,0.4646,-2.8400000000001455,-0.0852,-2656.4360000000006,7266.738,0.4646,1.0,1.0,-0.3656
2026-01-15 17:05:00,3331.64,3335.66,3330.65,3335.66,5013.382,16709367.53915,2860.831,2152.551,1.329,4.019999999999982,0.1207,708.2800000000002,5013.382,1.329,1.0,1.0,0.1413
2026-01-15 17:10:00,3335.66,3337.0,3329.5,3329.73,5003.897,16673709.820160002,1850.816,3153.081,0.587,-5.929999999999836,-0.1778,-1302.265,5003.897,0.587,1.0,1.0,-0.2603
2026-01-15 17:15:00,3329.73,3332.88,3328.22,3332.88,3350.895,11160898.09243,1952.229,1398.666,1.3958,3.150000000000091,0.0946,553.5630000000001,3350.895,1.3958,1.0,1.0,0.1652
2026-01-15 17:20:00,3332.88,3336.94,3332.87,3336.13,5295.494,17661321.76803,2873.287,2422.207,1.1862,3.25,0.0975,451.0799999999999,5295.494,1.1862,1.0,1.0,0.0852
2026-01-15 17:25:00,3336.13,3346.61,3335.67,3343.55,31223.844,104375268.38710001,20530.346,10693.498,1.9199,7.420000000000073,0.2224,9836.848000000002,31223.844,1.9199,1.0,1.0,0.315
2026-01-15 17:30:00,3343.56,3348.8,3338.65,3346.79,18214.112999999998,60921720.28328,10020.959,8193.154,1.2231,3.230000000000018,0.0966,1827.8050000000003,18214.113,1.2231,1.0,1.0,0.1004
2026-01-15 17:35:00,3346.79,3360.0,3344.59,3359.19,45393.538,152207496.14006,31590.077,13803.461,2.2886,12.400000000000091,0.3705,17786.616,45393.538,2.2886,1.0,1.0,0.3918
2026-01-15 17:40:00,3359.19,3369.86,3358.05,3368.67,72280.618,243211179.72365,44077.275,28203.343,1.5628,9.480000000000018,0.2822,15873.932,72280.618,1.5628,1.0,1.0,0.2196
2026-01-15 17:45:00,3368.66,3370.0,3361.02,3361.49,27970.368,94099120.58665,13327.095,14643.273,0.9101,-7.170000000000073,-0.2128,-1316.1779999999999,27970.368,0.9101,1.0,1.0,-0.0471
2026-01-15 17:50:00,3361.48,3372.96,3361.25,3372.89,31958.118,107597820.72764,21985.249,9972.869,2.2045,11.409999999999854,0.3394,12012.38,31958.118000000002,2.2045,1.0,1.0,0.3759
2026-01-15 17:55:00,3372.89,3374.41,3364.25,3365.3,25241.811,85050327.09227,10997.012,14244.799,0.772,-7.589999999999691,-0.225,-3247.7870000000003,25241.811,0.772,1.0,1.0,-0.1287
2026-01-15 18:00:00,3365.3,3367.93,3356.57,3358.35,24519.883,82427335.42578,11758.527,12761.356,0.9214,-6.950000000000273,-0.2065,-1002.8289999999997,24519.883,0.9214,1.0,1.0,-0.0409
2026-01-15 18:05:00,3358.36,3367.15,3358.07,3366.86,12467.744,41924419.011250004,8710.088,3757.656,2.318,8.5,0.2531,4952.432,12467.743999999999,2.318,1.0,1.0,0.3972
2026-01-15 18:10:00,3366.86,3367.38,3361.78,3362.39,5632.130999999999,18944898.820720002,1911.371,3720.76,0.5137,-4.470000000000255,-0.1328,-1809.3890000000001,5632.131,0.5137,1.0,1.0,-0.3213
2026-01-15 18:15:00,3362.38,3366.55,3360.87,3366.54,7940.433,26706058.38548,5098.002,2842.431,1.7935,4.1599999999998545,0.1237,2255.5710000000004,7940.433000000001,1.7935,1.0,1.0,0.2841
2026-01-15 18:20:00,3366.54,3378.84,3366.17,3372.19,23279.264,78531561.7184,14715.738,8563.526,1.7184,5.650000000000091,0.1678,6152.2119999999995,23279.264,1.7184,1.0,1.0,0.2643
2026-01-15 18:25:00,3372.19,3372.5,3363.03,3364.12,10040.594,33810944.12783,3766.807,6273.787,0.6004,-8.070000000000164,-0.2393,-2506.9800000000005,10040.594000000001,0.6004,1.0,1.0,-0.2497
2026-01-15 18:30:00,3364.13,3371.16,3362.66,3370.86,10101.997,34003207.83994,5871.837,4230.16,1.3881,6.730000000000018,0.2001,1641.6770000000006,10101.997,1.3881,1.0,1.0,0.1625
2026-01-15 18:35:00,3370.85,3371.24,3364.84,3366.0,3924.29,13213230.90294,1555.717,2368.573,0.6568,-4.849999999999909,-0.1439,-812.8559999999998,3924.29,0.6568,1.0,1.0,-0.2071
2026-01-15 18:40:00,3365.99,3366.44,3363.0,3366.04,5199.023999999999,17493948.312540002,1610.33,3588.694,0.4487,0.0500000000001819,0.0015,-1978.364,5199.023999999999,0.4487,1.0,1.0,-0.3805
2026-01-15 18:45:00,3366.05,3369.6,3365.37,3365.54,3791.626,12766089.98297,1845.417,1946.209,0.9482,-0.5100000000002183,-0.0152,-100.79200000000014,3791.626,0.9482,1.0,1.0,-0.0266
2026-01-15 18:50:00,3365.55,3367.42,3363.56,3366.26,2838.479,9551999.73028,1429.286,1409.193,1.0143,0.7100000000000364,0.0211,20.093000000000075,2838.4790000000003,1.0143,1.0,1.0,0.0071
2026-01-15 18:55:00,3366.27,3367.0,3362.52,3362.79,2613.661,8790844.926029999,853.431,1760.23,0.4848,-3.480000000000018,-0.1034,-906.799,2613.661,0.4848,1.0,1.0,-0.3469
2026-01-15 19:00:00,3362.79,3364.99,3360.03,3360.32,5308.411,17849099.41242,2068.279,3240.132,0.6383,-2.4699999999998,-0.0735,-1171.853,5308.411,0.6383,1.0,1.0,-0.2208
2026-01-15 19:05:00,3360.32,3360.69,3356.65,3357.52,11549.899000000001,38793027.2051,4278.978,7270.921,0.5885,-2.800000000000182,-0.0833,-2991.943,11549.899000000001,0.5885,1.0,1.0,-0.259
2026-01-15 19:10:00,3357.53,3358.09,3355.02,3357.25,7864.021,26396656.95042,3406.07,4457.951,0.764,-0.2800000000002001,-0.0083,-1051.8809999999999,7864.021000000001,0.764,1.0,1.0,-0.1338
2026-01-15 19:15:00,3357.25,3359.68,3355.9,3359.68,7597.110000000001,25504597.48743,2483.527,5113.583,0.4857,2.4299999999998363,0.0724,-2630.0559999999996,7597.11,0.4857,1.0,1.0,-0.3462
2026-01-15 19:20:00,3359.67,3362.53,3359.0,3360.84,8455.822,28418714.69089,5507.917,2947.905,1.8684,1.1700000000000728,0.0348,2560.012,8455.822,1.8684,1.0,1.0,0.3028
2026-01-15 19:25:00,3360.85,3360.9,3359.15,3360.0,3527.0190000000002,11850014.940609999,1673.629,1853.39,0.903,-0.849999999999909,-0.0253,-179.7610000000002,3527.0190000000002,0.903,1.0,1.0,-0.051
2026-01-15 19:30:00,3359.99,3362.5,3347.13,3347.87,33625.912,112797907.13035,11135.565,22490.347,0.4951,-12.11999999999989,-0.3607,-11354.782000000001,33625.912000000004,0.4951,1.0,1.0,-0.3377
2026-01-15 19:35:00,3347.87,3350.73,3346.02,3348.0,14486.223,48502457.92707,7114.654,7371.569,0.9651,0.13000000000010914,0.0039,-256.91499999999996,14486.223000000002,0.9651,1.0,1.0,-0.0177
2026-01-15 19:40:00,3348.01,3351.58,3347.86,3348.99,6874.502,23026568.317360003,3256.005,3618.497,0.8998,0.9799999999995634,0.0293,-362.49199999999973,6874.502,0.8998,1.0,1.0,-0.0527
2026-01-15 19:45:00,3349.0,3351.56,3345.0,3348.46,11884.588,39786604.41963,5726.167,6158.421,0.9298,-0.5399999999999636,-0.0161,-432.2539999999999,11884.588,0.9298,1.0,1.0,-0.0364
2026-01-15 19:50:00,3348.46,3349.97,3346.84,3348.57,3415.5380000000005,11437428.87415,1581.731,1833.807,0.8625,0.11000000000012733,0.0033,-252.07600000000002,3415.538,0.8625,1.0,1.0,-0.0738
2026-01-15 19:55:00,3348.57,3350.0,3347.31,3348.21,3849.6580000000004,12890807.95853,1239.452,2610.206,0.4748,-0.36000000000012733,-0.0108,-1370.7540000000001,3849.6580000000004,0.4748,1.0,1.0,-0.3561
2026-01-15 20:00:00,3348.2,3354.44,3346.0,3352.75,9580.17,32099831.50626,6221.585,3358.585,1.8524,4.550000000000182,0.1359,2863.0,9580.17,1.8524,1.0,1.0,0.2988
2026-01-15 20:05:00,3352.76,3354.81,3351.4,3351.72,3777.814,12667547.28464,2734.586,1043.228,2.6213,-1.0400000000004184,-0.031,1691.3579999999997,3777.814,2.6213,1.0,1.0,0.4477
2026-01-15 20:10:00,3351.72,3355.0,3351.65,3353.66,7978.287,26757897.07802,4292.194,3686.093,1.1644,1.9400000000000546,0.0579,606.1010000000006,7978.287,1.1644,1.0,1.0,0.076
2026-01-15 20:15:00,3353.66,3354.42,3347.07,3347.07,6759.63,22650504.5357,2334.66,4424.97,0.5276,-6.589999999999691,-0.1965,-2090.3100000000004,6759.63,0.5276,1.0,1.0,-0.3092
2026-01-15 20:20:00,3347.07,3349.87,3342.25,3346.91,12945.107,43304582.405190006,5425.453,7519.654,0.7215,-0.16000000000030923,-0.0048,-2094.201,12945.107,0.7215,1.0,1.0,-0.1618
2026-01-15 20:25:00,3346.9,3347.7,3343.51,3344.33,5156.24,17251975.55849,2266.213,2890.027,0.7841,-2.5700000000001637,-0.0768,-623.8139999999999,5156.24,0.7841,1.0,1.0,-0.121
2026-01-15 20:30:00,3344.32,3347.29,3342.54,3346.75,6441.5509999999995,21546539.861390002,4043.572,2397.979,1.6862,2.4299999999998363,0.0727,1645.5930000000003,6441.5509999999995,1.6862,1.0,1.0,0.2555
2026-01-15 20:35:00,3346.75,3348.3,3346.29,3348.01,2665.71,8923289.47962,1856.231,809.479,2.2931,1.2600000000002183,0.0376,1046.752,2665.71,2.2931,1.0,1.0,0.3927
2026-01-15 20:40:00,3348.01,3359.24,3348.01,3356.99,12552.42,42114012.17081,9991.441,2560.979,3.9014,8.979999999999563,0.2682,7430.462000000001,12552.42,3.9014,1.0,1.0,0.592
2026-01-15 20:45:00,3356.99,3363.15,3356.98,3358.5,15233.838,51186081.123339996,9323.292,5910.546,1.5774,1.5100000000002183,0.045,3412.745999999999,15233.838,1.5774,1.0,1.0,0.224
2026-01-15 20:50:00,3358.5,3370.26,3356.01,3367.74,20068.886,67522011.34561,12301.66,7767.226,1.5838,9.239999999999782,0.2751,4534.434,20068.886,1.5838,1.0,1.0,0.2259
2026-01-15 20:55:00,3367.73,3369.79,3364.85,3367.6,12483.516,42037110.20048,6848.173,5635.343,1.2152,-0.13000000000010914,-0.0039,1212.83,12483.516,1.2152,1.0,1.0,0.0972
2026-01-15 21:00:00,3367.6,3368.56,3361.0,3364.49,9072.982,30530939.09157,3048.836,6024.146,0.5061,-3.1100000000001273,-0.0924,-2975.31,9072.982,0.5061,1.0,1.0,-0.3279
2026-01-15 21:05:00,3364.49,3365.87,3360.01,3360.67,7304.234,24557570.004869998,2561.857,4742.377,0.5402,-3.819999999999709,-0.1135,-2180.5200000000004,7304.234,0.5402,1.0,1.0,-0.2985
2026-01-15 21:10:00,3360.67,3361.99,3359.36,3359.99,3517.2870000000003,11819726.48984,1779.33,1737.957,1.0238,-0.680000000000291,-0.0202,41.37299999999982,3517.2870000000003,1.0238,1.0,1.0,0.0118
2026-01-15 21:15:00,3360.0,3367.1,3360.0,3366.01,6584.336,22148736.22533,4441.523,2142.813,2.0728,6.010000000000218,0.1789,2298.71,6584.336,2.0728,1.0,1.0,0.3491
2026-01-15 21:20:00,3366.01,3366.42,3364.51,3365.61,3119.9539999999997,10500978.62244,1913.145,1206.809,1.5853,-0.40000000000009095,-0.0119,706.336,3119.9539999999997,1.5853,1.0,1.0,0.2264
2026-01-15 21:25:00,3365.6,3371.95,3365.6,3370.82,12762.298999999999,43010850.27898,7179.534,5582.765,1.286,5.220000000000255,0.1551,1596.7689999999993,12762.298999999999,1.286,1.0,1.0,0.1251
2026-01-15 21:30:00,3370.82,3371.74,3355.31,3357.64,20915.008,70306810.92112,6264.243,14650.765,0.4276,-13.180000000000291,-0.391,-8386.521999999999,20915.008,0.4276,1.0,1.0,-0.401
2026-01-15 21:35:00,3357.63,3364.78,3356.46,3362.6,5898.793,19825651.65934,3110.445,2788.348,1.1155,4.9699999999998,0.148,322.0970000000002,5898.793,1.1155,1.0,1.0,0.0546
2026-01-15 21:40:00,3362.61,3373.68,3362.29,3367.67,11180.28,37658743.0086,6649.922,4530.358,1.4679,5.059999999999945,0.1505,2119.5639999999994,11180.279999999999,1.4679,1.0,1.0,0.1896
2026-01-15 21:45:00,3367.67,3383.22,3367.42,3381.7,37203.429000000004,125672106.23273,25036.352,12167.077,2.0577,14.029999999999745,0.4166,12869.275,37203.429,2.0577,1.0,1.0,0.3459
2026-01-15 21:50:00,3381.71,3382.0,3372.0,3375.17,16141.914,54507489.43137,5816.649,10325.265,0.5633,-6.539999999999964,-0.1934,-4508.615999999999,16141.914,0.5633,1.0,1.0,-0.2793
2026-01-15 21:55:00,3375.17,3375.17,3368.13,3369.46,8221.447,27713513.549879998,2666.017,5555.43,0.4799,-5.710000000000036,-0.1692,-2889.4130000000005,8221.447,0.4799,1.0,1.0,-0.3514
2026-01-15 22:00:00,3369.46,3377.17,3369.14,3374.63,6825.86,23024236.31348,3758.274,3067.586,1.2252,5.170000000000073,0.1534,690.6880000000001,6825.86,1.2252,1.0,1.0,0.1012
2026-01-15 22:05:00,3374.63,3381.75,3369.7,3379.75,9666.892,32629583.661820002,5552.619,4114.273,1.3496,5.119999999999891,0.1517,1438.3459999999995,9666.892,1.3496,1.0,1.0,0.1488
2026-01-15 22:10:00,3379.74,3380.9,3376.0,3378.98,10901.706,36836892.73083,5521.651,5380.055,1.0263,-0.7599999999997635,-0.0225,141.59599999999955,10901.706,1.0263,1.0,1.0,0.013
2026-01-15 22:15:00,3378.97,3379.95,3372.93,3374.25,8388.199,28317425.53104,2502.863,5885.336,0.4253,-4.7199999999998,-0.1397,-3382.4730000000004,8388.199,0.4253,1.0,1.0,-0.4032
2026-01-15 22:20:00,3374.24,3375.0,3366.32,3367.63,9845.623,33179624.457500003,3812.443,6033.18,0.6319,-6.609999999999673,-0.1959,-2220.737,9845.623,0.6319,1.0,1.0,-0.2256
2026-01-15 22:25:00,3367.63,3372.18,3362.64,3365.21,10989.995,37013983.732999995,5843.944,5146.051,1.1356,-2.4200000000000728,-0.0719,697.893,10989.995,1.1356,1.0,1.0,0.0635
2026-01-15 22:30:00,3365.2,3372.42,3354.0,3357.1,32745.837999999996,110088740.10542,17501.224,15244.614,1.148,-8.099999999999909,-0.2407,2256.6099999999988,32745.837999999996,1.148,1.0,1.0,0.0689
2026-01-15 22:35:00,3357.1,3359.37,3338.51,3342.56,52508.141,175856168.57989,21394.122,31114.019,0.6876,-14.539999999999964,-0.4331,-9719.897,52508.141,0.6876,1.0,1.0,-0.1851
2026-01-15 22:40:00,3342.46,3345.43,3331.5,3332.8,46739.065,156011064.36842,24995.474,21743.591,1.1496,-9.659999999999854,-0.289,3251.882999999998,46739.065,1.1496,1.0,1.0,0.0696
2026-01-15 22:45:00,3332.8,3351.68,3320.58,3343.04,78867.958,262889139.37028998,44862.981,34004.977,1.3193,10.239999999999782,0.3072,10858.004,78867.958,1.3193,1.0,1.0,0.1377
2026-01-15 22:50:00,3343.04,3357.31,3338.81,3353.87,42272.925,141532643.24505,25101.795,17171.13,1.4619,10.829999999999927,0.324,7930.664999999997,42272.925,1.4619,1.0,1.0,0.1876
2026-01-15 22:55:00,3353.86,3356.97,3338.0,3340.49,33745.122,112964234.13697,14459.731,19285.391,0.7498,-13.370000000000346,-0.3986,-4825.66,33745.122,0.7498,1.0,1.0,-0.143
2026-01-15 23:00:00,3340.48,3349.98,3340.0,3340.01,15146.601999999999,50672661.1395,8311.06,6835.542,1.2159,-0.4699999999997999,-0.0141,1475.5179999999991,15146.601999999999,1.2159,1.0,1.0,0.0974
2026-01-15 23:05:00,3340.0,3354.0,3333.8,3353.29,18889.943,63118486.72241,10797.057,8092.886,1.3341,13.289999999999964,0.3979,2704.1710000000003,18889.943,1.3341,1.0,1.0,0.1432
2026-01-15 23:10:00,3353.29,3357.28,3345.0,3348.86,17220.181,57699640.03186,8089.404,9130.777,0.8859,-4.429999999999836,-0.1321,-1041.3729999999996,17220.181,0.8859,1.0,1.0,-0.0605
2026-01-15 23:15:00,3348.87,3352.67,3342.01,3347.63,10822.094000000001,36230687.22883999,6438.214,4383.88,1.4686,-1.2399999999997817,-0.037,2054.334,10822.094000000001,1.4686,1.0,1.0,0.1898
2026-01-15 23:20:00,3347.63,3348.83,3335.05,3335.46,13873.524,46333385.61006,6352.651,7520.873,0.8447,-12.170000000000073,-0.3635,-1168.2219999999998,13873.524,0.8447,1.0,1.0,-0.0842
2026-01-15 23:25:00,3335.46,3337.77,3325.38,3331.23,25692.635000000002,85564728.55899,12508.557,13184.078,0.9488,-4.230000000000018,-0.1268,-675.5209999999988,25692.635000000002,0.9488,1.0,1.0,-0.0263
2026-01-15 23:30:00,3331.23,3337.54,3328.22,3336.8,8765.326000000001,29223867.3658,4961.251,3804.075,1.3042,5.570000000000164,0.1672,1157.1760000000004,8765.326000000001,1.3042,1.0,1.0,0.132
2026-01-15 23:35:00,3336.82,3340.85,3315.25,3319.75,35309.846,117402158.34029,13932.968,21376.878,0.6518,-17.070000000000164,-0.5116,-7443.91,35309.846000000005,0.6518,1.0,1.0,-0.2108
2026-01-15 23:40:00,3319.76,3328.93,3316.0,3325.34,23158.376,76938903.12648,12553.15,10605.226,1.1837,5.579999999999927,0.1681,1947.923999999999,23158.376,1.1837,1.0,1.0,0.0841
2026-01-15 23:45:00,3325.34,3329.0,3288.0,3293.26,111274.373,367547681.04605,43486.297,67788.076,0.6415,-32.07999999999993,-0.9647,-24301.779000000002,111274.37299999999,0.6415,1.0,1.0,-0.2184
2026-01-15 23:50:00,3293.26,3302.95,3285.0,3294.18,59624.2,196328977.77046,34530.028,25094.172,1.376,0.919999999999618,0.0279,9435.856,59624.2,1.376,1.0,1.0,0.1583
2026-01-15 23:55:00,3294.18,3331.0,3293.18,3329.86,71617.163,237285544.29333,42528.119,29089.044,1.462,35.68000000000029,1.0831,13439.074999999997,71617.163,1.462,1.0,1.0,0.1877
2026-01-16 00:00:00,3329.86,3333.49,3311.65,3320.88,50372.485,167320888.7096,22744.33,27628.155,0.8232,-8.980000000000018,-0.2697,-4883.824999999997,50372.485,0.8232,1.0,1.0,-0.097
2026-01-16 00:05:00,3320.87,3322.08,3308.33,3314.3,18656.789,61806478.79454,9008.923,9647.866,0.9338,-6.569999999999709,-0.1978,-638.9429999999993,18656.789,0.9338,1.0,1.0,-0.0342
2026-01-16 00:10:00,3314.3,3324.01,3312.52,3315.66,16038.744999999999,53211727.75294,8048.778,7989.967,1.0074,1.3599999999996726,0.041,58.811000000000604,16038.744999999999,1.0074,1.0,1.0,0.0037
2026-01-16 00:15:00,3315.66,3325.2,3313.55,3319.19,18292.983,60730722.37382,12499.339,5793.644,2.1574,3.5300000000002,0.1065,6705.695,18292.983,2.1574,1.0,1.0,0.3666
2026-01-16 00:20:00,3319.19,3325.54,3319.0,3324.78,11817.862000000001,39264111.972449996,8038.454,3779.408,2.1269,5.5900000000001455,0.1684,4259.046,11817.862,2.1269,1.0,1.0,0.3604
2026-01-16 00:25:00,3324.77,3324.93,3311.57,3315.68,11273.944,37414151.83381,4121.294,7152.65,0.5762,-9.090000000000146,-0.2734,-3031.3559999999998,11273.944,0.5762,1.0,1.0,-0.2689
2026-01-16 00:30:00,3315.67,3322.08,3315.27,3315.3,8467.205,28106109.33208,4739.697,3727.508,1.2715,-0.36999999999989086,-0.0112,1012.1890000000003,8467.205,1.2715,1.0,1.0,0.1195
2026-01-16 00:35:00,3315.31,3320.7,3312.2,3319.49,10429.69,34592994.31924,3361.514,7068.176,0.4756,4.179999999999836,0.1261,-3706.6620000000003,10429.69,0.4756,1.0,1.0,-0.3554
2026-01-16 00:40:00,3319.5,3331.81,3315.47,3327.75,19033.214,63273767.20666,9090.817,9942.397,0.9143,8.25,0.2485,-851.5800000000017,19033.214,0.9143,1.0,1.0,-0.0447
2026-01-16 00:45:00,3327.74,3331.0,3323.81,3326.71,9723.92,32352457.16634,3486.024,6237.896,0.5588,-1.0299999999997453,-0.031,-2751.872,9723.92,0.5588,1.0,1.0,-0.283
2026-01-16 00:50:00,3326.71,3328.41,3322.52,3325.03,7049.254,23437500.105750002,2777.223,4272.031,0.6501,-1.6799999999998363,-0.0505,-1494.808,7049.254,0.6501,1.0,1.0,-0.2121
2026-01-16 00:55:00,3325.03,3334.46,3324.61,3329.01,10431.955,34739603.51323,6440.635,3991.32,1.6137,3.980000000000018,0.1197,2449.315,10431.955,1.6137,1.0,1.0,0.2348
2026-01-16 01:00:00,3329.0,3336.45,3328.57,3330.44,13612.359,45357970.762,8374.544,5237.815,1.5989,1.4400000000000546,0.0433,3136.7290000000003,13612.359,1.5989,1.0,1.0,0.2304
2026-01-16 01:05:00,3330.43,3332.76,3316.84,3320.28,14163.223000000002,47068322.279980004,6005.976,8157.247,0.7363,-10.149999999999636,-0.3048,-2151.2710000000006,14163.223,0.7363,1.0,1.0,-0.1519
2026-01-16 01:10:00,3320.28,3325.37,3316.16,3317.96,11049.378,36707589.64677,5299.287,5750.091,0.9216,-2.3200000000001637,-0.0699,-450.8040000000001,11049.378,0.9216,1.0,1.0,-0.0408
2026-01-16 01:15:00,3317.97,3322.71,3312.01,3320.31,14256.948,47282477.9038,6572.965,7683.983,0.8554,2.3400000000001455,0.0705,-1111.018,14256.948,0.8554,1.0,1.0,-0.0779
2026-01-16 01:20:00,3320.32,3323.9,3319.46,3321.04,3474.346,11539126.90818,1983.614,1490.732,1.3306,0.7199999999997999,0.0217,492.88200000000006,3474.346,1.3306,1.0,1.0,0.1419
2026-01-16 01:25:00,3321.04,3327.12,3321.0,3327.11,4655.584000000001,15478619.42019,2724.33,1931.254,1.4107,6.070000000000164,0.1828,793.076,4655.584,1.4107,1.0,1.0,0.1703
2026-01-16 01:30:00,3327.12,3330.81,3323.33,3328.35,9383.56,31216189.09942,5114.73,4268.83,1.1982,1.2300000000000182,0.037,845.8999999999996,9383.56,1.1982,1.0,1.0,0.0901
2026-01-16 01:35:00,3328.34,3332.0,3326.0,3327.96,8365.646,27852670.66664,4496.236,3869.41,1.162,-0.38000000000010914,-0.0114,626.826,8365.646,1.162,1.0,1.0,0.0749
2026-01-16 01:40:00,3327.95,3331.61,3327.0,3329.26,8317.066,27693716.10581,5834.97,2482.096,2.3508,1.3100000000004002,0.0394,3352.8740000000003,8317.066,2.3508,1.0,1.0,0.4031
2026-01-16 01:45:00,3329.26,3331.96,3316.03,3316.8,15238.652,50660000.27423,5422.278,9816.374,0.5524,-12.460000000000036,-0.3743,-4394.096,15238.652,0.5524,1.0,1.0,-0.2884
2026-01-16 01:50:00,3316.79,3319.77,3300.39,3303.01,37664.599,124633757.03988001,14587.157,23077.442,0.6321,-13.779999999999745,-0.4155,-8490.285,37664.599,0.6321,1.0,1.0,-0.2254
2026-01-16 01:55:00,3303.0,3306.51,3295.6,3299.69,21145.733,69816690.1806,9049.23,12096.503,0.7481,-3.3099999999999454,-0.1002,-3047.273000000001,21145.733,0.7481,1.0,1.0,-0.1441
2026-01-16 02:00:00,3299.68,3304.12,3298.0,3303.61,10837.165,35776299.90884,6877.827,3959.338,1.7371,3.930000000000291,0.1191,2918.489,10837.165,1.7371,1.0,1.0,0.2693
2026-01-16 02:05:00,3303.61,3304.35,3293.28,3294.32,14487.832999999999,47777057.27214,6491.023,7996.81,0.8117,-9.289999999999964,-0.2812,-1505.7870000000003,14487.833,0.8117,1.0,1.0,-0.1039
2026-01-16 02:10:00,3294.32,3294.88,3285.02,3293.54,32457.624,106776060.11594,14229.478,18228.146,0.7806,-0.7800000000002001,-0.0237,-3998.6680000000015,32457.624,0.7806,1.0,1.0,-0.1232
2026-01-16 02:15:00,3293.54,3296.99,3289.06,3290.0,13619.022,44853325.16654,5139.595,8479.427,0.6061,-3.5399999999999636,-0.1075,-3339.8319999999994,13619.022,0.6061,1.0,1.0,-0.2452
2026-01-16 02:20:00,3290.01,3294.0,3287.74,3291.06,8939.989,29418434.11876,5226.991,3712.998,1.4078,1.0499999999997272,0.0319,1513.993,8939.989,1.4078,1.0,1.0,0.1694
2026-01-16 02:25:00,3291.05,3301.71,3291.02,3299.75,15877.745,52355033.21153,12115.389,3762.356,3.2202,8.699999999999818,0.2644,8353.033,15877.744999999999,3.2202,1.0,1.0,0.5261
2026-01-16 02:30:00,3299.75,3306.71,3296.12,3297.47,11890.472,39258804.016619995,6496.772,5393.7,1.2045,-2.2800000000002,-0.0691,1103.0720000000001,11890.472,1.2045,1.0,1.0,0.0928
2026-01-16 02:35:00,3297.47,3298.46,3289.27,3290.0,6010.777,19802159.01837,2388.222,3622.555,0.6593,-7.4699999999998,-0.2265,-1234.3329999999996,6010.777,0.6593,1.0,1.0,-0.2054
2026-01-16 02:40:00,3290.01,3291.68,3272.46,3291.17,62451.599,204798084.35345998,23647.895,38803.704,0.6094,1.1599999999998545,0.0353,-15155.808999999997,62451.599,0.6094,1.0,1.0,-0.2427
2026-01-16 02:45:00,3291.17,3292.0,3282.06,3283.41,8552.731,28105013.20519,3848.852,4703.879,0.8182,-7.760000000000218,-0.2358,-855.027,8552.731,0.8182,1.0,1.0,-0.1
2026-01-16 02:50:00,3283.42,3287.3,3279.01,3286.65,7281.347,23900844.25629,4340.62,2940.727,1.476,3.230000000000018,0.0984,1399.893,7281.347,1.476,1.0,1.0,0.1923
2026-01-16 02:55:00,3286.65,3292.81,3284.17,3287.5,8363.458,27513737.93995,3555.357,4808.101,0.7395,0.849999999999909,0.0259,-1252.7439999999997,8363.457999999999,0.7395,1.0,1.0,-0.1498
2026-01-16 03:00:00,3287.49,3287.49,3275.52,3284.28,15456.519,50712441.272140004,6616.328,8840.191,0.7484,-3.2099999999995816,-0.0976,-2223.8630000000003,15456.519,0.7484,1.0,1.0,-0.1439
2026-01-16 03:05:00,3284.29,3291.34,3282.01,3289.22,13216.178,43468943.32029,8543.495,4672.683,1.8284,4.929999999999836,0.1501,3870.812000000001,13216.178,1.8284,1.0,1.0,0.2929
2026-01-16 03:10:00,3289.22,3293.85,3287.51,3288.99,5636.191,18546396.76791,3396.42,2239.771,1.5164,-0.2300000000000182,-0.007,1156.649,5636.191000000001,1.5164,1.0,1.0,0.2052
2026-01-16 03:15:00,3289.0,3297.95,3287.5,3295.82,8181.222,26949384.53101,5231.789,2949.433,1.7738,6.820000000000164,0.2074,2282.3559999999998,8181.222,1.7738,1.0,1.0,0.279
2026-01-16 03:20:00,3295.82,3295.82,3287.5,3288.19,9159.277,30157431.91702,3683.944,5475.333,0.6728,-7.630000000000109,-0.2315,-1791.3889999999997,9159.277,0.6728,1.0,1.0,-0.1956
2026-01-16 03:25:00,3288.19,3291.14,3282.08,3287.63,5940.888,19521824.32974,2705.181,3235.707,0.836,-0.5599999999999454,-0.017,-530.5259999999998,5940.888,0.836,1.0,1.0,-0.0893
2026-01-16 03:30:00,3287.62,3297.49,3279.81,3295.57,14417.912,47422830.37658,8680.283,5737.629,1.5129,7.950000000000273,0.2418,2942.6539999999995,14417.912,1.5129,1.0,1.0,0.2041
2026-01-16 03:35:00,3295.57,3295.63,3287.92,3288.07,3725.14,12263305.01804,1538.657,2186.483,0.7037,-7.5,-0.2276,-647.8260000000002,3725.1400000000003,0.7037,1.0,1.0,-0.1739
2026-01-16 03:40:00,3288.07,3289.99,3283.25,3287.22,3486.864,11461168.103,1436.577,2050.287,0.7007,-0.8500000000003638,-0.0259,-613.7099999999998,3486.8639999999996,0.7007,1.0,1.0,-0.176
2026-01-16 03:45:00,3287.21,3296.52,3286.26,3295.33,6199.008,20409882.66913,4080.157,2118.851,1.9256,8.11999999999989,0.247,1961.306,6199.008,1.9256,1.0,1.0,0.3164
2026-01-16 03:50:00,3295.33,3301.59,3294.0,3294.35,5927.501,19544521.65593,3855.805,2071.696,1.8612,-0.9800000000000182,-0.0297,1784.109,5927.501,1.8612,1.0,1.0,0.301
2026-01-16 03:55:00,3294.36,3294.91,3291.53,3294.27,6585.954,21686774.94183,5126.914,1459.04,3.5139,-0.09000000000014552,-0.0027,3667.874,6585.954,3.5139,1.0,1.0,0.5569
2026-01-16 04:00:00,3294.26,3304.9,3292.15,3304.08,21360.675000000003,70463223.77854,16694.088,4666.587,3.5774,9.819999999999709,0.2981,12027.501,21360.675,3.5774,1.0,1.0,0.5631
2026-01-16 04:05:00,3304.09,3306.67,3295.12,3299.27,8838.841,29187194.65158,4900.758,3938.083,1.2445,-4.820000000000164,-0.1459,962.6749999999997,8838.841,1.2445,1.0,1.0,0.1089
2026-01-16 04:10:00,3299.26,3299.43,3295.0,3298.31,4520.532,14901753.518600002,1422.961,3097.571,0.4594,-0.9500000000002728,-0.0288,-1674.61,4520.532,0.4594,1.0,1.0,-0.3704
2026-01-16 04:15:00,3298.32,3298.85,3290.32,3290.32,6832.843,22518284.37668,2131.724,4701.119,0.4535,-8.0,-0.2425,-2569.3949999999995,6832.843,0.4535,1.0,1.0,-0.376
2026-01-16 04:20:00,3290.32,3293.33,3286.84,3290.2,6850.817,22539509.26841,2971.797,3879.02,0.7661,-0.12000000000034561,-0.0036,-907.223,6850.817,0.7661,1.0,1.0,-0.1324
2026-01-16 04:25:00,3290.25,3290.92,3283.54,3285.68,5438.809,17872891.566409998,1966.704,3472.105,0.5664,-4.570000000000164,-0.1389,-1505.401,5438.809,0.5664,1.0,1.0,-0.2768
2026-01-16 04:30:00,3285.69,3288.0,3284.16,3286.75,5613.241,18445305.43772,3000.208,2613.033,1.1482,1.0599999999999454,0.0323,387.1750000000002,5613.241,1.1482,1.0,1.0,0.069
2026-01-16 04:35:00,3286.74,3293.41,3285.72,3286.14,5527.484,18182682.76739,2624.851,2902.633,0.9043,-0.599999999999909,-0.0183,-277.7819999999997,5527.484,0.9043,1.0,1.0,-0.0503
2026-01-16 04:40:00,3286.13,3287.2,3281.2,3282.0,6252.415,20532370.50452,2162.856,4089.559,0.5289,-4.130000000000109,-0.1257,-1926.703,6252.415000000001,0.5289,1.0,1.0,-0.3082
2026-01-16 04:45:00,3282.0,3283.7,3276.0,3276.59,10522.888,34507293.62712,2367.011,8155.877,0.2902,-5.4099999999998545,-0.1648,-5788.866,10522.888,0.2902,1.0,1.0,-0.5501
2026-01-16 04:50:00,3276.6,3286.56,3275.22,3285.96,8490.353,27857222.8642,6042.673,2447.68,2.4687,9.360000000000127,0.2857,3594.993,8490.353,2.4687,1.0,1.0,0.4234
2026-01-16 04:55:00,3285.96,3287.86,3283.66,3286.99,4817.213,15827266.12617,2489.558,2327.655,1.0696,1.0299999999997453,0.0313,161.9029999999998,4817.213,1.0696,1.0,1.0,0.0336
2026-01-16 05:00:00,3287.0,3295.9,3282.7,3295.66,6299.08,20720456.65717,3662.127,2636.953,1.3888,8.659999999999854,0.2635,1025.174,6299.08,1.3888,1.0,1.0,0.1627
2026-01-16 05:05:00,3295.66,3295.71,3288.89,3288.89,3942.872,12981430.83551,1246.021,2696.851,0.462,-6.769999999999982,-0.2054,-1450.8300000000002,3942.8720000000003,0.462,1.0,1.0,-0.368
2026-01-16 05:10:00,3288.89,3293.54,3288.89,3291.35,2723.4339999999997,8963683.47902,1621.134,1102.3,1.4707,2.4600000000000364,0.0748,518.8340000000001,2723.434,1.4707,1.0,1.0,0.1905
2026-01-16 05:15:00,3291.36,3295.0,3291.35,3293.99,1908.696,6285932.4581,1050.797,857.899,1.2248,2.6299999999996544,0.0799,192.89800000000002,1908.696,1.2248,1.0,1.0,0.1011
2026-01-16 05:20:00,3294.0,3299.3,3293.74,3297.54,3630.241,11970937.20196,2623.698,1006.543,2.6066,3.5399999999999636,0.1075,1617.1549999999997,3630.241,2.6066,1.0,1.0,0.4455
2026-01-16 05:25:00,3297.54,3297.85,3297.08,3297.56,1449.865,4780851.43762,501.965,947.9,0.5296,0.01999999999998181,0.0006,-445.935,1449.865,0.5296,1.0,1.0,-0.3076
2026-01-16 05:30:00,3297.57,3297.99,3295.38,3297.72,2436.767,8033057.68754,1572.323,864.444,1.8189,0.1499999999996362,0.0045,707.8790000000001,2436.767,1.8189,1.0,1.0,0.2905
2026-01-16 05:35:00,3297.73,3299.64,3297.09,3297.73,1345.821,4438795.28542,765.652,580.169,1.3197,0.0,0.0,185.48300000000006,1345.821,1.3197,1.0,1.0,0.1378
2026-01-16 05:40:00,3297.73,3299.96,3294.44,3299.29,3445.034,11358214.34597,2182.326,1262.708,1.7283,1.5599999999999454,0.0473,919.6179999999999,3445.034,1.7283,1.0,1.0,0.2669
2026-01-16 05:45:00,3299.3,3304.67,3297.9,3303.38,6126.607,20229930.64541,3830.802,2295.805,1.6686,4.079999999999927,0.1237,1534.9970000000003,6126.607,1.6686,1.0,1.0,0.2505
2026-01-16 05:50:00,3303.38,3304.8,3297.6,3298.0,3437.579,11347395.31695,1041.92,2395.659,0.4349,-5.380000000000109,-0.1629,-1353.739,3437.579,0.4349,1.0,1.0,-0.3938
2026-01-16 05:55:00,3297.99,3298.67,3296.99,3298.4,3311.935,10922394.60614,1864.945,1446.99,1.2888,0.41000000000030923,0.0124,417.9549999999999,3311.935,1.2888,1.0,1.0,0.1262
2026-01-16 06:00:00,3298.39,3304.17,3297.94,3303.37,6755.77,22297535.73088,5710.375,1045.395,5.4624,4.980000000000018,0.151,4664.98,6755.77,5.4624,1.0,1.0,0.6905
2026-01-16 06:05:00,3303.37,3306.68,3302.54,3305.34,3740.349,12359142.20514,2388.58,1351.769,1.767,1.9700000000002547,0.0596,1036.811,3740.349,1.767,1.0,1.0,0.2772
2026-01-16 06:10:00,3305.34,3305.35,3295.0,3299.5,3997.987,13195530.21412,1727.478,2270.509,0.7608,-5.8400000000001455,-0.1767,-543.031,3997.987,0.7608,1.0,1.0,-0.1358
2026-01-16 06:15:00,3299.49,3302.22,3295.44,3300.19,2350.225,7751863.07659,1120.751,1229.474,0.9116,0.7000000000002728,0.0212,-108.72299999999996,2350.225,0.9116,1.0,1.0,-0.0463
2026-01-16 06:20:00,3300.18,3305.34,3300.18,3302.03,2067.193,6827420.49775,1130.306,936.887,1.2064,1.8500000000003638,0.0561,193.4190000000001,2067.193,1.2064,1.0,1.0,0.0936
2026-01-16 06:25:00,3302.03,3309.99,3302.0,3307.18,7275.455,24059605.06357,5020.26,2255.195,2.2261,5.149999999999636,0.156,2765.065,7275.455,2.2261,1.0,1.0,0.3801
2026-01-16 06:30:00,3307.19,3315.0,3306.63,3310.09,8762.982,29020890.74099,5102.79,3660.192,1.3941,2.900000000000091,0.0877,1442.598,8762.982,1.3941,1.0,1.0,0.1646
2026-01-16 06:35:00,3310.09,3316.77,3306.42,3314.57,4990.184,16523515.744369999,3081.145,1909.039,1.614,4.480000000000018,0.1353,1172.106,4990.184,1.614,1.0,1.0,0.2349
2026-01-16 06:40:00,3314.58,3318.7,3307.63,3309.05,8118.254,26909013.1162,3455.234,4663.02,0.741,-5.529999999999745,-0.1668,-1207.7860000000005,8118.254000000001,0.741,1.0,1.0,-0.1488
2026-01-16 06:45:00,3309.05,3312.19,3305.42,3308.47,3537.709,11706169.6964,1689.795,1847.914,0.9144,-0.580000000000382,-0.0175,-158.11899999999991,3537.709,0.9144,1.0,1.0,-0.0447
2026-01-16 06:50:00,3308.48,3310.83,3304.7,3305.31,2431.93,8042976.71235,894.011,1537.919,0.5813,-3.1700000000000728,-0.0958,-643.9080000000001,2431.9300000000003,0.5813,1.0,1.0,-0.2648
2026-01-16 06:55:00,3305.32,3309.81,3302.5,3307.79,3705.714,12245048.15498,1283.919,2421.795,0.5302,2.4699999999998,0.0747,-1137.876,3705.714,0.5302,1.0,1.0,-0.3071
2026-01-16 07:00:00,3307.78,3309.9,3304.53,3305.0,3902.274,12902722.13653,1570.389,2331.885,0.6734,-2.7800000000002,-0.084,-761.4960000000003,3902.2740000000003,0.6734,1.0,1.0,-0.1951
2026-01-16 07:05:00,3304.99,3305.0,3301.02,3303.31,5803.9400000000005,19170141.8874,2012.305,3791.635,0.5307,-1.6799999999998363,-0.0508,-1779.3300000000002,5803.9400000000005,0.5307,1.0,1.0,-0.3066
2026-01-16 07:10:00,3303.3,3311.34,3303.3,3310.5,4481.482,14827964.92034,3226.439,1255.043,2.5708,7.199999999999818,0.218,1971.396,4481.482,2.5708,1.0,1.0,0.4399
2026-01-16 07:15:00,3310.5,3314.87,3308.84,3314.0,3951.6929999999998,13090041.175560001,2555.42,1396.273,1.8302,3.5,0.1057,1159.1470000000002,3951.693,1.8302,1.0,1.0,0.2933
2026-01-16 07:20:00,3313.99,3314.8,3310.5,3314.8,2520.375,8350052.81745,908.861,1611.514,0.564,0.8100000000004002,0.0244,-702.6529999999999,2520.375,0.564,1.0,1.0,-0.2788
2026-01-16 07:25:00,3314.79,3314.8,3312.0,3312.0,2993.04,9918175.08894,1279.288,1713.752,0.7465,-2.7899999999999636,-0.0842,-434.46399999999994,2993.04,0.7465,1.0,1.0,-0.1452
2026-01-16 07:30:00,3312.0,3312.18,3308.76,3310.0,2622.617,8681599.64171,708.309,1914.308,0.37,-2.0,-0.0604,-1205.999,2622.617,0.37,1.0,1.0,-0.4598
2026-01-16 07:35:00,3310.0,3312.58,3308.56,3311.94,2130.147,7051445.02999,835.763,1294.384,0.6457,1.9400000000000546,0.0586,-458.621,2130.147,0.6457,1.0,1.0,-0.2153
2026-01-16 07:40:00,3311.94,3312.61,3310.51,3311.72,1504.398,4982073.87423,355.576,1148.822,0.3095,-0.22000000000025466,-0.0066,-793.2459999999999,1504.398,0.3095,1.0,1.0,-0.5273
2026-01-16 07:45:00,3311.73,3319.67,3311.72,3317.84,10724.39,35567286.59645,8588.468,2135.922,4.021,6.110000000000127,0.1845,6452.546,10724.390000000001,4.021,1.0,1.0,0.6017
2026-01-16 07:50:00,3317.83,3323.15,3315.36,3318.64,8910.368,29576385.62841,4841.225,4069.143,1.1897,0.8099999999999454,0.0244,772.0820000000003,8910.368,1.1897,1.0,1.0,0.0866
2026-01-16 07:55:00,3318.64,3318.64,3316.22,3317.38,2338.717,7758106.92923,1114.407,1224.31,0.9102,-1.2599999999997635,-0.038,-109.90300000000002,2338.7169999999996,0.9102,1.0,1.0,-0.047
2026-01-16 08:00:00,3317.38,3321.72,3316.7,3320.34,4896.326,16253336.532060001,2222.005,2674.321,0.8309,2.9600000000000364,0.0892,-452.3159999999998,4896.326,0.8309,1.0,1.0,-0.0924
2026-01-16 08:05:00,3320.34,3323.0,3319.0,3319.0,5051.527,16775380.50357,2037.948,3013.579,0.6763,-1.3400000000001455,-0.0404,-975.6310000000001,5051.527,0.6763,1.0,1.0,-0.1931
2026-01-16 08:10:00,3319.01,3320.0,3315.66,3316.35,2981.603,9892894.45424,1393.681,1587.922,0.8777,-2.6600000000003092,-0.0801,-194.24099999999999,2981.603,0.8777,1.0,1.0,-0.0651
2026-01-16 08:15:00,3316.34,3320.3,3316.13,3319.36,3442.5860000000002,11423169.8804,2186.397,1256.189,1.7405,3.019999999999982,0.0911,930.2079999999999,3442.5860000000002,1.7405,1.0,1.0,0.2702
2026-01-16 08:20:00,3319.35,3321.5,3318.06,3319.09,4382.961,14551732.459369998,3200.943,1182.018,2.708,-0.25999999999976353,-0.0078,2018.9250000000002,4382.961,2.708,1.0,1.0,0.4606
2026-01-16 08:25:00,3319.09,3320.0,3318.53,3319.29,1579.66,5243411.41204,707.323,872.337,0.8108,0.1999999999998181,0.006,-165.014,1579.6599999999999,0.8108,1.0,1.0,-0.1045
2026-01-16 08:30:00,3319.29,3326.0,3318.63,3325.05,10688.167000000001,35524603.4133,8232.457,2455.71,3.3524,5.760000000000218,0.1735,5776.747,10688.167000000001,3.3524,1.0,1.0,0.5405
2026-01-16 08:35:00,3325.05,3325.99,3323.9,3324.5,5621.304,18689806.29218,2967.125,2654.179,1.1179,-0.5500000000001819,-0.0165,312.9459999999999,5621.304,1.1179,1.0,1.0,0.0557
2026-01-16 08:40:00,3324.49,3325.64,3321.6,3324.32,3194.104,10615782.35472,941.262,2252.842,0.4178,-0.169999999999618,-0.0051,-1311.5800000000002,3194.1040000000003,0.4178,1.0,1.0,-0.4106
2026-01-16 08:45:00,3324.33,3324.59,3320.47,3323.69,1807.417,6005739.739589999,742.803,1064.614,0.6977,-0.6399999999998727,-0.0193,-321.81100000000004,1807.417,0.6977,1.0,1.0,-0.1781
2026-01-16 08:50:00,3323.7,3323.7,3320.3,3320.71,2008.1049999999998,6669721.60181,680.792,1327.313,0.5129,-2.9899999999997817,-0.09,-646.5210000000001,2008.105,0.5129,1.0,1.0,-0.322
2026-01-16 08:55:00,3320.71,3320.71,3314.6,3315.81,7751.8769999999995,25715174.11882,1411.603,6340.274,0.2226,-4.900000000000091,-0.1476,-4928.671,7751.877,0.2226,1.0,1.0,-0.6358
2026-01-16 09:00:00,3315.82,3316.45,3312.62,3312.73,6194.738,20529052.0743,2567.908,3626.83,0.708,-3.0900000000001455,-0.0932,-1058.922,6194.737999999999,0.708,1.0,1.0,-0.1709
2026-01-16 09:05:00,3312.74,3312.74,3303.79,3305.08,14155.98,46822370.91668,3713.945,10442.035,0.3557,-7.6599999999998545,-0.2312,-6728.09,14155.98,0.3557,1.0,1.0,-0.4753
2026-01-16 09:10:00,3305.08,3305.6,3300.03,3304.02,17518.822,57857065.15276,5087.268,12431.554,0.4092,-1.0599999999999454,-0.0321,-7344.286,17518.822,0.4092,1.0,1.0,-0.4192
2026-01-16 09:15:00,3304.02,3307.46,3302.24,3306.71,6185.345,20446336.5013,3158.346,3026.999,1.0434,2.6900000000000546,0.0814,131.3470000000002,6185.344999999999,1.0434,1.0,1.0,0.0212
2026-01-16 09:20:00,3306.71,3307.71,3304.47,3307.41,4029.4,13319431.77075,2214.779,1814.621,1.2205,0.6999999999998181,0.0212,400.1579999999999,4029.4,1.2205,1.0,1.0,0.0993
2026-01-16 09:25:00,3307.41,3310.0,3306.0,3309.54,3437.393,11371913.34816,2641.057,796.336,3.3165,2.130000000000109,0.0644,1844.7209999999998,3437.393,3.3165,1.0,1.0,0.5367
2026-01-16 09:30:00,3309.55,3321.43,3309.54,3316.99,12586.271,41740206.8745,8282.239,4304.032,1.9243,7.4399999999996,0.2248,3978.2069999999994,12586.271,1.9243,1.0,1.0,0.3161
2026-01-16 09:35:00,3316.99,3317.0,3312.27,3314.5,4755.01,15763264.48129,1763.564,2991.446,0.5895,-2.4899999999997817,-0.0751,-1227.8819999999998,4755.01,0.5895,1.0,1.0,-0.2582
2026-01-16 09:40:00,3314.49,3315.2,3312.08,3312.55,2659.702,8812254.58812,755.787,1903.915,0.397,-1.9399999999995998,-0.0585,-1148.128,2659.702,0.397,1.0,1.0,-0.4317
2026-01-16 09:45:00,3312.55,3317.12,3312.15,3316.58,2296.668,7613442.10823,1688.999,607.669,2.7795,4.029999999999745,0.1217,1081.33,2296.668,2.7795,1.0,1.0,0.4708
2026-01-16 09:50:00,3316.59,3317.9,3314.54,3315.2,2893.5959999999995,9595331.62607,1382.538,1511.058,0.9149,-1.3900000000003274,-0.0419,-128.51999999999998,2893.596,0.9149,1.0,1.0,-0.0444
2026-01-16 09:55:00,3315.2,3316.96,3312.13,3312.29,2588.838,8582037.61304,575.92,2012.918,0.2861,-2.9099999999998545,-0.0878,-1436.998,2588.8379999999997,0.2861,1.0,1.0,-0.5551
2026-01-16 10:00:00,3312.29,3312.3,3297.11,3302.74,14998.434,49554666.982039995,4930.887,10067.547,0.4898,-9.550000000000182,-0.2883,-5136.660000000001,14998.434000000001,0.4898,1.0,1.0,-0.3425
2026-01-16 10:05:00,3302.75,3304.0,3294.57,3298.25,22075.381,72819387.23008999,8239.786,13835.595,0.5955,-4.5,-0.1363,-5595.808999999999,22075.381,0.5955,1.0,1.0,-0.2535
2026-01-16 10:10:00,3298.25,3299.94,3297.34,3298.96,5284.476,17433194.16741,2596.795,2687.681,0.9662,0.7100000000000364,0.0215,-90.88599999999997,5284.476000000001,0.9662,1.0,1.0,-0.0172
2026-01-16 10:15:00,3298.96,3298.96,3292.0,3297.37,7246.33,23885695.26861,2512.056,4734.274,0.5306,-1.5900000000001455,-0.0482,-2222.2180000000003,7246.33,0.5306,1.0,1.0,-0.3067
2026-01-16 10:20:00,3297.36,3299.57,3290.02,3299.35,17449.53,57485655.42666,6360.886,11088.644,0.5736,1.9899999999997817,0.0604,-4727.758,17449.53,0.5736,1.0,1.0,-0.2709
2026-01-16 10:25:00,3299.35,3307.9,3298.87,3307.21,13812.917,45622074.45369,8766.583,5046.334,1.7372,7.860000000000127,0.2382,3720.2490000000007,13812.917000000001,1.7372,1.0,1.0,0.2693
2026-01-16 10:30:00,3307.22,3307.22,3301.86,3302.79,7168.429,23681882.14875,3668.796,3499.633,1.0483,-4.429999999999836,-0.1339,169.163,7168.429,1.0483,1.0,1.0,0.0236
2026-01-16 10:35:00,3302.8,3304.13,3300.13,3300.54,4113.368,13583450.04768,1045.876,3067.492,0.341,-2.2600000000002183,-0.0684,-2021.6160000000002,4113.368,0.341,1.0,1.0,-0.4915
2026-01-16 10:40:00,3300.54,3301.54,3297.06,3298.46,4134.026,13638210.04848,1603.913,2530.113,0.6339,-2.0799999999999272,-0.063,-926.1999999999998,4134.026,0.6339,1.0,1.0,-0.224
2026-01-16 10:45:00,3298.47,3302.73,3297.59,3301.84,2301.415,7593553.691269999,1495.081,806.334,1.8542,3.3700000000003456,0.1022,688.747,2301.415,1.8542,1.0,1.0,0.2993
2026-01-16 10:50:00,3301.84,3302.56,3299.17,3300.33,1774.89,5858771.83963,1178.187,596.703,1.9745,-1.5100000000002183,-0.0457,581.4839999999999,1774.8899999999999,1.9745,1.0,1.0,0.3276
2026-01-16 10:55:00,3300.33,3302.35,3299.26,3302.22,1969.4460000000001,6500797.8704,933.353,1036.093,0.9008,1.8899999999998727,0.0573,-102.74000000000012,1969.446,0.9008,1.0,1.0,-0.0522
2026-01-16 11:00:00,3302.23,3305.0,3301.95,3302.13,3965.897,13100487.07699,1833.923,2131.974,0.8602,-0.09999999999990905,-0.003,-298.05100000000016,3965.897,0.8602,1.0,1.0,-0.0752
2026-01-16 11:05:00,3302.13,3306.87,3301.88,3306.39,3313.352,10951164.17873,1805.439,1507.913,1.1973,4.2599999999997635,0.129,297.52600000000007,3313.352,1.1973,1.0,1.0,0.0898
2026-01-16 11:10:00,3306.4,3306.4,3303.57,3304.5,2375.0969999999998,7849681.75889,891.784,1483.313,0.6012,-1.900000000000091,-0.0575,-591.5290000000001,2375.097,0.6012,1.0,1.0,-0.2491
2026-01-16 11:15:00,3304.5,3304.51,3300.01,3302.19,2265.9120000000003,7481832.8175,616.664,1649.248,0.3739,-2.3099999999999454,-0.0699,-1032.584,2265.9120000000003,0.3739,1.0,1.0,-0.4557
2026-01-16 11:20:00,3302.19,3304.92,3300.42,3304.6,1724.0810000000001,5694418.91115,1076.818,647.263,1.6636,2.4099999999998545,0.073,429.55499999999995,1724.0810000000001,1.6636,1.0,1.0,0.2492
2026-01-16 11:25:00,3304.6,3304.75,3301.67,3301.67,2485.149,8209621.00444,833.858,1651.291,0.505,-2.9299999999998363,-0.0887,-817.433,2485.149,0.505,1.0,1.0,-0.3289
2026-01-16 11:30:00,3301.67,3301.68,3293.73,3297.57,5148.034,16973950.73407,2073.572,3074.462,0.6745,-4.099999999999909,-0.1242,-1000.8899999999999,5148.034,0.6745,1.0,1.0,-0.1944
2026-01-16 11:35:00,3297.58,3300.0,3297.06,3297.5,2907.246,9589379.24859,979.933,1927.313,0.5084,-0.07999999999992724,-0.0024,-947.3800000000001,2907.246,0.5084,1.0,1.0,-0.3259
2026-01-16 11:40:00,3297.5,3298.54,3296.1,3297.2,2520.695,8310815.2851599995,942.969,1577.726,0.5977,-0.3000000000001819,-0.0091,-634.7570000000001,2520.695,0.5977,1.0,1.0,-0.2518
2026-01-16 11:45:00,3297.2,3298.2,3296.0,3296.0,1408.219,4643057.734639999,622.662,785.557,0.7926,-1.199999999999818,-0.0364,-162.89499999999998,1408.219,0.7926,1.0,1.0,-0.1157
2026-01-16 11:50:00,3296.01,3298.12,3295.38,3297.0,2610.48,8606159.09758,1629.021,981.459,1.6598,0.9899999999997817,0.03,647.562,2610.48,1.6598,1.0,1.0,0.2481
2026-01-16 11:55:00,3297.0,3297.57,3293.7,3293.71,3539.5190000000002,11661643.51694,1273.284,2266.235,0.5618,-3.2899999999999636,-0.0998,-992.951,3539.5190000000002,0.5618,1.0,1.0,-0.2805
2026-01-16 12:00:00,3293.71,3295.7,3291.87,3295.69,5343.536,17598668.12676,2276.314,3067.222,0.7421,1.9800000000000182,0.0601,-790.9080000000004,5343.536,0.7421,1.0,1.0,-0.148
2026-01-16 12:05:00,3295.7,3297.5,3293.35,3294.66,4297.199,14161725.79857,2246.716,2050.483,1.0957,-1.0399999999999636,-0.0316,196.23299999999972,4297.1990000000005,1.0957,1.0,1.0,0.0457
2026-01-16 12:10:00,3294.66,3297.44,3294.6,3297.44,2223.123,7327480.50765,1564.938,658.185,2.3777,2.7800000000002,0.0844,906.7530000000002,2223.123,2.3777,1.0,1.0,0.4079
2026-01-16 12:15:00,3297.44,3303.79,3296.47,3302.43,5588.313,18445095.35337,4287.921,1300.392,3.2974,4.989999999999782,0.1513,2987.5290000000005,5588.313,3.2974,1.0,1.0,0.5346
2026-01-16 12:20:00,3302.44,3302.44,3297.86,3299.3,4255.107,14038023.54894,1798.502,2456.605,0.7321,-3.1399999999998727,-0.0951,-658.1030000000001,4255.107,0.7321,1.0,1.0,-0.1547
2026-01-16 12:25:00,3299.3,3302.0,3296.33,3296.6,3474.5969999999998,11465296.54947,1123.186,2351.411,0.4777,-2.700000000000273,-0.0818,-1228.2250000000001,3474.5969999999998,0.4777,1.0,1.0,-0.3535
2026-01-16 12:30:00,3296.6,3298.98,3280.24,3282.01,30556.261000000002,100426394.86213,7570.791,22985.47,0.3294,-14.58999999999969,-0.4426,-15414.679,30556.261000000002,0.3294,1.0,1.0,-0.5045
2026-01-16 12:35:00,3282.01,3286.49,3278.0,3284.9,34955.2,114721938.68406,16655.68,18299.52,0.9102,2.8899999999998727,0.0881,-1643.8400000000001,34955.2,0.9102,1.0,1.0,-0.047
2026-01-16 12:40:00,3284.9,3286.08,3276.0,3282.74,17900.862,58723871.04508,6511.677,11389.185,0.5717,-2.1600000000003092,-0.0658,-4877.508,17900.862,0.5717,1.0,1.0,-0.2725
2026-01-16 12:45:00,3282.71,3285.11,3281.52,3282.16,5926.433,19459833.51973,3033.606,2892.827,1.0487,-0.5500000000001819,-0.0168,140.779,5926.433000000001,1.0487,1.0,1.0,0.0238
2026-01-16 12:50:00,3282.16,3283.1,3278.77,3282.91,9234.599,30300222.96547,4560.38,4674.219,0.9756,0.75,0.0229,-113.83899999999994,9234.599,0.9756,1.0,1.0,-0.0123
2026-01-16 12:55:00,3282.9,3288.16,3281.33,3286.89,14917.857,49003959.02854,11407.202,3510.655,3.2493,3.9899999999997817,0.1215,7896.546999999999,14917.857,3.2493,1.0,1.0,0.5293
2026-01-16 13:00:00,3286.9,3291.73,3286.08,3286.4,11713.0,38522492.18507,6010.991,5702.009,1.0542,-0.5,-0.0152,308.98199999999997,11713.0,1.0542,1.0,1.0,0.0264
2026-01-16 13:05:00,3286.41,3291.53,3283.27,3289.32,8518.985,28005883.44315,3717.831,4801.154,0.7744,2.9100000000003092,0.0885,-1083.3230000000003,8518.985,0.7744,1.0,1.0,-0.1272
2026-01-16 13:10:00,3289.32,3294.13,3289.31,3291.73,8129.469,26766106.11076,4914.208,3215.261,1.5284,2.4099999999998545,0.0733,1698.9469999999997,8129.468999999999,1.5284,1.0,1.0,0.209
2026-01-16 13:15:00,3291.73,3293.79,3288.89,3291.28,4077.758,13420843.45894,2140.275,1937.483,1.1047,-0.4499999999998181,-0.0137,202.79200000000014,4077.758,1.1047,1.0,1.0,0.0497
2026-01-16 13:20:00,3291.27,3291.27,3287.19,3288.95,8759.077,28811874.77079,1673.747,7085.33,0.2362,-2.3200000000001637,-0.0705,-5411.583,8759.077,0.2362,1.0,1.0,-0.6178
2026-01-16 13:25:00,3288.94,3290.55,3287.32,3289.94,3783.09,12442481.271350002,1176.248,2606.842,0.4512,1.0,0.0304,-1430.594,3783.09,0.4512,1.0,1.0,-0.3782
2026-01-16 13:30:00,3289.95,3293.23,3289.94,3291.34,2509.273,8259541.46563,1150.11,1359.163,0.8462,1.3900000000003274,0.0422,-209.0530000000001,2509.273,0.8462,1.0,1.0,-0.0833
2026-01-16 13:35:00,3291.33,3307.22,3291.33,3304.07,20465.374000000003,67535136.25078,14510.278,5955.096,2.4366,12.740000000000236,0.3871,8555.182,20465.374,2.4366,1.0,1.0,0.418
2026-01-16 13:40:00,3304.07,3313.59,3300.55,3309.49,28451.177,94086845.74825999,13314.744,15136.433,0.8796,5.419999999999618,0.164,-1821.6890000000003,28451.177000000003,0.8796,1.0,1.0,-0.064
2026-01-16 13:45:00,3309.49,3312.0,3308.0,3311.72,10168.744999999999,33661388.083450004,4927.992,5240.753,0.9403,2.230000000000018,0.0674,-312.7609999999995,10168.744999999999,0.9403,1.0,1.0,-0.0308
2026-01-16 13:50:00,3311.77,3314.77,3306.63,3307.39,15488.298,51266452.462060004,4594.084,10894.214,0.4217,-4.380000000000109,-0.1323,-6300.13,15488.297999999999,0.4217,1.0,1.0,-0.4068
2026-01-16 13:55:00,3307.4,3309.18,3307.0,3307.52,3804.849,12586787.990770001,2186.53,1618.319,1.3511,0.11999999999989086,0.0036,568.2110000000002,3804.849,1.3511,1.0,1.0,0.1493
2026-01-16 14:00:00,3307.53,3310.39,3306.51,3307.89,6024.49,19930477.07849,2652.983,3371.507,0.7869,0.3599999999996726,0.0109,-718.5239999999999,6024.49,0.7869,1.0,1.0,-0.1193
2026-01-16 14:05:00,3307.89,3309.49,3304.35,3304.79,9953.137999999999,32910815.00019,5362.382,4590.756,1.1681,-3.099999999999909,-0.0937,771.6259999999993,9953.137999999999,1.1681,1.0,1.0,0.0775
2026-01-16 14:10:00,3304.79,3305.61,3302.13,3303.0,5709.401,18860411.6079,2832.066,2877.335,0.9843,-1.7899999999999636,-0.0542,-45.26900000000023,5709.401,0.9843,1.0,1.0,-0.0079
2026-01-16 14:15:00,3303.0,3304.37,3301.0,3301.35,3789.633,12517334.54822,1780.187,2009.446,0.8859,-1.650000000000091,-0.05,-229.25900000000001,3789.633,0.8859,1.0,1.0,-0.0605
2026-01-16 14:20:00,3301.35,3308.91,3301.12,3306.4,5241.544,17330599.26284,4044.881,1196.663,3.3801,5.050000000000182,0.153,2848.218,5241.544,3.3801,1.0,1.0,0.5434
2026-01-16 14:25:00,3306.4,3307.82,3305.82,3306.99,1669.0130000000001,5519500.18181,1102.963,566.05,1.9485,0.5899999999996908,0.0178,536.913,1669.013,1.9485,1.0,1.0,0.3217
2026-01-16 14:30:00,3307.0,3309.85,3306.47,3309.38,3330.728,11019288.8834,1689.361,1641.367,1.0292,2.380000000000109,0.072,47.99400000000014,3330.728,1.0292,1.0,1.0,0.0144
2026-01-16 14:35:00,3309.37,3311.52,3309.15,3310.72,4411.364,14602241.630800001,3209.166,1202.198,2.6694,1.349999999999909,0.0408,2006.968,4411.3640000000005,2.6694,1.0,1.0,0.455
2026-01-16 14:40:00,3310.72,3316.29,3310.71,3313.27,9882.479,32747886.44559,6479.166,3403.313,1.9038,2.550000000000182,0.077,3075.853,9882.479,1.9038,1.0,1.0,0.3112
2026-01-16 14:45:00,3313.28,3315.7,3312.59,3312.59,6093.798,20197493.77003,3165.719,2928.079,1.0812,-0.6900000000000546,-0.0208,237.63999999999987,6093.798000000001,1.0812,1.0,1.0,0.039
2026-01-16 14:50:00,3312.6,3313.15,3310.63,3312.14,3633.755,12036036.20158,1272.528,2361.227,0.5389,-0.4600000000000364,-0.0139,-1088.6989999999998,3633.755,0.5389,1.0,1.0,-0.2996
2026-01-16 14:55:00,3312.15,3313.4,3312.0,3312.67,1984.5230000000001,6574059.5109399995,900.791,1083.732,0.8312,0.5199999999999818,0.0157,-182.94099999999992,1984.5230000000001,0.8312,1.0,1.0,-0.0922
2026-01-16 15:00:00,3312.67,3312.95,3310.35,3312.0,3582.9440000000004,11865359.25478,1391.127,2191.817,0.6347,-0.6700000000000728,-0.0202,-800.69,3582.944,0.6347,1.0,1.0,-0.2235
2026-01-16 15:05:00,3312.0,3313.2,3309.73,3312.93,2704.131,8955240.604910001,1092.864,1611.267,0.6783,0.9299999999998363,0.0281,-518.403,2704.1310000000003,0.6783,1.0,1.0,-0.1917
2026-01-16 15:10:00,3312.93,3314.5,3312.85,3313.99,3348.348,11096320.1063,1481.592,1866.756,0.7937,1.0599999999999454,0.032,-385.164,3348.348,0.7937,1.0,1.0,-0.115
2026-01-16 15:15:00,3313.99,3313.99,3311.43,3311.43,2315.1130000000003,7668129.20831,752.962,1562.151,0.482,-2.5599999999999454,-0.0772,-809.1890000000001,2315.1130000000003,0.482,1.0,1.0,-0.3495
2026-01-16 15:20:00,3311.43,3313.48,3311.01,3312.79,3272.7920000000004,10840575.31392,1725.179,1547.613,1.1147,1.3600000000001273,0.0411,177.56600000000003,3272.7920000000004,1.1147,1.0,1.0,0.0543
2026-01-16 15:25:00,3312.79,3313.28,3305.0,3306.15,10057.145999999999,33265940.78939,2365.394,7691.752,0.3075,-6.639999999999873,-0.2004,-5326.358,10057.146,0.3075,1.0,1.0,-0.5296
2026-01-16 15:30:00,3306.16,3306.16,3299.67,3305.68,13288.007,43888404.51427,4903.948,8384.059,0.5849,-0.4800000000000182,-0.0145,-3480.110999999999,13288.007,0.5849,1.0,1.0,-0.2619
2026-01-16 15:35:00,3305.68,3305.68,3301.74,3302.5,5190.754,17145962.31222,1987.759,3202.995,0.6206,-3.1799999999998363,-0.0962,-1215.2359999999999,5190.754,0.6206,1.0,1.0,-0.2341
2026-01-16 15:40:00,3302.51,3304.3,3302.2,3302.82,3160.873,10440589.663800001,1533.365,1627.508,0.9422,0.30999999999994543,0.0094,-94.14300000000003,3160.873,0.9422,1.0,1.0,-0.0298
2026-01-16 15:45:00,3302.81,3306.78,3302.81,3306.78,2740.354,9057161.70524,2155.815,584.539,3.6881,3.9700000000002547,0.1202,1571.276,2740.3540000000003,3.6881,1.0,1.0,0.5734
2026-01-16 15:50:00,3306.78,3306.78,3304.18,3306.43,3483.596,11514622.25905,1587.401,1896.195,0.8372,-0.3500000000003638,-0.0106,-308.79399999999987,3483.596,0.8372,1.0,1.0,-0.0886
2026-01-16 15:55:00,3306.44,3308.73,3306.44,3308.06,2913.995,9637771.9011,1754.295,1159.7,1.5127,1.6199999999998909,0.049,594.595,2913.995,1.5127,1.0,1.0,0.204
2026-01-16 16:00:00,3308.06,3312.0,3308.06,3309.13,4636.479,15348008.534570001,2792.205,1844.274,1.514,1.0700000000001637,0.0323,947.931,4636.478999999999,1.514,1.0,1.0,0.2045
2026-01-16 16:05:00,3309.13,3314.52,3307.01,3311.74,8355.543,27662778.33317,6264.389,2091.154,2.9957,2.6099999999996726,0.0789,4173.235000000001,8355.543,2.9957,1.0,1.0,0.4995
2026-01-16 16:10:00,3311.74,3319.31,3311.73,3316.91,15896.754,52722756.40022,9601.773,6294.981,1.5253,5.170000000000073,0.1561,3306.7919999999995,15896.753999999999,1.5253,1.0,1.0,0.208
2026-01-16 16:15:00,3316.87,3317.97,3312.0,3316.01,14832.67,49175238.60535,4271.554,10561.116,0.4045,-0.8599999999996726,-0.0259,-6289.562,14832.67,0.4045,1.0,1.0,-0.424
2026-01-16 16:20:00,3316.0,3316.89,3313.35,3315.34,5161.946,17110817.77146,2591.623,2570.323,1.0083,-0.6599999999998545,-0.0199,21.300000000000182,5161.946,1.0083,1.0,1.0,0.0041
2026-01-16 16:25:00,3315.35,3316.76,3314.32,3315.85,4121.881,13665871.53055,1552.998,2568.883,0.6045,0.5,0.0151,-1015.8849999999998,4121.880999999999,0.6045,1.0,1.0,-0.2465
2026-01-16 16:30:00,3315.84,3317.78,3314.32,3315.07,4161.776,13799049.1083,2152.785,2008.991,1.0716,-0.7699999999999818,-0.0232,143.79399999999987,4161.776,1.0716,1.0,1.0,0.0346
2026-01-16 16:35:00,3315.06,3315.07,3310.45,3313.31,3239.8559999999998,10731633.29543,1164.638,2075.218,0.5612,-1.75,-0.0528,-910.5799999999999,3239.8559999999998,0.5612,1.0,1.0,-0.2811
2026-01-16 16:40:00,3313.3,3316.82,3313.3,3315.63,2963.864,9826394.55103,1951.999,1011.865,1.9291,2.3299999999999272,0.0703,940.134,2963.864,1.9291,1.0,1.0,0.3172
2026-01-16 16:45:00,3315.63,3316.2,3312.69,3315.7,3473.969,11513193.0714,1621.661,1852.308,0.8755,0.06999999999970896,0.0021,-230.64699999999993,3473.969,0.8755,1.0,1.0,-0.0664
2026-01-16 16:50:00,3315.7,3315.86,3312.32,3314.21,2524.719,8367367.599549999,1057.741,1466.978,0.721,-1.4899999999997817,-0.0449,-409.2370000000001,2524.719,0.721,1.0,1.0,-0.1621
2026-01-16 16:55:00,3314.21,3314.21,3311.23,3312.28,4479.299999999999,14839804.08305,2968.006,1511.294,1.9639,-1.9299999999998363,-0.0582,1456.7119999999998,4479.3,1.9639,1.0,1.0,0.3252
2026-01-16 17:00:00,3312.27,3314.43,3310.5,3312.71,1987.768,6583771.2877,943.379,1044.389,0.9033,0.44000000000005457,0.0133,-101.00999999999988,1987.768,0.9033,1.0,1.0,-0.0508
2026-01-16 17:05:00,3312.72,3315.38,3311.01,3312.54,2007.749,6652317.25106,661.927,1345.822,0.4918,-0.1799999999998363,-0.0054,-683.8949999999999,2007.7489999999998,0.4918,1.0,1.0,-0.3406
2026-01-16 17:10:00,3312.54,3314.27,3310.8,3311.78,2629.825,8711847.399149999,1042.725,1587.1,0.657,-0.7599999999997635,-0.0229,-544.375,2629.825,0.657,1.0,1.0,-0.207
2026-01-16 17:15:00,3311.77,3311.77,3306.38,3308.45,4983.615,16486935.673549999,2106.462,2877.153,0.7321,-3.3200000000001637,-0.1002,-770.6909999999998,4983.615,0.7321,1.0,1.0,-0.1546
2026-01-16 17:20:00,3308.46,3308.6,3306.6,3307.71,2704.808,8946838.7301,1300.045,1404.763,0.9255,-0.75,-0.0227,-104.71799999999985,2704.808,0.9255,1.0,1.0,-0.0387
2026-01-16 17:25:00,3307.71,3310.63,3307.52,3310.62,5074.543,16791815.8634,3062.79,2011.753,1.5224,2.9099999999998545,0.088,1051.037,5074.543,1.5224,1.0,1.0,0.2071
2026-01-16 17:30:00,3310.62,3311.0,3308.0,3308.68,1910.6480000000001,6323376.54349,826.966,1083.682,0.7631,-1.9400000000000546,-0.0586,-256.716,1910.6480000000001,0.7631,1.0,1.0,-0.1344
2026-01-16 17:35:00,3308.68,3310.57,3308.19,3310.23,1874.149,6202217.07185,928.676,945.473,0.9822,1.550000000000182,0.0468,-16.796999999999912,1874.149,0.9822,1.0,1.0,-0.009
2026-01-16 17:40:00,3310.23,3310.74,3309.41,3309.75,2316.429,7667109.36324,1667.759,648.67,2.571,-0.4800000000000182,-0.0145,1019.089,2316.429,2.571,1.0,1.0,0.4399
2026-01-16 17:45:00,3309.74,3309.79,3307.73,3307.94,1669.202,5522378.81098,515.239,1153.963,0.4465,-1.7999999999997272,-0.0544,-638.7239999999999,1669.202,0.4465,1.0,1.0,-0.3827
2026-01-16 17:50:00,3307.95,3311.0,3307.33,3308.4,2711.681,8973625.208999999,680.897,2030.784,0.3353,0.45000000000027285,0.0136,-1349.8870000000002,2711.681,0.3353,1.0,1.0,-0.4978
2026-01-16 17:55:00,3308.4,3308.89,3305.0,3306.11,4033.6680000000006,13338272.30968,970.119,3063.549,0.3167,-2.2899999999999636,-0.0692,-2093.43,4033.668,0.3167,1.0,1.0,-0.519
2026-01-16 18:00:00,3306.11,3307.69,3302.75,3304.69,7672.658,25355954.00995,4626.163,3046.495,1.5185,-1.4200000000000728,-0.043,1579.6679999999997,7672.657999999999,1.5185,1.0,1.0,0.2059
2026-01-16 18:05:00,3304.69,3304.7,3300.23,3302.73,5643.602,18635903.45538,1488.468,4155.134,0.3582,-1.9600000000000364,-0.0593,-2666.666,5643.602,0.3582,1.0,1.0,-0.4725
2026-01-16 18:10:00,3302.73,3305.44,3302.31,3305.0,4553.467,15046488.128969999,3105.419,1448.048,2.1446,2.269999999999982,0.0687,1657.3709999999999,4553.467,2.1446,1.0,1.0,0.364
2026-01-16 18:15:00,3305.01,3305.01,3301.01,3303.3,3600.163,11889489.01885,2415.354,1184.809,2.0386,-1.7100000000000364,-0.0517,1230.5449999999998,3600.1629999999996,2.0386,1.0,1.0,0.3418
2026-01-16 18:20:00,3303.3,3305.0,3302.6,3303.0,3545.677,11713460.21319,1575.892,1969.785,0.8,-0.3000000000001819,-0.0091,-393.89300000000003,3545.677,0.8,1.0,1.0,-0.1111
2026-01-16 18:25:00,3303.0,3304.0,3302.99,3303.11,2183.939,7214289.83759,1252.57,931.369,1.3449,0.11000000000012733,0.0033,321.2009999999999,2183.939,1.3449,1.0,1.0,0.1471
2026-01-16 18:30:00,3303.11,3303.11,3296.04,3298.21,13914.613000000001,45910108.77391,3002.489,10912.124,0.2752,-4.900000000000091,-0.1483,-7909.635,13914.613,0.2752,1.0,1.0,-0.5684
2026-01-16 18:35:00,3298.21,3299.92,3294.08,3295.87,6659.964,21958785.182180002,2417.297,4242.667,0.5698,-2.3400000000001455,-0.0709,-1825.3700000000003,6659.964,0.5698,1.0,1.0,-0.2741
2026-01-16 18:40:00,3295.88,3299.08,3294.01,3298.2,11155.969,36771478.68403,6241.979,4913.99,1.2702,2.319999999999709,0.0704,1327.9890000000005,11155.969000000001,1.2702,1.0,1.0,0.119
2026-01-16 18:45:00,3298.19,3300.58,3297.88,3297.89,4809.5289999999995,15868431.05651,3105.023,1704.506,1.8217,-0.3000000000001819,-0.0091,1400.517,4809.529,1.8217,1.0,1.0,0.2912
2026-01-16 18:50:00,3297.89,3298.52,3292.82,3293.76,7142.749,23532423.15338,2664.748,4478.001,0.5951,-4.129999999999654,-0.1252,-1813.2530000000002,7142.749,0.5951,1.0,1.0,-0.2539
2026-01-16 18:55:00,3293.75,3297.32,3293.75,3296.49,2936.86,9678993.58872,1888.405,1048.455,1.8011,2.7399999999997817,0.0832,839.95,2936.8599999999997,1.8011,1.0,1.0,0.286
2026-01-16 19:00:00,3296.5,3297.52,3294.67,3294.79,3332.08,10981988.739810001,1855.621,1476.459,1.2568,-1.7100000000000364,-0.0519,379.16200000000003,3332.08,1.2568,1.0,1.0,0.1138
2026-01-16 19:05:00,3294.79,3299.68,3293.5,3297.72,5210.5869999999995,17179456.62077,3474.328,1736.259,2.001,2.9299999999998363,0.0889,1738.069,5210.5869999999995,2.001,1.0,1.0,0.3336
2026-01-16 19:10:00,3297.71,3301.0,3296.54,3296.7,3840.574,12670822.56773,2384.855,1455.719,1.6383,-1.0100000000002183,-0.0306,929.136,3840.574,1.6383,1.0,1.0,0.2419
2026-01-16 19:15:00,3296.71,3299.99,3292.25,3299.35,8927.874,29424494.11344,2978.124,5949.75,0.5005,2.6399999999998727,0.0801,-2971.626,8927.874,0.5005,1.0,1.0,-0.3328
2026-01-16 19:20:00,3299.34,3300.0,3295.83,3300.0,4547.226,14995305.15589,1589.115,2958.111,0.5372,0.6599999999998545,0.02,-1368.9959999999999,4547.226,0.5372,1.0,1.0,-0.3011
2026-01-16 19:25:00,3300.0,3301.77,3298.7,3300.12,4302.345,14199154.527120002,2649.148,1653.197,1.6024,0.11999999999989086,0.0036,995.9510000000002,4302.345,1.6024,1.0,1.0,0.2315
2026-01-16 19:30:00,3300.11,3305.95,3297.13,3305.5,5481.827,18100403.94648,4135.462,1346.365,3.0716,5.389999999999873,0.1633,2789.0970000000007,5481.827,3.0716,1.0,1.0,0.5088
2026-01-16 19:35:00,3305.5,3305.5,3301.04,3301.74,3959.279,13079997.34424,1816.908,2142.371,0.8481,-3.7600000000002183,-0.1137,-325.4630000000002,3959.279,0.8481,1.0,1.0,-0.0822
2026-01-16 19:40:00,3301.74,3302.31,3297.0,3297.0,3013.414,9944146.765970001,1174.951,1838.463,0.6391,-4.739999999999782,-0.1436,-663.512,3013.4139999999998,0.6391,1.0,1.0,-0.2202
2026-01-16 19:45:00,3297.0,3301.79,3296.23,3301.25,2916.397,9622091.149840001,1816.03,1100.367,1.6504,4.25,0.1289,715.663,2916.397,1.6504,1.0,1.0,0.2454
2026-01-16 19:50:00,3301.25,3303.34,3301.07,3301.08,2395.6600000000003,7911334.7885799995,1487.94,907.72,1.6392,-0.17000000000007276,-0.0051,580.22,2395.66,1.6392,1.0,1.0,0.2422
2026-01-16 19:55:00,3301.07,3301.37,3298.6,3300.78,1692.001,5583516.458889999,808.893,883.108,0.916,-0.2899999999999636,-0.0088,-74.21499999999992,1692.001,0.916,1.0,1.0,-0.0439
2026-01-16 20:00:00,3300.77,3303.67,3299.06,3300.74,3475.568,11474299.1555,2168.978,1306.59,1.66,-0.03000000000020009,-0.0009,862.3880000000001,3475.568,1.66,1.0,1.0,0.2481
2026-01-16 20:05:00,3300.71,3304.25,3300.71,3303.31,2505.516,8275001.64123,1652.911,852.605,1.9387,2.599999999999909,0.0788,800.306,2505.516,1.9387,1.0,1.0,0.3194
2026-01-16 20:10:00,3303.31,3306.29,3303.0,3306.29,3495.413,11551225.065960001,2635.351,860.062,3.0641,2.980000000000018,0.0902,1775.2890000000002,3495.413,3.0641,1.0,1.0,0.5079
2026-01-16 20:15:00,3306.28,3309.39,3305.0,3308.93,7118.888,23542645.41296,4425.363,2693.525,1.643,2.649999999999636,0.0802,1731.8380000000002,7118.888000000001,1.643,1.0,1.0,0.2433
2026-01-16 20:20:00,3308.93,3311.42,3307.91,3310.4,6821.592000000001,22576850.39975,3270.462,3551.13,0.921,1.4700000000002547,0.0444,-280.6680000000001,6821.592000000001,0.921,1.0,1.0,-0.0411
2026-01-16 20:25:00,3310.4,3312.0,3309.66,3310.16,4589.608,15196333.833829999,2414.55,2175.058,1.1101,-0.24000000000023647,-0.0072,239.4920000000002,4589.608,1.1101,1.0,1.0,0.0522
2026-01-16 20:30:00,3310.17,3310.17,3305.6,3309.81,9845.815999999999,32563386.48003,3889.04,5956.776,0.6529,-0.36000000000012733,-0.0109,-2067.736,9845.815999999999,0.6529,1.0,1.0,-0.21
2026-01-16 20:35:00,3309.8,3310.99,3307.7,3310.82,7537.969999999999,24946642.04682,4577.107,2960.863,1.5459,1.0199999999999818,0.0308,1616.2440000000001,7537.969999999999,1.5459,1.0,1.0,0.2144
2026-01-16 20:40:00,3310.82,3313.6,3310.15,3311.31,8579.342,28410873.24111,3392.031,5187.311,0.6539,0.4899999999997817,0.0148,-1795.2799999999997,8579.342,0.6539,1.0,1.0,-0.2093
2026-01-16 20:45:00,3311.3,3312.55,3306.74,3307.24,3692.3140000000003,12220853.32622,1326.4,2365.914,0.5606,-4.0600000000004,-0.1226,-1039.5140000000001,3692.3140000000003,0.5606,1.0,1.0,-0.2815
2026-01-16 20:50:00,3307.24,3307.5,3302.76,3303.99,5418.09,17903208.60147,1526.392,3891.698,0.3922,-3.25,-0.0983,-2365.3059999999996,5418.09,0.3922,1.0,1.0,-0.4366
2026-01-16 20:55:00,3304.0,3307.78,3303.71,3307.52,2813.646,9301776.74755,2014.5,799.146,2.5208,3.519999999999982,0.1065,1215.354,2813.6459999999997,2.5208,1.0,1.0,0.4319
2026-01-16 21:00:00,3307.53,3307.76,3304.19,3305.99,2841.091,9392268.01393,1164.719,1676.372,0.6948,-1.5400000000004184,-0.0466,-511.653,2841.0910000000003,0.6948,1.0,1.0,-0.1801
2026-01-16 21:05:00,3305.99,3306.0,3301.74,3304.19,3293.853,10881695.91134,1116.127,2177.726,0.5125,-1.7999999999997272,-0.0544,-1061.5990000000002,3293.853,0.5125,1.0,1.0,-0.3223
2026-01-16 21:10:00,3304.19,3308.54,3303.64,3308.26,2760.495,9128456.795790002,1917.756,842.739,2.2756,4.070000000000164,0.1232,1075.017,2760.495,2.2756,1.0,1.0,0.3894
2026-01-16 21:15:00,3308.26,3309.4,3304.7,3304.7,2574.636,8515631.83679,1039.821,1534.815,0.6775,-3.5600000000004,-0.1076,-494.99400000000014,2574.636,0.6775,1.0,1.0,-0.1923
2026-01-16 21:20:00,3304.7,3308.1,3301.73,3307.29,6447.349,21305286.14461,2606.531,3840.818,0.6786,2.5900000000001455,0.0784,-1234.2870000000003,6447.349,0.6786,1.0,1.0,-0.1914
2026-01-16 21:25:00,3307.28,3307.9,3306.43,3306.9,3185.364,10534322.88625,1059.245,2126.119,0.4982,-0.38000000000010914,-0.0115,-1066.8740000000003,3185.364,0.4982,1.0,1.0,-0.3349
2026-01-16 21:30:00,3306.89,3309.21,3301.11,3302.23,7350.152,24291583.05322,4885.686,2464.466,1.9825,-4.6599999999998545,-0.1409,2421.22,7350.152,1.9825,1.0,1.0,0.3294
2026-01-16 21:35:00,3302.23,3303.89,3295.31,3295.31,8830.597,29134276.987040002,2406.692,6423.905,0.3746,-6.920000000000073,-0.2096,-4017.2129999999997,8830.597,0.3746,1.0,1.0,-0.4549
2026-01-16 21:40:00,3295.32,3304.8,3293.81,3302.96,12978.867,42804669.55337,7575.357,5403.51,1.4019,7.639999999999873,0.2318,2171.8469999999998,12978.867,1.4019,1.0,1.0,0.1673
2026-01-16 21:45:00,3302.96,3305.6,3302.4,3304.27,4145.4929999999995,13698299.15571,1935.755,2209.738,0.876,1.3099999999999454,0.0397,-273.9829999999997,4145.493,0.876,1.0,1.0,-0.0661
2026-01-16 21:50:00,3304.27,3306.45,3303.21,3304.11,5805.38,19185449.72699,1587.602,4217.778,0.3764,-0.15999999999985448,-0.0048,-2630.1760000000004,5805.38,0.3764,1.0,1.0,-0.4531
2026-01-16 21:55:00,3304.11,3307.72,3304.11,3306.03,5542.428,18322971.02688,3593.149,1949.279,1.8433,1.9200000000000728,0.0581,1643.87,5542.428,1.8433,1.0,1.0,0.2966
2026-01-16 22:00:00,3306.04,3312.51,3306.03,3308.95,6384.127,21128717.57591,4703.391,1680.736,2.7984,2.9099999999998545,0.088,3022.6549999999997,6384.1269999999995,2.7984,1.0,1.0,0.4735
2026-01-16 22:05:00,3308.95,3309.22,3302.21,3303.95,6027.516,19918108.88585,1627.769,4399.747,0.37,-5.0,-0.1511,-2771.978,6027.5160000000005,0.37,1.0,1.0,-0.4599
2026-01-16 22:10:00,3303.95,3303.95,3301.02,3302.05,4136.841,13661430.177550001,1507.744,2629.097,0.5735,-1.8999999999996362,-0.0575,-1121.3530000000003,4136.841,0.5735,1.0,1.0,-0.2711
2026-01-16 22:15:00,3302.04,3306.2,3300.46,3303.0,3040.375,10040751.24059,1760.947,1279.428,1.3764,0.9600000000000364,0.0291,481.5189999999998,3040.375,1.3764,1.0,1.0,0.1584
2026-01-16 22:20:00,3303.0,3306.25,3303.0,3303.81,2947.1549999999997,9739531.84983,1752.065,1195.09,1.4661,0.8099999999999454,0.0245,556.9750000000001,2947.1549999999997,1.4661,1.0,1.0,0.189
2026-01-16 22:25:00,3303.8,3313.64,3301.96,3313.47,10128.202,33500423.26235,6991.504,3136.698,2.2289,9.669999999999618,0.2927,3854.806,10128.202,2.2289,1.0,1.0,0.3806
2026-01-16 22:30:00,3313.46,3317.4,3296.51,3304.27,35909.485,118750859.92288,17400.286,18509.199,0.9401,-9.190000000000055,-0.2774,-1108.9130000000005,35909.485,0.9401,1.0,1.0,-0.0309
2026-01-16 22:35:00,3304.26,3305.65,3288.08,3292.99,35462.56,116872810.98958,13962.425,21500.135,0.6494,-11.270000000000437,-0.3411,-7537.709999999999,35462.56,0.6494,1.0,1.0,-0.2126
2026-01-16 22:40:00,3293.0,3300.0,3292.14,3293.02,12355.988,40724072.45979,6252.166,6103.822,1.0243,0.01999999999998181,0.0006,148.34400000000005,12355.988000000001,1.0243,1.0,1.0,0.012
2026-01-16 22:45:00,3293.02,3304.39,3292.61,3293.89,15120.211,49883054.161740005,8803.629,6316.582,1.3937,0.8699999999998909,0.0264,2487.0470000000005,15120.211000000001,1.3937,1.0,1.0,0.1645
2026-01-16 22:50:00,3293.89,3297.78,3289.12,3295.83,11384.046,37505534.90056,5442.333,5941.713,0.916,1.9400000000000546,0.0589,-499.3800000000001,11384.045999999998,0.916,1.0,1.0,-0.0439
2026-01-16 22:55:00,3295.8,3298.4,3291.6,3293.0,7848.231,25863201.23165,3897.436,3950.795,0.9865,-2.800000000000182,-0.085,-53.358999999999924,7848.231,0.9865,1.0,1.0,-0.0068
2026-01-16 23:00:00,3292.99,3297.77,3285.44,3294.59,30694.956,101018171.87929,13456.187,17238.769,0.7806,1.6000000000003638,0.0486,-3782.5820000000003,30694.956,0.7806,1.0,1.0,-0.1232
2026-01-16 23:05:00,3294.58,3307.99,3293.72,3302.75,19811.291,65415553.934879996,11766.797,8044.494,1.4627,8.170000000000073,0.248,3722.303000000001,19811.291,1.4627,1.0,1.0,0.1879
2026-01-16 23:10:00,3302.75,3310.3,3302.24,3306.8,19556.134000000002,64665517.63992,10707.854,8848.28,1.2102,4.050000000000182,0.1226,1859.5739999999987,19556.134,1.2102,1.0,1.0,0.0951
2026-01-16 23:15:00,3306.8,3309.59,3283.1,3283.92,24009.833,79104036.1681,8695.85,15313.983,0.5678,-22.88000000000011,-0.6919,-6618.133,24009.833,0.5678,1.0,1.0,-0.2756
2026-01-16 23:20:00,3283.91,3301.61,3282.13,3295.92,38951.973,128190914.42661999,19658.941,19293.032,1.019,12.010000000000218,0.3657,365.90899999999965,38951.973,1.019,1.0,1.0,0.0094
2026-01-16 23:25:00,3295.93,3299.47,3286.5,3288.0,18988.254,62517838.17441,8953.629,10034.625,0.8923,-7.929999999999836,-0.2406,-1080.9959999999992,18988.254,0.8923,1.0,1.0,-0.0569
2026-01-16 23:30:00,3288.0,3292.01,3266.0,3272.91,109584.28700000001,358927600.11676,41958.634,67625.653,0.6205,-15.090000000000146,-0.4589,-25667.019000000008,109584.28700000001,0.6205,1.0,1.0,-0.2342
2026-01-16 23:35:00,3272.91,3283.99,3266.59,3279.38,42234.123999999996,138352852.00882,24531.674,17702.45,1.3858,6.470000000000255,0.1977,6829.223999999998,42234.123999999996,1.3858,1.0,1.0,0.1617
2026-01-16 23:40:00,3279.37,3279.37,3257.42,3268.35,62817.104,205043789.95417,27472.719,35344.385,0.7773,-11.019999999999982,-0.336,-7871.666000000001,62817.10400000001,0.7773,1.0,1.0,-0.1253
2026-01-16 23:45:00,3268.35,3269.05,3252.0,3258.4,63458.8,206743024.08781,26175.299,37283.501,0.7021,-9.949999999999818,-0.3044,-11108.201999999997,63458.799999999996,0.7021,1.0,1.0,-0.175
2026-01-16 23:50:00,3258.4,3263.15,3252.04,3262.46,33898.538,110456637.03788,20602.046,13296.492,1.5494,4.059999999999945,0.1246,7305.553999999998,33898.538,1.5494,1.0,1.0,0.2155
2026-01-16 23:55:00,3262.45,3266.36,3262.37,3263.63,17906.979,58452869.695709996,9316.034,8590.945,1.0844,1.180000000000291,0.0362,725.0889999999999,17906.979,1.0844,1.0,1.0,0.0405
2026-01-17 00:00:00,3263.62,3267.58,3258.0,3264.32,26299.703,85820898.82015,12080.822,14218.881,0.8496,0.7000000000002728,0.0214,-2138.0589999999993,26299.703,0.8496,1.0,1.0,-0.0813
2026-01-17 00:05:00,3264.32,3272.0,3263.12,3269.77,20897.945,68318515.64569,11556.771,9341.174,1.2372,5.449999999999818,0.167,2215.5969999999998,20897.945,1.2372,1.0,1.0,0.106
2026-01-17 00:10:00,3269.78,3271.38,3266.7,3271.38,11593.135999999999,37900179.34723,6198.254,5394.882,1.1489,1.599999999999909,0.0489,803.3720000000003,11593.135999999999,1.1489,1.0,1.0,0.0693
2026-01-17 00:15:00,3271.38,3279.99,3258.0,3278.44,39796.948000000004,130057964.82142,19339.723,20457.225,0.9454,7.059999999999945,0.2158,-1117.5019999999968,39796.948000000004,0.9454,1.0,1.0,-0.0281
2026-01-17 00:20:00,3278.44,3281.58,3272.71,3279.59,34275.879,112370415.14294,18018.018,16257.861,1.1083,1.150000000000091,0.0351,1760.1569999999992,34275.879,1.1083,1.0,1.0,0.0514
2026-01-17 00:25:00,3279.59,3282.0,3277.24,3277.46,17190.265,56373544.220589995,9945.031,7245.234,1.3726,-2.130000000000109,-0.0649,2699.7970000000005,17190.265,1.3726,1.0,1.0,0.1571
2026-01-17 00:30:00,3277.47,3280.6,3270.81,3271.0,18545.529000000002,60739419.95201,7357.298,11188.231,0.6576,-6.4699999999998,-0.1974,-3830.933,18545.529,0.6576,1.0,1.0,-0.2066
2026-01-17 00:35:00,3271.01,3281.75,3271.0,3281.0,13146.673,43101964.14994,6713.333,6433.34,1.0435,9.989999999999782,0.3054,279.9929999999995,13146.672999999999,1.0435,1.0,1.0,0.0213
2026-01-17 00:40:00,3280.99,3282.85,3279.0,3280.0,5792.173,19003886.443740003,2843.195,2948.978,0.9641,-0.9899999999997817,-0.0302,-105.7829999999999,5792.173000000001,0.9641,1.0,1.0,-0.0183
2026-01-17 00:45:00,3280.0,3287.99,3279.33,3282.61,13479.565,44264415.15489,8726.348,4753.217,1.8359,2.6100000000001273,0.0796,3973.1310000000003,13479.564999999999,1.8359,1.0,1.0,0.2948
2026-01-17 00:50:00,3282.61,3284.25,3277.69,3279.49,7964.584,26137243.85594,3576.823,4387.761,0.8152,-3.1200000000003456,-0.095,-810.9380000000006,7964.584000000001,0.8152,1.0,1.0,-0.1018
2026-01-17 00:55:00,3279.5,3281.1,3274.36,3277.8,6791.003,22257543.75153,3513.951,3277.052,1.0723,-1.699999999999818,-0.0518,236.8989999999999,6791.003000000001,1.0723,1.0,1.0,0.0349
2026-01-17 01:00:00,3277.85,3278.25,3273.33,3275.0,7251.992,23750444.92449,2656.086,4595.906,0.5779,-2.849999999999909,-0.0869,-1939.8200000000002,7251.992,0.5779,1.0,1.0,-0.2675
2026-01-17 01:05:00,3274.99,3276.29,3269.75,3273.06,9492.722,31058393.383719996,2721.353,6771.369,0.4019,-1.9299999999998363,-0.0589,-4050.0159999999996,9492.722,0.4019,1.0,1.0,-0.4266
2026-01-17 01:10:00,3273.06,3275.54,3269.0,3275.32,4772.35,15616330.528609999,2841.696,1930.654,1.4719,2.2600000000002183,0.069,911.0419999999999,4772.35,1.4719,1.0,1.0,0.1909
2026-01-17 01:15:00,3275.32,3279.54,3273.33,3275.38,3803.194,12459416.11541,2147.643,1655.551,1.2972,0.05999999999994543,0.0018,492.0920000000001,3803.194,1.2972,1.0,1.0,0.1294
2026-01-17 01:20:00,3275.38,3275.84,3268.49,3268.84,2999.9519999999998,9816039.939679999,1233.339,1766.613,0.6981,-6.539999999999964,-0.1997,-533.2740000000001,2999.952,0.6981,1.0,1.0,-0.1778
2026-01-17 01:25:00,3268.85,3274.15,3264.45,3272.82,11734.481,38351488.29853,6647.649,5086.832,1.3068,3.9700000000002547,0.1214,1560.817,11734.481,1.3068,1.0,1.0,0.133
2026-01-17 01:30:00,3272.81,3278.7,3272.0,3277.1,7947.971,26039912.76521,4831.754,3116.217,1.5505,4.289999999999964,0.1311,1715.5369999999998,7947.971,1.5505,1.0,1.0,0.2158
2026-01-17 01:35:00,3277.11,3281.28,3274.53,3278.75,6086.6,19954129.40422,3734.275,2352.325,1.5875,1.6399999999998727,0.05,1381.9500000000003,6086.6,1.5875,1.0,1.0,0.227
2026-01-17 01:40:00,3278.75,3283.11,3277.55,3282.78,6009.542,19718843.468769997,3552.801,2449.289,1.4505,4.0300000000002,0.1229,1103.5119999999997,6002.09,1.4505,1.0012,0.9988,0.1839
2026-01-17 01:45:00,3282.77,3283.68,3278.02,3278.84,6348.24,20826879.34475,2081.862,4273.83,0.4871,-3.9299999999998363,-0.1197,-2191.968,6355.692,0.4871,0.9988,1.0012,-0.3449
2026-01-17 01:50:00,3278.84,3279.84,3275.0,3276.34,4035.614,13226139.75855,1466.822,2568.792,0.571,-2.5,-0.0762,-1101.97,4035.6139999999996,0.571,1.0,1.0,-0.2731
2026-01-17 01:55:00,3276.34,3285.35,3276.33,3283.04,7362.1990000000005,24164414.269220002,5607.462,1754.188,3.1966,6.699999999999818,0.2045,3853.2740000000003,7361.650000000001,3.1966,1.0001,0.9999,0.5234
2026-01-17 02:00:00,3283.03,3287.69,3281.2,3281.99,7987.654,26235192.52694,3823.418,4164.236,0.9182,-1.0400000000004184,-0.0317,-340.81799999999976,7987.654,0.9182,1.0,1.0,-0.0427
2026-01-17 02:05:00,3282.0,3285.04,3281.99,3283.84,2445.31,8028769.00275,1093.94,1351.37,0.8095,1.8400000000001455,0.0561,-257.42999999999984,2445.31,0.8095,1.0,1.0,-0.1053
2026-01-17 02:10:00,3283.84,3283.84,3278.7,3279.33,2799.386,9184160.59176,977.671,1821.715,0.5367,-4.510000000000218,-0.1373,-844.0439999999999,2799.386,0.5367,1.0,1.0,-0.3015
2026-01-17 02:15:00,3279.34,3284.6,3278.16,3281.44,2713.304,8905975.73453,1272.248,1441.056,0.8829,2.099999999999909,0.064,-168.808,2713.304,0.8829,1.0,1.0,-0.0622
2026-01-17 02:20:00,3281.43,3282.39,3276.01,3281.0,4896.556,16053221.89072,2616.036,2280.52,1.1471,-0.4299999999998363,-0.0131,335.5160000000001,4896.5560000000005,1.1471,1.0,1.0,0.0685
2026-01-17 02:25:00,3280.99,3283.59,3280.15,3282.56,2024.538,6645286.7435099995,1045.063,979.475,1.067,1.5700000000001637,0.0479,65.58800000000008,2024.538,1.067,1.0,1.0,0.0324
2026-01-17 02:30:00,3282.55,3284.5,3282.45,3284.01,4662.049,15308536.452469999,2988.379,1673.67,1.7855,1.4600000000000364,0.0445,1314.7089999999998,4662.049,1.7855,1.0,1.0,0.282
2026-01-17 02:35:00,3284.01,3285.19,3281.43,3282.35,2370.877,7784614.80564,1043.91,1326.967,0.7867,-1.6600000000003092,-0.0505,-283.057,2370.8770000000004,0.7867,1.0,1.0,-0.1194
2026-01-17 02:40:00,3282.35,3284.01,3280.45,3282.28,1615.115,5300126.816459999,595.405,1019.71,0.5839,-0.06999999999970896,-0.0021,-424.30500000000006,1615.115,0.5839,1.0,1.0,-0.2627
2026-01-17 02:45:00,3282.28,3284.74,3276.15,3278.05,4136.5419999999995,13566251.25003,1246.602,2889.94,0.4314,-4.230000000000018,-0.1289,-1643.338,4136.542,0.4314,1.0,1.0,-0.3973
2026-01-17 02:50:00,3278.05,3280.91,3278.05,3280.45,2233.508,7323439.30869,1507.083,726.425,2.0747,2.399999999999636,0.0732,780.6580000000001,2233.508,2.0747,1.0,1.0,0.3495
2026-01-17 02:55:00,3280.48,3280.68,3277.26,3277.27,1754.199,5752084.89629,943.327,810.872,1.1633,-3.2100000000000364,-0.0979,132.45500000000004,1754.199,1.1633,1.0,1.0,0.0755
2026-01-17 03:00:00,3277.26,3277.8,3273.6,3277.27,4260.691,13957497.46827,2318.861,1941.83,1.1942,0.009999999999763531,0.0003,377.03099999999995,4260.691,1.1942,1.0,1.0,0.0885
2026-01-17 03:05:00,3277.27,3277.66,3273.0,3274.57,2814.484,9216153.94287,1492.228,1322.256,1.1285,-2.699999999999818,-0.0824,169.97199999999998,2814.4840000000004,1.1285,1.0,1.0,0.0604
2026-01-17 03:10:00,3274.57,3275.67,3273.0,3273.56,2888.0699999999997,9456729.4554,1730.627,1157.443,1.4952,-1.0100000000002183,-0.0308,573.184,2888.0699999999997,1.4952,1.0,1.0,0.1985
2026-01-17 03:15:00,3273.55,3274.42,3268.83,3271.66,4869.289,15927386.84375,1851.43,3017.859,0.6135,-1.8900000000003274,-0.0577,-1166.4289999999999,4869.289,0.6135,1.0,1.0,-0.2395
2026-01-17 03:20:00,3271.65,3273.19,3268.57,3271.82,2159.037,7061684.75873,893.913,1265.124,0.7066,0.17000000000007276,0.0052,-371.211,2159.0370000000003,0.7066,1.0,1.0,-0.1719
2026-01-17 03:25:00,3271.83,3272.77,3267.11,3268.36,3815.11,12475187.88058,1474.796,2340.314,0.6302,-3.4699999999998,-0.1061,-865.5179999999998,3815.1099999999997,0.6302,1.0,1.0,-0.2269
2026-01-17 03:30:00,3268.37,3275.0,3268.08,3274.11,3770.189,12337889.95572,2343.756,1426.433,1.6431,5.7400000000002365,0.1756,917.3229999999999,3770.189,1.6431,1.0,1.0,0.2433
2026-01-17 03:35:00,3274.12,3276.6,3273.34,3273.51,2054.111,6727540.17434,1168.952,885.159,1.3206,-0.6099999999996726,-0.0186,283.793,2054.111,1.3206,1.0,1.0,0.1382
2026-01-17 03:40:00,3273.51,3274.64,3271.3,3271.54,2088.103,6833553.62149,1185.017,903.086,1.3122,-1.9700000000002547,-0.0602,281.93100000000004,2088.103,1.3122,1.0,1.0,0.135
2026-01-17 03:45:00,3271.55,3273.92,3271.39,3273.92,1409.152,4611311.66459,834.781,574.371,1.4534,2.369999999999891,0.0724,260.40999999999997,1409.152,1.4534,1.0,1.0,0.1848
2026-01-17 03:50:00,3273.91,3275.34,3269.03,3273.37,8111.5740000000005,26537657.92017,5514.727,2596.847,2.1236,-0.5399999999999636,-0.0165,2917.8799999999997,8111.5740000000005,2.1236,1.0,1.0,0.3597
2026-01-17 03:55:00,3273.37,3275.77,3271.12,3275.32,2701.372,8844999.43913,2090.927,610.445,3.4253,1.9500000000002728,0.0596,1480.482,2701.3720000000003,3.4253,1.0,1.0,0.548
2026-01-17 04:00:00,3275.33,3276.0,3267.28,3267.71,4906.378,16055137.42092,1130.028,3776.35,0.2992,-7.619999999999891,-0.2326,-2646.322,4906.378,0.2992,1.0,1.0,-0.5394
2026-01-17 04:05:00,3267.7,3269.33,3263.19,3263.4,12209.24,39872142.08395,4970.618,7238.622,0.6867,-4.299999999999727,-0.1316,-2268.004,12209.240000000002,0.6867,1.0,1.0,-0.1858
2026-01-17 04:10:00,3263.4,3272.04,3262.04,3271.6,6972.513,22779349.76002,3390.809,3581.704,0.9467,8.199999999999818,0.2513,-190.89499999999998,6972.513000000001,0.9467,1.0,1.0,-0.0274
2026-01-17 04:15:00,3271.6,3276.36,3270.04,3276.08,5369.808,17574852.68599,3259.426,2110.382,1.5445,4.480000000000018,0.1369,1149.0439999999999,5369.808,1.5445,1.0,1.0,0.214
2026-01-17 04:20:00,3276.09,3279.89,3276.09,3277.8,4245.161,13915275.004040001,2503.384,1741.777,1.4373,1.7100000000000364,0.0522,761.607,4245.161,1.4373,1.0,1.0,0.1794
2026-01-17 04:25:00,3277.8,3284.7,3276.64,3283.67,9515.547,31217595.68151,5625.374,3890.173,1.446,5.869999999999891,0.1791,1735.201,9515.546999999999,1.446,1.0,1.0,0.1824
2026-01-17 04:30:00,3283.67,3285.31,3281.37,3282.27,8014.989,26318195.55359,3587.712,4427.277,0.8104,-1.400000000000091,-0.0426,-839.565,8014.989,0.8104,1.0,1.0,-0.1047
2026-01-17 04:35:00,3282.27,3285.8,3280.41,3282.17,5309.29,17432731.55741,2664.765,2644.525,1.0077,-0.09999999999990905,-0.003,20.23999999999978,5309.29,1.0077,1.0,1.0,0.0038
2026-01-17 04:40:00,3282.18,3286.98,3281.98,3286.5,3786.294,12439037.84729,2665.224,1121.07,2.3774,4.320000000000164,0.1316,1544.1540000000002,3786.294,2.3774,1.0,1.0,0.4078
2026-01-17 04:45:00,3286.49,3286.49,3282.73,3283.37,2647.483,8696027.87693,649.599,1997.884,0.3251,-3.119999999999891,-0.0949,-1348.2849999999999,2647.483,0.3251,1.0,1.0,-0.5093
2026-01-17 04:50:00,3283.38,3287.88,3282.71,3287.88,8605.076000000001,28267241.2539,3320.281,5284.795,0.6283,4.5,0.1371,-1964.5140000000001,8605.076000000001,0.6283,1.0,1.0,-0.2283
2026-01-17 04:55:00,3287.87,3292.64,3287.5,3291.44,10764.439,35415400.266959995,6485.47,4278.969,1.5157,3.5700000000001637,0.1086,2206.501,10764.439,1.5157,1.0,1.0,0.205
2026-01-17 05:00:00,3291.45,3297.49,3290.37,3293.99,12627.246,41596118.70068,6967.148,5660.098,1.2309,2.5399999999999636,0.0772,1307.0500000000002,12627.246,1.2309,1.0,1.0,0.1035
2026-01-17 05:05:00,3293.99,3297.44,3293.51,3294.64,4671.764,15397316.04115,2098.527,2573.237,0.8155,0.650000000000091,0.0197,-474.71000000000004,4671.764,0.8155,1.0,1.0,-0.1016
2026-01-17 05:10:00,3294.63,3295.52,3288.67,3288.87,6373.709,20982992.32718,1754.044,4619.665,0.3797,-5.760000000000218,-0.1748,-2865.621,6373.709,0.3797,1.0,1.0,-0.4496
2026-01-17 05:15:00,3288.9,3289.95,3286.5,3289.5,3174.538,10439961.76044,1208.922,1965.616,0.615,0.599999999999909,0.0182,-756.694,3174.538,0.615,1.0,1.0,-0.2384
2026-01-17 05:20:00,3289.5,3290.0,3288.22,3289.96,1280.695,4212221.65471,629.31,651.385,0.9661,0.4600000000000364,0.014,-22.075000000000045,1280.695,0.9661,1.0,1.0,-0.0172
2026-01-17 05:25:00,3289.96,3291.84,3288.86,3290.95,3882.2319999999995,12773099.696220001,3085.161,797.071,3.8706,0.9899999999997817,0.0301,2288.09,3882.232,3.8706,1.0,1.0,0.5894
2026-01-17 05:30:00,3290.94,3294.24,3288.75,3294.01,2164.45,7125498.87179,1096.54,1067.91,1.0268,3.0700000000001637,0.0933,28.62999999999988,2164.45,1.0268,1.0,1.0,0.0132
2026-01-17 05:35:00,3294.01,3296.27,3290.5,3295.66,2815.9939999999997,9277325.904,1071.647,1744.347,0.6144,1.6499999999996362,0.0501,-672.7,2815.9939999999997,0.6144,1.0,1.0,-0.2389
2026-01-17 05:40:00,3295.66,3297.15,3292.32,3293.54,3173.468,10455443.92114,1533.301,1640.167,0.9348,-2.119999999999891,-0.0643,-106.86599999999999,3173.468,0.9348,1.0,1.0,-0.0337
2026-01-17 05:45:00,3293.55,3294.29,3292.61,3293.62,1651.792,5440125.3556699995,503.626,1148.166,0.4386,0.06999999999970896,0.0021,-644.54,1651.792,0.4386,1.0,1.0,-0.3902
2026-01-17 05:50:00,3293.63,3296.24,3293.62,3293.69,2084.727,6869646.03259,1403.577,681.15,2.0606,0.05999999999994543,0.0018,722.427,2084.727,2.0606,1.0,1.0,0.3465
2026-01-17 05:55:00,3293.69,3295.0,3292.51,3292.52,3494.112,11507980.5799,1269.867,2224.245,0.5709,-1.1700000000000728,-0.0355,-954.3779999999999,3494.112,0.5709,1.0,1.0,-0.2731
2026-01-17 06:00:00,3292.52,3293.69,3288.53,3291.12,2935.96,9663156.97832,1703.817,1232.143,1.3828,-1.400000000000091,-0.0425,471.674,2935.96,1.3828,1.0,1.0,0.1607
2026-01-17 06:05:00,3291.14,3292.86,3289.64,3289.65,1258.133,4141437.25011,402.607,855.526,0.4706,-1.4899999999997817,-0.0453,-452.9189999999999,1258.133,0.4706,1.0,1.0,-0.36
2026-01-17 06:10:00,3289.65,3289.89,3281.29,3286.13,9121.711000000001,29958171.46129,2413.22,6708.491,0.3597,-3.519999999999982,-0.107,-4295.271000000001,9121.711,0.3597,1.0,1.0,-0.4709
2026-01-17 06:15:00,3286.13,3289.5,3285.3,3287.25,2763.8689999999997,9085830.17706,1421.411,1342.458,1.0588,1.1199999999998909,0.0341,78.95299999999997,2763.869,1.0588,1.0,1.0,0.0286
2026-01-17 06:20:00,3287.25,3289.0,3287.13,3288.22,1106.883,3639044.42546,424.854,682.029,0.6229,0.9699999999997999,0.0295,-257.175,1106.883,0.6229,1.0,1.0,-0.2323
2026-01-17 06:25:00,3288.25,3289.4,3286.08,3286.85,1661.422,5463061.35753,567.455,1093.967,0.5187,-1.400000000000091,-0.0426,-526.5120000000001,1661.422,0.5187,1.0,1.0,-0.3169
2026-01-17 06:30:00,3286.85,3287.91,3284.27,3286.96,1493.64,4908064.81344,631.123,862.517,0.7317,0.11000000000012733,0.0033,-231.394,1493.64,0.7317,1.0,1.0,-0.1549
2026-01-17 06:35:00,3286.95,3287.23,3282.52,3284.73,2454.4300000000003,8061032.229579999,1121.554,1332.876,0.8415,-2.2199999999998,-0.0675,-211.3219999999999,2454.4300000000003,0.8415,1.0,1.0,-0.0861
2026-01-17 06:40:00,3284.74,3285.88,3280.6,3285.88,2778.7970000000005,9122173.91863,1658.031,1120.766,1.4794,1.1400000000003274,0.0347,537.2649999999999,2778.797,1.4794,1.0,1.0,0.1933
2026-01-17 06:45:00,3285.88,3287.14,3283.37,3286.68,1432.614,4706937.73205,782.74,649.874,1.2044,0.7999999999997272,0.0243,132.86599999999999,1432.614,1.2044,1.0,1.0,0.0927
2026-01-17 06:50:00,3286.67,3294.51,3286.66,3290.93,6673.442,21962974.33426,4891.628,1781.814,2.7453,4.2599999999997635,0.1296,3109.8139999999994,6673.442,2.7453,1.0,1.0,0.466
2026-01-17 06:55:00,3290.92,3293.08,3290.33,3292.72,1792.998,5901672.40753,874.053,918.945,0.9511,1.7999999999997272,0.0547,-44.89200000000005,1792.998,0.9511,1.0,1.0,-0.025
2026-01-17 07:00:00,3292.72,3295.0,3290.81,3293.4,4819.682,15871150.641520001,2352.518,2467.164,0.9535,0.680000000000291,0.0207,-114.64600000000019,4819.682000000001,0.9535,1.0,1.0,-0.0238
2026-01-17 07:05:00,3293.4,3294.87,3291.43,3291.81,2031.7379999999998,6690604.67902,1084.925,946.813,1.1459,-1.5900000000001455,-0.0483,138.11199999999997,2031.7379999999998,1.1459,1.0,1.0,0.068
2026-01-17 07:10:00,3291.8,3296.18,3291.8,3295.85,3183.688,10488137.66122,2200.705,982.983,2.2388,4.049999999999727,0.123,1217.722,3183.688,2.2388,1.0,1.0,0.3825
2026-01-17 07:15:00,3295.85,3296.63,3293.35,3294.32,3043.681,10030122.67477,1265.788,1777.893,0.712,-1.5299999999997453,-0.0464,-512.105,3043.681,0.712,1.0,1.0,-0.1683
2026-01-17 07:20:00,3294.32,3297.12,3293.76,3297.12,4069.524,13412808.49585,2136.049,1933.475,1.1048,2.799999999999727,0.085,202.57400000000007,4069.524,1.1048,1.0,1.0,0.0498
2026-01-17 07:25:00,3297.12,3298.72,3296.24,3296.41,4651.887000000001,15340147.665240001,2727.779,1924.108,1.4177,-0.7100000000000364,-0.0215,803.671,4651.887,1.4177,1.0,1.0,0.1728
2026-01-17 07:30:00,3296.41,3298.0,3295.5,3295.51,2358.0460000000003,7774397.27661,1324.755,1033.291,1.2821,-0.8999999999996362,-0.0273,291.46400000000017,2358.0460000000003,1.2821,1.0,1.0,0.1236
2026-01-17 07:35:00,3295.5,3295.51,3292.55,3293.51,2483.697,8182135.58448,979.574,1504.123,0.6513,-1.9899999999997817,-0.0604,-524.5490000000001,2483.697,0.6513,1.0,1.0,-0.2112
2026-01-17 07:40:00,3293.52,3295.45,3292.82,3293.21,1813.473,5973522.04769,1086.021,727.452,1.4929,-0.30999999999994543,-0.0094,358.56899999999996,1813.473,1.4929,1.0,1.0,0.1977
2026-01-17 07:45:00,3293.22,3296.54,3293.22,3294.2,1358.379,4475997.22937,726.012,632.367,1.1481,0.9800000000000182,0.0298,93.64499999999998,1358.379,1.1481,1.0,1.0,0.0689
2026-01-17 07:50:00,3294.21,3296.34,3294.21,3296.34,1764.15,5813119.90405,931.223,832.927,1.118,2.130000000000109,0.0647,98.29599999999994,1764.15,1.118,1.0,1.0,0.0557
2026-01-17 07:55:00,3296.33,3296.35,3294.37,3294.7,1153.0910000000001,3799939.60689,331.632,821.459,0.4037,-1.6300000000001091,-0.0494,-489.82699999999994,1153.091,0.4037,1.0,1.0,-0.4248
2026-01-17 08:00:00,3294.69,3295.97,3291.45,3291.53,2841.025,9356120.89976,1512.142,1328.883,1.1379,-3.1599999999998545,-0.0959,183.25900000000001,2841.025,1.1379,1.0,1.0,0.0645
2026-01-17 08:05:00,3291.52,3292.35,3289.21,3291.2,4057.3650000000002,13352393.736,1514.165,2543.2,0.5954,-0.3200000000001637,-0.0097,-1029.0349999999999,4057.365,0.5954,1.0,1.0,-0.2536
2026-01-17 08:10:00,3291.19,3292.61,3290.8,3292.03,1586.8249999999998,5223530.07058,854.815,732.01,1.1678,0.8400000000001455,0.0255,122.80500000000006,1586.825,1.1678,1.0,1.0,0.0774
2026-01-17 08:15:00,3292.03,3293.78,3291.3,3291.51,1526.168,5024848.76273,748.589,777.579,0.9627,-0.5199999999999818,-0.0158,-28.989999999999895,1526.1680000000001,0.9627,1.0,1.0,-0.019
2026-01-17 08:20:00,3291.51,3293.0,3290.81,3291.09,954.809,3143279.3498299997,308.73,646.079,0.4779,-0.42000000000007276,-0.0128,-337.34899999999993,954.809,0.4779,1.0,1.0,-0.3533
2026-01-17 08:25:00,3291.09,3293.25,3290.81,3290.9,1986.549,6540413.88782,647.526,1339.023,0.4836,-0.19000000000005457,-0.0058,-691.497,1986.549,0.4836,1.0,1.0,-0.3481
2026-01-17 08:30:00,3290.9,3291.2,3288.61,3289.32,3237.354,10651084.53273,1953.25,1284.104,1.5211,-1.5799999999999272,-0.048,669.146,3237.3540000000003,1.5211,1.0,1.0,0.2067
2026-01-17 08:35:00,3289.32,3291.22,3288.69,3289.01,1834.137,6034147.0348000005,867.68,966.457,0.8978,-0.30999999999994543,-0.0094,-98.77700000000004,1834.137,0.8978,1.0,1.0,-0.0539
2026-01-17 08:40:00,3289.0,3293.44,3289.0,3290.91,1624.731,5347706.89986,816.233,808.498,1.0096,1.9099999999998545,0.0581,7.7349999999999,1624.731,1.0096,1.0,1.0,0.0048
2026-01-17 08:45:00,3290.91,3291.65,3290.0,3291.31,1137.643,3743677.5705700004,361.172,776.471,0.4651,0.40000000000009095,0.0122,-415.299,1137.643,0.4651,1.0,1.0,-0.3651
2026-01-17 08:50:00,3291.32,3291.32,3289.71,3290.33,917.062,3017400.99817,327.406,589.656,0.5552,-0.9900000000002365,-0.0301,-262.24999999999994,917.0619999999999,0.5552,1.0,1.0,-0.286
2026-01-17 08:55:00,3290.34,3291.48,3290.34,3291.29,687.545,2262740.99386,435.982,251.563,1.7331,0.9499999999998181,0.0289,184.41900000000004,687.5450000000001,1.7331,1.0,1.0,0.2682
2026-01-17 09:00:00,3291.29,3292.61,3290.85,3291.55,2057.08,6771386.8807500005,1142.837,914.243,1.25,0.2600000000002183,0.0079,228.59399999999994,2057.08,1.25,1.0,1.0,0.1111
2026-01-17 09:05:00,3291.55,3293.43,3289.08,3292.44,2549.794,8391700.67794,875.437,1674.357,0.5228,0.8899999999998727,0.027,-798.92,2549.794,0.5228,1.0,1.0,-0.3133
2026-01-17 09:10:00,3292.43,3292.6,3291.04,3292.13,878.58,2892142.7325999998,274.114,604.466,0.4535,-0.29999999999972715,-0.0091,-330.35200000000003,878.5799999999999,0.4535,1.0,1.0,-0.376
2026-01-17 09:15:00,3292.13,3293.31,3291.68,3292.97,1345.192,4429151.35386,530.366,814.826,0.6509,0.8399999999996908,0.0255,-284.46000000000004,1345.192,0.6509,1.0,1.0,-0.2115
2026-01-17 09:20:00,3292.96,3294.41,3292.96,3293.66,2007.876,6613752.25628,936.082,1071.794,0.8734,0.6999999999998181,0.0213,-135.7120000000001,2007.8760000000002,0.8734,1.0,1.0,-0.0676
2026-01-17 09:25:00,3293.66,3293.66,3289.66,3291.4,5138.531999999999,16911799.790969998,3248.385,1890.147,1.7186,-2.2599999999997635,-0.0686,1358.2380000000003,5138.532,1.7186,1.0,1.0,0.2643
2026-01-17 09:30:00,3291.39,3291.77,3288.88,3289.99,2852.681,9385456.77806,980.856,1871.825,0.524,-1.400000000000091,-0.0425,-890.969,2852.681,0.524,1.0,1.0,-0.3123
2026-01-17 09:35:00,3290.0,3291.75,3288.24,3288.56,3256.0170000000003,10712289.682,1217.7,2038.317,0.5974,-1.4400000000000546,-0.0438,-820.617,3256.017,0.5974,1.0,1.0,-0.252
2026-01-17 09:40:00,3288.55,3288.59,3286.14,3287.57,4231.767,13912657.30535,1556.452,2675.315,0.5818,-0.9800000000000182,-0.0298,-1118.863,4231.767,0.5818,1.0,1.0,-0.2644
2026-01-17 09:45:00,3287.57,3288.87,3286.32,3288.01,2486.174,8172991.85679,902.347,1583.827,0.5697,0.44000000000005457,0.0134,-681.48,2486.174,0.5697,1.0,1.0,-0.2741
2026-01-17 09:50:00,3288.0,3289.6,3288.0,3289.51,2195.896,7222267.40202,1650.569,545.327,3.0268,1.5100000000002183,0.0459,1105.242,2195.8959999999997,3.0268,1.0,1.0,0.5033
2026-01-17 09:55:00,3289.51,3289.51,3288.44,3289.15,1595.4170000000001,5247431.60616,633.815,961.602,0.6591,-0.36000000000012733,-0.0109,-327.7869999999999,1595.417,0.6591,1.0,1.0,-0.2055
2026-01-17 10:00:00,3289.14,3289.87,3286.19,3286.72,2025.929,6660005.19468,554.985,1470.944,0.3773,-2.4200000000000728,-0.0736,-915.959,2025.929,0.3773,1.0,1.0,-0.4521
2026-01-17 10:05:00,3286.72,3286.75,3284.55,3285.61,5756.4490000000005,18912613.70076,1256.646,4499.803,0.2793,-1.1099999999996726,-0.0338,-3243.157,5756.449,0.2793,1.0,1.0,-0.5634
2026-01-17 10:10:00,3285.61,3286.61,3285.19,3285.79,1576.488,5180029.08523,785.918,790.57,0.9941,0.1799999999998363,0.0055,-4.652000000000044,1576.488,0.9941,1.0,1.0,-0.003
2026-01-17 10:15:00,3285.8,3286.89,3284.94,3285.29,2184.3869999999997,7177440.931360001,872.632,1311.755,0.6652,-0.5100000000002183,-0.0155,-439.12300000000016,2184.387,0.6652,1.0,1.0,-0.201
2026-01-17 10:20:00,3285.28,3286.4,3283.03,3283.23,3878.802,12739645.01246,1413.703,2465.099,0.5735,-2.050000000000182,-0.0624,-1051.3960000000002,3878.802,0.5735,1.0,1.0,-0.2711
2026-01-17 10:25:00,3283.22,3284.34,3283.22,3283.52,1767.959,5805531.92562,598.421,1169.538,0.5117,0.3000000000001819,0.0091,-571.117,1767.959,0.5117,1.0,1.0,-0.323
2026-01-17 10:30:00,3283.52,3284.51,3282.0,3284.51,3286.991,10791213.27346,1641.807,1645.184,0.9979,0.9900000000002365,0.0302,-3.3769999999999527,3286.991,0.9979,1.0,1.0,-0.001
2026-01-17 10:35:00,3284.5,3287.4,3283.05,3286.93,3412.8190000000004,11212835.963469999,1825.508,1587.311,1.1501,2.4299999999998363,0.074,238.19700000000012,3412.819,1.1501,1.0,1.0,0.0698
2026-01-17 10:40:00,3286.94,3288.0,3285.73,3285.78,1798.935,5912473.716750001,563.492,1235.443,0.4561,-1.1599999999998545,-0.0353,-671.951,1798.935,0.4561,1.0,1.0,-0.3735
2026-01-17 10:45:00,3285.78,3288.61,3285.38,3288.1,4269.741,14035259.914280001,3465.658,804.083,4.3101,2.319999999999709,0.0706,2661.575,4269.741,4.3101,1.0,1.0,0.6234
2026-01-17 10:50:00,3288.09,3291.48,3288.09,3290.31,3585.533,11797039.365290001,2241.769,1343.764,1.6683,2.2199999999998,0.0675,898.0049999999999,3585.5329999999994,1.6683,1.0,1.0,0.2505
2026-01-17 10:55:00,3290.31,3291.53,3290.31,3291.21,1703.551,5606371.36426,977.327,726.224,1.3458,0.900000000000091,0.0274,251.10299999999995,1703.551,1.3458,1.0,1.0,0.1474
2026-01-17 11:00:00,3291.2,3291.31,3288.92,3288.99,1584.851,5214327.94783,357.136,1227.715,0.2909,-2.2100000000000364,-0.0671,-870.579,1584.8509999999999,0.2909,1.0,1.0,-0.5493
2026-01-17 11:05:00,3289.0,3289.99,3288.59,3289.38,1574.2359999999999,5178108.65357,849.119,725.117,1.171,0.38000000000010914,0.0116,124.00200000000007,1574.2359999999999,1.171,1.0,1.0,0.0788
2026-01-17 11:10:00,3289.37,3290.39,3289.37,3290.3,3682.275,12114679.73233,2014.946,1667.329,1.2085,0.930000000000291,0.0283,347.61699999999996,3682.2749999999996,1.2085,1.0,1.0,0.0944
2026-01-17 11:15:00,3290.3,3290.88,3290.3,3290.68,977.9960000000001,3218337.92162,278.598,699.398,0.3983,0.3799999999996544,0.0115,-420.8,977.9960000000001,0.3983,1.0,1.0,-0.4303
2026-01-17 11:20:00,3290.68,3290.68,3289.59,3289.95,850.199,2797249.48157,304.303,545.896,0.5574,-0.7300000000000182,-0.0222,-241.59299999999996,850.199,0.5574,1.0,1.0,-0.2842
2026-01-17 11:25:00,3289.96,3289.99,3288.9,3289.74,1652.359,5435076.75096,365.937,1286.422,0.2845,-0.22000000000025466,-0.0067,-920.485,1652.359,0.2845,1.0,1.0,-0.5571
2026-01-17 11:30:00,3289.73,3289.73,3286.0,3286.0,1662.257,5464376.04228,459.799,1202.458,0.3824,-3.730000000000018,-0.1134,-742.6590000000001,1662.257,0.3824,1.0,1.0,-0.4468
2026-01-17 11:35:00,3286.0,3287.88,3286.0,3287.82,1170.077,3846310.84479,894.625,275.452,3.2478,1.8200000000001637,0.0554,619.173,1170.077,3.2478,1.0,1.0,0.5292
2026-01-17 11:40:00,3287.82,3289.35,3287.82,3289.35,1174.487,3861909.93538,802.494,371.993,2.1573,1.5299999999997453,0.0465,430.50100000000003,1174.487,2.1573,1.0,1.0,0.3665
2026-01-17 11:45:00,3289.35,3290.0,3287.49,3289.32,2075.149,6824880.3374,384.211,1690.938,0.2272,-0.02999999999974534,-0.0009,-1306.727,2075.1490000000003,0.2272,1.0,1.0,-0.6297
2026-01-17 11:50:00,3289.32,3290.0,3289.0,3289.21,1809.336,5951632.55263,529.078,1280.258,0.4133,-0.11000000000012733,-0.0033,-751.1800000000001,1809.336,0.4133,1.0,1.0,-0.4152
2026-01-17 11:55:00,3289.22,3291.81,3287.77,3287.77,4172.616,13727649.71926,2016.968,2155.648,0.9357,-1.449999999999818,-0.0441,-138.68000000000006,4172.616,0.9357,1.0,1.0,-0.0332
2026-01-17 12:00:00,3287.78,3288.04,3287.0,3287.95,1223.22,4021451.60108,572.193,651.027,0.8789,0.169999999999618,0.0052,-78.83400000000006,1223.22,0.8789,1.0,1.0,-0.0644
2026-01-17 12:05:00,3287.95,3287.96,3286.01,3286.36,1056.905,3473476.75507,513.229,543.676,0.944,-1.5899999999996908,-0.0484,-30.447000000000003,1056.9050000000002,0.944,1.0,1.0,-0.0288
2026-01-17 12:10:00,3286.36,3286.74,3286.05,3286.7,1953.531,6420234.76363,661.262,1292.269,0.5117,0.33999999999969077,0.0103,-631.0070000000001,1953.531,0.5117,1.0,1.0,-0.323
2026-01-17 12:15:00,3286.7,3286.7,3285.27,3285.84,1664.303,5468435.03043,873.402,790.901,1.1043,-0.8599999999996726,-0.0262,82.50100000000009,1664.3029999999999,1.1043,1.0,1.0,0.0496
2026-01-17 12:20:00,3285.82,3286.62,3284.95,3284.95,1845.271,6062944.46716,1064.759,780.512,1.3642,-0.8700000000003456,-0.0265,284.24700000000007,1845.271,1.3642,1.0,1.0,0.154
2026-01-17 12:25:00,3284.94,3287.35,3284.94,3287.02,1438.864,4727893.25473,851.41,587.454,1.4493,2.0799999999999272,0.0633,263.956,1438.864,1.4493,1.0,1.0,0.1834
2026-01-17 12:30:00,3287.02,3287.02,3285.78,3285.79,1460.3600000000001,4799690.90329,940.72,519.64,1.8103,-1.2300000000000182,-0.0374,421.08000000000004,1460.3600000000001,1.8103,1.0,1.0,0.2883
2026-01-17 12:35:00,3285.78,3286.9,3285.03,3286.9,1237.995,4068120.1943800002,905.156,332.839,2.7195,1.1199999999998909,0.0341,572.317,1237.995,2.7195,1.0,1.0,0.4623
2026-01-17 12:40:00,3286.89,3288.0,3286.28,3287.82,1919.937,6310535.19924,1185.713,734.224,1.6149,0.930000000000291,0.0283,451.4889999999999,1919.937,1.6149,1.0,1.0,0.2352
2026-01-17 12:45:00,3287.81,3289.19,3287.66,3289.19,1053.724,3465050.96943,681.998,371.726,1.8347,1.3800000000001091,0.042,310.27200000000005,1053.7240000000002,1.8347,1.0,1.0,0.2945
2026-01-17 12:50:00,3289.19,3289.99,3288.89,3289.45,1981.0529999999999,6516756.74356,817.301,1163.752,0.7023,0.25999999999976353,0.0079,-346.4509999999999,1981.0529999999999,0.7023,1.0,1.0,-0.1749
2026-01-17 12:55:00,3289.45,3291.0,3288.81,3290.4,3374.581,11103088.06067,1219.271,2155.31,0.5657,0.9500000000002728,0.0289,-936.039,3374.581,0.5657,1.0,1.0,-0.2774
2026-01-17 13:00:00,3290.4,3292.54,3289.89,3290.43,3402.3709999999996,11198128.708899999,2162.52,1239.851,1.7442,0.02999999999974534,0.0009,922.6689999999999,3402.371,1.7442,1.0,1.0,0.2712
2026-01-17 13:05:00,3290.42,3290.91,3288.95,3290.1,2416.27,7949320.65064,506.965,1909.305,0.2655,-0.3200000000001637,-0.0097,-1402.3400000000001,2416.27,0.2655,1.0,1.0,-0.5804
2026-01-17 13:10:00,3290.1,3290.5,3288.8,3288.81,1254.682,4127721.48569,464.648,790.034,0.5881,-1.2899999999999636,-0.0392,-325.38599999999997,1254.682,0.5881,1.0,1.0,-0.2593
2026-01-17 13:15:00,3288.81,3289.76,3288.19,3288.62,1110.171,3651075.8517899998,717.92,392.251,1.8303,-0.19000000000005457,-0.0058,325.669,1110.1709999999998,1.8303,1.0,1.0,0.2934
2026-01-17 13:20:00,3288.61,3290.02,3288.0,3290.01,1613.538,5306288.68208,928.923,684.615,1.3569,1.400000000000091,0.0426,244.308,1613.538,1.3569,1.0,1.0,0.1514
2026-01-17 13:25:00,3290.01,3290.5,3290.0,3290.01,815.807,2684069.66676,380.193,435.614,0.8728,0.0,0.0,-55.42099999999999,815.807,0.8728,1.0,1.0,-0.0679
2026-01-17 13:30:00,3290.0,3290.13,3288.85,3290.13,652.754,2147436.82937,244.634,408.12,0.5994,0.13000000000010914,0.004,-163.48600000000002,652.754,0.5994,1.0,1.0,-0.2505
2026-01-17 13:35:00,3290.13,3291.0,3289.34,3290.99,769.487,2531758.96991,390.514,378.973,1.0305,0.8599999999996726,0.0261,11.540999999999997,769.4870000000001,1.0305,1.0,1.0,0.015
2026-01-17 13:40:00,3290.99,3292.54,3290.99,3292.54,1532.803,5045711.519,985.458,547.345,1.8004,1.550000000000182,0.0471,438.11299999999994,1532.8029999999999,1.8004,1.0,1.0,0.2858
2026-01-17 13:45:00,3292.54,3292.6,3291.47,3292.0,1918.732,6316626.96461,491.293,1427.439,0.3442,-0.5399999999999636,-0.0164,-936.1460000000001,1918.732,0.3442,1.0,1.0,-0.4879
2026-01-17 13:50:00,3292.0,3292.0,3289.9,3290.19,1228.379,4042060.05383,236.23,992.149,0.2381,-1.8099999999999454,-0.055,-755.919,1228.379,0.2381,1.0,1.0,-0.6154
2026-01-17 13:55:00,3290.19,3290.44,3290.0,3290.01,668.815,2200497.76608,396.893,271.922,1.4596,-0.1799999999998363,-0.0055,124.97099999999995,668.815,1.4596,1.0,1.0,0.1869
2026-01-17 14:00:00,3290.0,3290.01,3286.6,3288.09,2079.479,6837891.85191,717.325,1362.154,0.5266,-1.9099999999998545,-0.0581,-644.829,2079.4790000000003,0.5266,1.0,1.0,-0.3101
2026-01-17 14:05:00,3288.09,3290.0,3288.09,3288.31,1800.228,5920934.2986,1317.885,482.343,2.7323,0.2199999999997999,0.0067,835.5419999999999,1800.228,2.7323,1.0,1.0,0.4641
2026-01-17 14:10:00,3288.3,3288.31,3287.35,3288.06,1007.501,3312612.10648,365.97,641.531,0.5705,-0.24000000000023647,-0.0073,-275.5609999999999,1007.501,0.5705,1.0,1.0,-0.2735
2026-01-17 14:15:00,3288.06,3288.06,3286.19,3287.18,2387.451,7847118.30485,643.739,1743.712,0.3692,-0.8800000000001091,-0.0268,-1099.973,2387.451,0.3692,1.0,1.0,-0.4607
2026-01-17 14:20:00,3287.17,3287.18,3285.26,3286.56,1544.205,5074608.69696,533.203,1011.002,0.5274,-0.6100000000001273,-0.0186,-477.799,1544.205,0.5274,1.0,1.0,-0.3094
2026-01-17 14:25:00,3286.56,3287.85,3286.55,3287.16,961.2090000000001,3159667.67402,452.334,508.875,0.8889,0.599999999999909,0.0183,-56.541,961.2090000000001,0.8889,1.0,1.0,-0.0588
2026-01-17 14:30:00,3287.17,3288.65,3286.9,3288.41,1045.016,3435934.5234999997,775.68,269.336,2.88,1.2399999999997817,0.0377,506.34399999999994,1045.016,2.88,1.0,1.0,0.4845
2026-01-17 14:35:00,3288.41,3289.58,3288.39,3289.45,845.691,2781665.39912,546.35,299.341,1.8252,1.0399999999999636,0.0316,247.00900000000001,845.691,1.8252,1.0,1.0,0.2921
2026-01-17 14:40:00,3289.45,3292.49,3289.0,3289.01,3691.818,12149523.0888,2575.13,1116.688,2.306,-0.4399999999995998,-0.0134,1458.442,3691.818,2.306,1.0,1.0,0.395
2026-01-17 14:45:00,3289.01,3289.01,3288.09,3288.39,487.993,1604692.7519999999,270.101,217.892,1.2396,-0.6200000000003456,-0.0189,52.209,487.993,1.2396,1.0,1.0,0.107
2026-01-17 14:50:00,3288.38,3289.19,3288.38,3289.19,351.755,1156792.55483,264.651,87.104,3.0383,0.8099999999999454,0.0246,177.54700000000003,351.755,3.0383,1.0,1.0,0.5047
2026-01-17 14:55:00,3289.19,3290.36,3289.18,3289.92,921.755,3032617.35598,630.574,291.181,2.1656,0.7300000000000182,0.0222,339.393,921.7549999999999,2.1656,1.0,1.0,0.3682
2026-01-17 15:00:00,3289.91,3289.92,3286.0,3287.4,3506.306,11525908.479379999,1463.536,2042.77,0.7164,-2.5099999999997635,-0.0763,-579.2339999999999,3506.306,0.7164,1.0,1.0,-0.1652
2026-01-17 15:05:00,3287.4,3288.57,3287.39,3288.24,498.699,1639607.77498,205.249,293.45,0.6994,0.8399999999996908,0.0256,-88.201,498.69899999999996,0.6994,1.0,1.0,-0.1769
2026-01-17 15:10:00,3288.24,3288.77,3287.6,3288.42,893.435,2937835.921,332.391,561.044,0.5925,0.18000000000029104,0.0055,-228.65299999999996,893.435,0.5925,1.0,1.0,-0.2559
2026-01-17 15:15:00,3288.42,3289.35,3288.09,3288.78,1617.324,5318883.53539,696.743,920.581,0.7569,0.36000000000012733,0.0109,-223.83799999999997,1617.324,0.7569,1.0,1.0,-0.1384
2026-01-17 15:20:00,3288.78,3290.0,3288.0,3290.0,2847.2799999999997,9364231.82133,646.298,2200.982,0.2936,1.2199999999998,0.0371,-1554.684,2847.2799999999997,0.2936,1.0,1.0,-0.546
2026-01-17 15:25:00,3290.0,3290.9,3289.12,3289.99,2498.361,8219994.78506,1198.074,1300.287,0.9214,-0.010000000000218279,-0.0003,-102.21299999999997,2498.361,0.9214,1.0,1.0,-0.0409
2026-01-17 15:30:00,3289.99,3290.9,3289.76,3289.99,2191.144,7209329.93831,904.267,1286.877,0.7027,0.0,0.0,-382.6099999999999,2191.1440000000002,0.7027,1.0,1.0,-0.1746
2026-01-17 15:35:00,3289.99,3290.26,3289.0,3289.81,1277.5069999999998,4202673.60069,699.93,577.577,1.2118,-0.1799999999998363,-0.0055,122.35299999999995,1277.507,1.2118,1.0,1.0,0.0958
2026-01-17 15:40:00,3289.81,3290.0,3289.81,3290.0,856.809,2818768.48249,618.057,238.752,2.5887,0.19000000000005457,0.0058,379.305,856.809,2.5887,1.0,1.0,0.4427
2026-01-17 15:45:00,3290.0,3290.0,3288.1,3288.76,1348.03,4433722.82433,363.069,984.961,0.3686,-1.2399999999997817,-0.0377,-621.892,1348.03,0.3686,1.0,1.0,-0.4613
2026-01-17 15:50:00,3288.77,3289.99,3287.56,3289.99,2758.0280000000002,9071218.7446,1599.773,1158.255,1.3812,1.2199999999998,0.0371,441.5179999999998,2758.0280000000002,1.3812,1.0,1.0,0.1601
2026-01-17 15:55:00,3289.99,3289.99,3288.91,3289.7,994.7570000000001,3272374.82444,434.505,560.252,0.7756,-0.2899999999999636,-0.0088,-125.74699999999996,994.757,0.7756,1.0,1.0,-0.1264
2026-01-17 16:00:00,3289.7,3291.6,3287.36,3291.6,5222.249,17179913.725589998,3496.8,1725.449,2.0266,1.900000000000091,0.0578,1771.351,5222.249,2.0266,1.0,1.0,0.3392
2026-01-17 16:05:00,3291.6,3292.14,3290.59,3291.97,3313.572,10907585.64992,1436.288,1877.284,0.7651,0.36999999999989086,0.0112,-440.9960000000001,3313.572,0.7651,1.0,1.0,-0.1331
2026-01-17 16:10:00,3291.97,3292.85,3290.7,3291.16,5499.411,18103487.501790002,1564.25,3935.161,0.3975,-0.8099999999999454,-0.0246,-2370.911,5499.411,0.3975,1.0,1.0,-0.4311
2026-01-17 16:15:00,3291.15,3293.32,3289.76,3290.96,3679.5110000000004,12113124.9682,2376.849,1302.662,1.8246,-0.19000000000005457,-0.0058,1074.1870000000001,3679.5110000000004,1.8246,1.0,1.0,0.2919
2026-01-17 16:20:00,3290.96,3292.53,3290.95,3291.55,2035.074,6699465.87771,1015.53,1019.544,0.9961,0.5900000000001455,0.0179,-4.01400000000001,2035.074,0.9961,1.0,1.0,-0.002
2026-01-17 16:25:00,3291.55,3293.2,3291.54,3293.17,2570.206,8462625.5362,1851.017,719.189,2.5738,1.6199999999998909,0.0492,1131.828,2570.206,2.5738,1.0,1.0,0.4404
2026-01-17 16:30:00,3293.17,3295.0,3293.17,3293.72,6097.651,20088292.86517,4643.103,1454.548,3.1921,0.5499999999997272,0.0167,3188.5550000000003,6097.651,3.1921,1.0,1.0,0.5229
2026-01-17 16:35:00,3293.72,3294.51,3293.71,3294.01,2101.352,6922021.05683,1137.859,963.493,1.181,0.29000000000041837,0.0088,174.36599999999987,2101.352,1.181,1.0,1.0,0.083
2026-01-17 16:40:00,3294.01,3294.51,3292.65,3292.65,2113.651,6961724.12153,894.506,1219.145,0.7337,-1.3600000000001273,-0.0413,-324.639,2113.651,0.7337,1.0,1.0,-0.1536
2026-01-17 16:45:00,3292.65,3294.48,3292.65,3294.32,1540.526,5074507.28544,1020.874,519.652,1.9645,1.6700000000000728,0.0507,501.222,1540.526,1.9645,1.0,1.0,0.3254
2026-01-17 16:50:00,3294.31,3294.94,3293.73,3294.43,2082.946,6862070.29193,851.448,1231.498,0.6914,0.11999999999989086,0.0036,-380.05000000000007,2082.946,0.6914,1.0,1.0,-0.1825
2026-01-17 16:55:00,3294.43,3294.78,3293.67,3294.78,1704.386,5614934.90889,781.394,922.992,0.8466,0.3500000000003638,0.0106,-141.59799999999996,1704.386,0.8466,1.0,1.0,-0.0831
2026-01-17 17:00:00,3294.78,3294.92,3294.27,3294.63,2049.004,6750851.80342,648.838,1400.166,0.4634,-0.15000000000009095,-0.0046,-751.328,2049.004,0.4634,1.0,1.0,-0.3667
2026-01-17 17:05:00,3294.63,3295.0,3294.48,3294.74,1840.097,6062774.50335,1085.644,754.453,1.439,0.10999999999967258,0.0033,331.19100000000003,1840.097,1.439,1.0,1.0,0.18
2026-01-17 17:10:00,3294.74,3294.74,3292.12,3292.57,1953.0369999999998,6431846.54021,743.686,1209.351,0.6149,-2.169999999999618,-0.0659,-465.6650000000001,1953.0370000000003,0.6149,1.0,1.0,-0.2384
2026-01-17 17:15:00,3292.58,3292.96,3291.7,3292.96,1130.53,3722055.26576,409.747,720.783,0.5685,0.38000000000010914,0.0115,-311.036,1130.53,0.5685,1.0,1.0,-0.2751
2026-01-17 17:20:00,3292.95,3293.5,3292.95,3293.5,674.615,2221662.19354,332.016,342.599,0.9691,0.5500000000001819,0.0167,-10.58299999999997,674.615,0.9691,1.0,1.0,-0.0157
2026-01-17 17:25:00,3293.49,3294.72,3293.49,3294.71,1116.686,3678527.8593800003,725.695,390.991,1.856,1.2200000000002547,0.037,334.70400000000006,1116.6860000000001,1.856,1.0,1.0,0.2997
2026-01-17 17:30:00,3294.71,3294.9,3292.8,3294.23,3018.08,9941103.24819,971.66,2046.42,0.4748,-0.4800000000000182,-0.0146,-1074.7600000000002,3018.08,0.4748,1.0,1.0,-0.3561
2026-01-17 17:35:00,3294.24,3298.58,3294.23,3295.2,7522.5650000000005,24799727.69278,6092.927,1429.638,4.2619,0.9600000000000364,0.0291,4663.289,7522.565,4.2619,1.0,1.0,0.6199
2026-01-17 17:40:00,3295.2,3302.87,3295.19,3299.46,19118.984,63099814.12257001,13325.623,5793.361,2.3002,4.260000000000218,0.1293,7532.262,19118.984,2.3002,1.0,1.0,0.394
2026-01-17 17:45:00,3299.45,3301.2,3298.72,3300.07,6082.031,20070248.551400002,2842.471,3239.56,0.8774,0.6200000000003456,0.0188,-397.08899999999994,6082.031,0.8774,1.0,1.0,-0.0653
2026-01-17 17:50:00,3300.08,3300.08,3298.79,3298.79,2540.6059999999998,8381773.11668,748.022,1792.584,0.4173,-1.2899999999999636,-0.0391,-1044.562,2540.606,0.4173,1.0,1.0,-0.4111
2026-01-17 17:55:00,3298.79,3299.7,3296.4,3297.22,5451.244,17978142.77007,2416.054,3035.19,0.796,-1.5700000000001637,-0.0476,-619.136,5451.244000000001,0.796,1.0,1.0,-0.1136
2026-01-17 18:00:00,3297.23,3298.19,3295.14,3297.5,7514.790999999999,24772585.86836,2147.736,5367.055,0.4002,0.2699999999999818,0.0082,-3219.3190000000004,7514.791,0.4002,1.0,1.0,-0.4284
2026-01-17 18:05:00,3297.5,3298.8,3297.01,3298.12,2119.589,6990506.06135,1211.548,908.041,1.3342,0.6199999999998909,0.0188,303.50699999999995,2119.589,1.3342,1.0,1.0,0.1432
2026-01-17 18:10:00,3298.12,3298.94,3297.8,3298.8,1665.652,5494366.404139999,635.069,1030.583,0.6162,0.680000000000291,0.0206,-395.5140000000001,1665.652,0.6162,1.0,1.0,-0.2375
2026-01-17 18:15:00,3298.81,3299.16,3297.88,3298.0,1937.685,6391815.54279,888.037,1049.648,0.846,-0.8099999999999454,-0.0246,-161.61099999999988,1937.685,0.846,1.0,1.0,-0.0834
2026-01-17 18:20:00,3298.0,3298.0,3296.06,3296.06,2009.696,6625618.6936099995,354.286,1655.41,0.214,-1.9400000000000546,-0.0588,-1301.124,2009.6960000000001,0.214,1.0,1.0,-0.6474
2026-01-17 18:25:00,3296.06,3296.15,3295.01,3296.15,2069.6099999999997,6820869.61571,1168.52,901.09,1.2968,0.09000000000014552,0.0027,267.42999999999995,2069.61,1.2968,1.0,1.0,0.1292
2026-01-17 18:30:00,3296.14,3296.2,3294.69,3294.97,2068.35,6816890.93445,451.455,1616.895,0.2792,-1.1700000000000728,-0.0355,-1165.44,2068.35,0.2792,1.0,1.0,-0.5635
2026-01-17 18:35:00,3294.97,3295.31,3293.77,3294.7,3021.8849999999998,9955333.31282,591.507,2430.378,0.2434,-0.2699999999999818,-0.0082,-1838.871,3021.885,0.2434,1.0,1.0,-0.6085
2026-01-17 18:40:00,3294.69,3295.14,3293.8,3294.84,2574.9,8482983.82141,1929.435,645.465,2.9892,0.15000000000009095,0.0046,1283.9699999999998,2574.9,2.9892,1.0,1.0,0.4986
2026-01-17 18:45:00,3294.84,3294.88,3293.6,3294.85,1203.28,3964132.50799,465.295,737.985,0.6305,0.009999999999763531,0.0003,-272.69,1203.28,0.6305,1.0,1.0,-0.2266
2026-01-17 18:50:00,3294.84,3294.85,3294.0,3294.74,881.4960000000001,2904080.58398,396.031,485.465,0.8158,-0.1000000000003638,-0.003,-89.43399999999997,881.496,0.8158,1.0,1.0,-0.1015
2026-01-17 18:55:00,3294.74,3294.9,3294.6,3294.89,561.722,1850796.17976,342.189,219.533,1.5587,0.15000000000009095,0.0046,122.65600000000003,561.722,1.5587,1.0,1.0,0.2184
2026-01-17 19:00:00,3294.89,3294.9,3293.71,3294.88,1293.52,4261369.47635,305.183,988.337,0.3088,-0.009999999999763531,-0.0003,-683.154,1293.52,0.3088,1.0,1.0,-0.5281
2026-01-17 19:05:00,3294.88,3296.01,3290.24,3295.95,6322.326,20820824.249789998,4026.11,2296.216,1.7534,1.069999999999709,0.0325,1729.8940000000002,6322.326,1.7534,1.0,1.0,0.2736
2026-01-17 19:10:00,3295.95,3297.12,3295.94,3297.0,1528.652,5039800.08544,1029.09,499.562,2.06,1.050000000000182,0.0319,529.5279999999999,1528.652,2.06,1.0,1.0,0.3464
2026-01-17 19:15:00,3297.0,3299.0,3296.91,3298.88,2082.62,6868356.06983,1059.947,1022.673,1.0364,1.8800000000001091,0.057,37.27399999999989,2082.62,1.0364,1.0,1.0,0.0179
2026-01-17 19:20:00,3298.89,3299.06,3297.65,3299.05,2808.901,9264740.59591,1529.045,1279.856,1.1947,0.16000000000030923,0.0049,249.18900000000008,2808.901,1.1947,1.0,1.0,0.0887
2026-01-17 19:25:00,3299.05,3299.4,3297.99,3299.39,1383.124,4562399.21916,754.196,628.928,1.1992,0.33999999999969077,0.0103,125.26800000000003,1383.124,1.1992,1.0,1.0,0.0906
2026-01-17 19:30:00,3299.4,3301.99,3297.98,3301.95,6312.777,20833965.825939998,3548.869,2763.908,1.284,2.549999999999727,0.0773,784.9610000000002,6312.777,1.284,1.0,1.0,0.1243
2026-01-17 19:35:00,3301.94,3303.83,3300.21,3300.38,10644.005,35148901.59676,7209.534,3434.471,2.0992,-1.5599999999999454,-0.0472,3775.0629999999996,10644.005,2.0992,1.0,1.0,0.3547
2026-01-17 19:40:00,3300.37,3301.0,3299.25,3300.4,3868.504,12767449.68938,1657.801,2210.703,0.7499,0.03000000000020009,0.0009,-552.902,3868.504,0.7499,1.0,1.0,-0.1429
2026-01-17 19:45:00,3300.4,3300.41,3298.09,3299.14,4204.799,13872759.34234,1796.407,2408.392,0.7459,-1.2600000000002183,-0.0382,-611.9849999999999,4204.799,0.7459,1.0,1.0,-0.1455
2026-01-17 19:50:00,3299.15,3301.46,3298.73,3300.99,4226.742,13949357.31126,2875.212,1351.53,2.1274,1.8399999999996908,0.0558,1523.682,4226.742,2.1274,1.0,1.0,0.3605
2026-01-17 19:55:00,3300.98,3300.99,3300.22,3300.85,981.0440000000001,3238236.81649,329.26,651.784,0.5052,-0.13000000000010914,-0.0039,-322.524,981.044,0.5052,1.0,1.0,-0.3288
2026-01-17 20:00:00,3300.85,3300.85,3299.1,3299.93,2960.549,9769158.98764,1908.079,1052.47,1.813,-0.9200000000000728,-0.0279,855.6089999999999,2960.549,1.813,1.0,1.0,0.289
2026-01-17 20:05:00,3299.93,3302.28,3299.92,3302.01,2594.443,8566193.22489,1585.294,1009.149,1.5709,2.080000000000382,0.063,576.1450000000001,2594.443,1.5709,1.0,1.0,0.2221
2026-01-17 20:10:00,3302.01,3302.98,3301.7,3302.97,1976.6100000000001,6526981.81486,780.596,1196.014,0.6527,0.9599999999995816,0.0291,-415.4179999999999,1976.61,0.6527,1.0,1.0,-0.2102
2026-01-17 20:15:00,3302.97,3304.99,3298.71,3298.71,6130.125,20240483.11144,2579.429,3550.696,0.7265,-4.2599999999997635,-0.129,-971.2669999999998,6130.125,0.7265,1.0,1.0,-0.1584
2026-01-17 20:20:00,3298.71,3300.0,3298.29,3299.66,3060.264,10096292.32313,1381.448,1678.816,0.8229,0.9499999999998181,0.0288,-297.36799999999994,3060.264,0.8229,1.0,1.0,-0.0972
2026-01-17 20:25:00,3299.66,3300.34,3298.25,3299.91,3038.035,10024373.70567,1397.767,1640.268,0.8522,0.25,0.0076,-242.50099999999998,3038.035,0.8522,1.0,1.0,-0.0798
2026-01-17 20:30:00,3299.9,3300.54,3298.89,3300.53,1745.173,5758092.04373,776.657,968.516,0.8019,0.6300000000001091,0.0191,-191.85899999999992,1745.173,0.8019,1.0,1.0,-0.1099
2026-01-17 20:35:00,3300.54,3300.99,3300.06,3300.5,560.677,1850506.75579,280.653,280.024,1.0022,-0.03999999999996362,-0.0012,0.6290000000000191,560.677,1.0022,1.0,1.0,0.0011
2026-01-17 20:40:00,3300.49,3302.0,3299.4,3302.0,2344.762,7738974.53085,1515.904,828.858,1.8289,1.5100000000002183,0.0458,687.046,2344.7619999999997,1.8289,1.0,1.0,0.293
2026-01-17 20:45:00,3301.99,3302.0,3300.74,3300.76,1189.3490000000002,3926093.9594,624.859,564.49,1.1069,-1.2299999999995634,-0.0373,60.36900000000003,1189.3490000000002,1.1069,1.0,1.0,0.0508
2026-01-17 20:50:00,3300.75,3301.0,3299.88,3300.99,1325.297,4374359.65881,820.751,504.546,1.6267,0.23999999999978172,0.0073,316.205,1325.297,1.6267,1.0,1.0,0.2386
2026-01-17 20:55:00,3301.0,3301.14,3300.8,3300.8,732.604,2418323.49866,434.861,297.743,1.4605,-0.1999999999998181,-0.0061,137.118,732.604,1.4605,1.0,1.0,0.1872
2026-01-17 21:00:00,3300.8,3301.04,3298.27,3298.27,1732.348,5716453.98568,421.921,1310.427,0.322,-2.5300000000002,-0.0766,-888.5059999999999,1732.348,0.322,1.0,1.0,-0.5129
2026-01-17 21:05:00,3298.27,3299.25,3297.75,3298.63,2378.272,7844031.75731,1488.178,890.094,1.6719,0.36000000000012733,0.0109,598.0840000000001,2378.272,1.6719,1.0,1.0,0.2515
2026-01-17 21:10:00,3298.63,3300.0,3298.63,3299.49,1479.9180000000001,4882772.15391,898.225,581.693,1.5442,0.8599999999996726,0.0261,316.53200000000004,1479.9180000000001,1.5442,1.0,1.0,0.2139
2026-01-17 21:15:00,3299.49,3301.92,3299.14,3301.01,1566.127,5169310.23513,959.948,606.179,1.5836,1.5200000000004366,0.0461,353.769,1566.127,1.5836,1.0,1.0,0.2259
2026-01-17 21:20:00,3301.0,3302.0,3299.78,3300.19,2281.296,7530439.28682,1307.172,974.124,1.3419,-0.8099999999999454,-0.0245,333.048,2281.2960000000003,1.3419,1.0,1.0,0.146
2026-01-17 21:25:00,3300.2,3301.0,3300.0,3300.64,1015.6659999999999,3352283.8360400004,513.29,502.376,1.0217,0.44000000000005457,0.0133,10.913999999999987,1015.6659999999999,1.0217,1.0,1.0,0.0107
2026-01-17 21:30:00,3300.63,3302.9,3300.63,3301.64,2843.152,9387432.9096,1422.933,1420.219,1.0019,1.0099999999997635,0.0306,2.713999999999942,2843.152,1.0019,1.0,1.0,0.001
2026-01-17 21:35:00,3301.64,3301.64,3298.61,3300.27,1822.868,6015098.4837,608.622,1214.246,0.5012,-1.3699999999998909,-0.0415,-605.6240000000001,1822.868,0.5012,1.0,1.0,-0.3322
2026-01-17 21:40:00,3300.27,3302.5,3300.2,3301.58,1472.5929999999998,4861723.01374,716.484,756.109,0.9476,1.3099999999999454,0.0397,-39.625,1472.593,0.9476,1.0,1.0,-0.0269
2026-01-17 21:45:00,3301.58,3302.0,3301.06,3302.0,956.396,3157625.8098299997,646.162,310.234,2.0828,0.42000000000007276,0.0127,335.92800000000005,956.396,2.0828,1.0,1.0,0.3512
2026-01-17 21:50:00,3301.99,3302.78,3300.55,3301.11,2212.453,7304990.28859,901.401,1311.052,0.6875,-0.8799999999996544,-0.0267,-409.65099999999995,2212.453,0.6875,1.0,1.0,-0.1852
2026-01-17 21:55:00,3301.11,3302.09,3301.11,3302.04,730.888,2413363.50929,342.426,388.462,0.8815,0.9299999999998363,0.0282,-46.036,730.8879999999999,0.8815,1.0,1.0,-0.063
2026-01-17 22:00:00,3302.05,3302.05,3299.75,3301.33,2174.68,7177529.00407,1333.465,841.215,1.5852,-0.7200000000002547,-0.0218,492.2499999999999,2174.68,1.5852,1.0,1.0,0.2264
2026-01-17 22:05:00,3301.33,3301.34,3299.76,3299.76,854.965,2821644.91243,273.839,581.126,0.4712,-1.569999999999709,-0.0476,-307.287,854.9649999999999,0.4712,1.0,1.0,-0.3594
2026-01-17 22:10:00,3299.76,3307.37,3299.76,3306.37,10673.411,35270539.38055,9049.736,1623.675,5.5736,6.609999999999673,0.2003,7426.061000000001,10673.411,5.5736,1.0,1.0,0.6958
2026-01-17 22:15:00,3306.37,3309.4,3304.29,3305.14,15140.852,50068572.76313,7587.039,7553.813,1.0044,-1.2300000000000182,-0.0372,33.22599999999966,15140.851999999999,1.0044,1.0,1.0,0.0022
2026-01-17 22:20:00,3305.13,3306.7,3303.4,3304.29,6650.591,21978790.21164,1749.207,4901.384,0.3569,-0.8400000000001455,-0.0254,-3152.1769999999997,6650.591,0.3569,1.0,1.0,-0.474
2026-01-17 22:25:00,3304.29,3307.24,3302.93,3306.29,7451.911999999999,24627414.614210002,3001.091,4450.821,0.6743,2.0,0.0605,-1449.73,7451.912,0.6743,1.0,1.0,-0.1945
2026-01-17 22:30:00,3306.3,3307.88,3304.09,3305.86,6212.956,20539609.28738,2034.383,4178.573,0.4869,-0.44000000000005457,-0.0133,-2144.1900000000005,6212.956,0.4869,1.0,1.0,-0.3451
2026-01-17 22:35:00,3305.86,3308.27,3305.45,3308.2,4108.815,13587756.85811,2322.707,1786.108,1.3004,2.3399999999996908,0.0708,536.5989999999999,4108.815,1.3004,1.0,1.0,0.1306
2026-01-17 22:40:00,3308.2,3310.59,3304.31,3305.27,9888.097000000002,32710635.49765,6270.284,3617.813,1.7332,-2.9299999999998363,-0.0886,2652.4709999999995,9888.097,1.7332,1.0,1.0,0.2682
2026-01-17 22:45:00,3305.27,3306.8,3304.95,3306.79,2476.237,8186008.04536,1555.252,920.985,1.6887,1.5199999999999818,0.046,634.2669999999999,2476.237,1.6887,1.0,1.0,0.2561
2026-01-17 22:50:00,3306.79,3308.4,3305.62,3306.98,2850.516,9426823.51558,1923.25,927.266,2.0741,0.19000000000005457,0.0057,995.984,2850.516,2.0741,1.0,1.0,0.3494
2026-01-17 22:55:00,3306.98,3310.07,3306.59,3308.71,3680.3469999999998,12176029.94273,1858.604,1821.743,1.0202,1.7300000000000182,0.0523,36.861000000000104,3680.3469999999998,1.0202,1.0,1.0,0.01
2026-01-17 23:00:00,3308.71,3310.09,3306.12,3309.62,6627.312,21925640.3272,3524.99,3102.322,1.1362,0.9099999999998545,0.0275,422.66799999999967,6627.312,1.1362,1.0,1.0,0.0638
2026-01-17 23:05:00,3309.61,3316.99,3309.55,3312.37,26173.578999999998,86700671.51776,17205.992,8967.587,1.9187,2.7599999999997635,0.0834,8238.404999999999,26173.578999999998,1.9187,1.0,1.0,0.3148
2026-01-17 23:10:00,3312.38,3313.48,3309.73,3313.32,14476.877,47948714.86311,5316.43,9160.447,0.5804,0.9400000000000546,0.0284,-3844.017,14476.877,0.5804,1.0,1.0,-0.2655
2026-01-17 23:15:00,3313.31,3319.68,3313.31,3317.79,20087.871,66619591.14039,10418.878,9668.993,1.0776,4.480000000000018,0.1352,749.8850000000002,20087.871,1.0776,1.0,1.0,0.0373
2026-01-17 23:20:00,3317.79,3318.8,3312.0,3314.68,15713.541,52106539.73677,7613.281,8100.26,0.9399,-3.1100000000001273,-0.0937,-486.97900000000027,15713.541000000001,0.9399,1.0,1.0,-0.031
2026-01-17 23:25:00,3314.68,3322.99,3314.55,3316.39,18066.459000000003,59958810.73654,12622.823,5443.636,2.3188,1.7100000000000364,0.0516,7179.187,18066.459000000003,2.3188,1.0,1.0,0.3974
2026-01-17 23:30:00,3316.39,3319.7,3315.59,3318.62,7271.573,24123763.326700002,3538.493,3733.08,0.9479,2.230000000000018,0.0672,-194.587,7271.573,0.9479,1.0,1.0,-0.0268
2026-01-17 23:35:00,3318.62,3327.86,3317.14,3325.27,33930.363,112784885.3406,27076.158,6854.205,3.9503,6.650000000000091,0.2004,20221.953,33930.363,3.9503,1.0,1.0,0.596
2026-01-17 23:40:00,3325.27,3328.55,3322.33,3327.11,26082.344,86747352.3272,14993.529,11088.815,1.3521,1.8400000000001455,0.0553,3904.714,26082.344,1.3521,1.0,1.0,0.1497
2026-01-17 23:45:00,3327.11,3328.02,3321.0,3323.74,12596.875,41876331.85836,6092.533,6504.342,0.9367,-3.3700000000003456,-0.1013,-411.8089999999993,12596.875,0.9367,1.0,1.0,-0.0327
2026-01-17 23:50:00,3323.75,3328.24,3320.1,3325.3,12969.974,43114154.69925,7887.259,5082.715,1.5518,1.550000000000182,0.0466,2804.544,12969.974,1.5518,1.0,1.0,0.2162
2026-01-17 23:55:00,3325.29,3329.3,3323.7,3328.01,17443.035,58028476.85017,11529.611,5913.424,1.9497,2.7200000000002547,0.0818,5616.187000000001,17443.035,1.9497,1.0,1.0,0.322
2026-01-18 00:00:00,3328.0,3328.95,3321.82,3323.29,9699.073,32244545.03616,2778.371,6920.702,0.4015,-4.710000000000036,-0.1415,-4142.331,9699.073,0.4015,1.0,1.0,-0.4271
2026-01-18 00:05:00,3323.29,3324.18,3320.83,3322.67,5191.904,17250852.84448,2516.537,2675.367,0.9406,-0.6199999999998909,-0.0187,-158.83000000000038,5191.904,0.9406,1.0,1.0,-0.0306
2026-01-18 00:10:00,3322.68,3326.5,3322.37,3326.5,5281.0779999999995,17557675.23986,3556.644,1724.434,2.0625,3.8200000000001637,0.115,1832.2099999999998,5281.0779999999995,2.0625,1.0,1.0,0.3469
2026-01-18 00:15:00,3326.5,3327.8,3321.3,3321.3,5741.428,19084541.77397,1836.463,3904.965,0.4703,-5.199999999999818,-0.1563,-2068.5020000000004,5741.428,0.4703,1.0,1.0,-0.3603
2026-01-18 00:20:00,3321.31,3322.0,3311.44,3315.65,31821.202,105519158.87641,9923.134,21898.068,0.4532,-5.6599999999998545,-0.1704,-11974.934,31821.201999999997,0.4532,1.0,1.0,-0.3763
2026-01-18 00:25:00,3315.62,3319.0,3312.89,3318.83,11537.732,38252884.68752,6289.073,5248.659,1.1982,3.2100000000000364,0.0968,1040.4140000000007,11537.732,1.1982,1.0,1.0,0.0902
2026-01-18 00:30:00,3318.83,3319.1,3310.25,3312.27,11492.234,38085318.88973,5941.699,5550.535,1.0705,-6.559999999999945,-0.1977,391.16399999999976,11492.234,1.0705,1.0,1.0,0.034
2026-01-18 00:35:00,3312.26,3315.7,3312.0,3315.69,4706.614,15596075.65372,3511.351,1195.263,2.9377,3.4299999999998363,0.1036,2316.088,4706.614,2.9377,1.0,1.0,0.4921
2026-01-18 00:40:00,3315.69,3318.66,3314.48,3316.55,5455.173999999999,18091717.998,4138.432,1316.742,3.1429,0.8600000000001273,0.0259,2821.6899999999996,5455.174,3.1429,1.0,1.0,0.5173
2026-01-18 00:45:00,3316.54,3317.42,3313.06,3313.48,4039.607,13391784.21272,1501.546,2538.061,0.5916,-3.0599999999999454,-0.0923,-1036.515,4039.607,0.5916,1.0,1.0,-0.2566
2026-01-18 00:50:00,3313.48,3318.16,3312.27,3317.13,8068.0869999999995,26743539.78972,5804.654,2263.433,2.5645,3.650000000000091,0.1102,3541.2210000000005,8068.087,2.5645,1.0,1.0,0.4389
2026-01-18 00:55:00,3317.14,3318.58,3316.54,3317.73,5925.008,19656923.48317,2030.593,3894.415,0.5214,0.5900000000001455,0.0178,-1863.822,5925.008,0.5214,1.0,1.0,-0.3146
2026-01-18 01:00:00,3317.74,3318.12,3316.0,3316.0,2466.424,8181487.97301,1454.955,1011.469,1.4385,-1.7399999999997817,-0.0524,443.4859999999999,2466.424,1.4385,1.0,1.0,0.1798
2026-01-18 01:05:00,3316.01,3318.84,3316.0,3318.84,4089.268,13567129.58579,3503.845,585.423,5.9852,2.8299999999999272,0.0853,2918.4219999999996,4089.268,5.9852,1.0,1.0,0.7137
2026-01-18 01:10:00,3318.85,3323.82,3318.79,3322.11,5928.332,19689998.69082,4345.005,1583.327,2.7442,3.2600000000002183,0.0982,2761.678,5928.332,2.7442,1.0,1.0,0.4658
2026-01-18 01:15:00,3322.12,3327.49,3321.7,3326.06,6133.577,20394025.90526,4824.855,1308.722,3.6867,3.9400000000000546,0.1186,3516.133,6133.576999999999,3.6867,1.0,1.0,0.5733
2026-01-18 01:20:00,3326.06,3326.07,3322.08,3323.51,2674.596,8889985.97473,984.613,1689.983,0.5826,-2.549999999999727,-0.0767,-705.3699999999999,2674.596,0.5826,1.0,1.0,-0.2637
2026-01-18 01:25:00,3323.51,3324.48,3322.14,3323.8,2350.454,7811151.78232,1012.578,1337.876,0.7569,0.2899999999999636,0.0087,-325.298,2350.4539999999997,0.7569,1.0,1.0,-0.1384
2026-01-18 01:30:00,3323.8,3323.8,3320.24,3320.68,3139.669,10429329.40696,541.159,2598.51,0.2083,-3.1200000000003456,-0.0939,-2057.351,3139.6690000000003,0.2083,1.0,1.0,-0.6553
2026-01-18 01:35:00,3320.68,3323.27,3320.68,3321.49,2531.691,8409831.16772,1611.823,919.868,1.7522,0.8099999999999454,0.0244,691.955,2531.6910000000003,1.7522,1.0,1.0,0.2733
2026-01-18 01:40:00,3321.48,3322.0,3319.55,3321.35,2424.46,8050544.71213,1252.041,1172.419,1.0679,-0.13000000000010914,-0.0039,79.62199999999984,2424.46,1.0679,1.0,1.0,0.0328
2026-01-18 01:45:00,3321.34,3321.35,3317.41,3318.59,3561.158,11820538.68779,876.52,2684.638,0.3265,-2.75,-0.0828,-1808.118,3561.158,0.3265,1.0,1.0,-0.5077
2026-01-18 01:50:00,3318.6,3319.3,3317.0,3318.1,2910.873,9658891.06594,2017.491,893.382,2.2583,-0.5,-0.0151,1124.109,2910.873,2.2583,1.0,1.0,0.3862
2026-01-18 01:55:00,3318.1,3318.1,3315.97,3317.5,3869.1349999999998,12832045.915719999,2388.286,1480.849,1.6128,-0.599999999999909,-0.0181,907.4370000000001,3869.135,1.6128,1.0,1.0,0.2345
2026-01-18 02:00:00,3317.51,3317.51,3311.2,3315.3,27566.415999999997,91363110.933,8154.627,19411.789,0.4201,-2.2100000000000364,-0.0666,-11257.162,27566.416,0.4201,1.0,1.0,-0.4084
2026-01-18 02:05:00,3315.3,3315.71,3312.5,3315.6,6909.484,22901418.48292,1031.276,5878.208,0.1754,0.29999999999972715,0.009,-4846.932,6909.4839999999995,0.1754,1.0,1.0,-0.7015
2026-01-18 02:10:00,3315.59,3316.28,3313.31,3314.01,5447.719,18061729.08746,967.024,4480.695,0.2158,-1.5799999999999272,-0.0477,-3513.671,5447.719,0.2158,1.0,1.0,-0.645
2026-01-18 02:15:00,3314.01,3316.89,3314.01,3316.89,856.3,2839214.39892,722.352,133.948,5.3928,2.8799999999996544,0.0869,588.404,856.3,5.3928,1.0,1.0,0.6871
2026-01-18 02:20:00,3316.88,3319.15,3316.88,3318.53,1094.458,3631191.81893,634.305,460.153,1.3785,1.650000000000091,0.0497,174.15199999999993,1094.458,1.3785,1.0,1.0,0.1591
2026-01-18 02:25:00,3318.53,3318.53,3317.2,3317.77,870.0450000000001,2886751.36512,393.122,476.923,0.8243,-0.7600000000002183,-0.0229,-83.80099999999999,870.0450000000001,0.8243,1.0,1.0,-0.0963
2026-01-18 02:30:00,3317.77,3318.9,3317.1,3317.11,1147.451,3807084.08466,392.198,755.253,0.5193,-0.6599999999998545,-0.0199,-363.05500000000006,1147.451,0.5193,1.0,1.0,-0.3164
2026-01-18 02:35:00,3317.11,3318.67,3316.42,3318.52,1187.984,3941164.9625199996,902.115,285.869,3.1557,1.4099999999998545,0.0425,616.246,1187.984,3.1557,1.0,1.0,0.5187
2026-01-18 02:40:00,3318.52,3318.53,3317.13,3317.37,988.323,3279138.5277,390.187,598.136,0.6523,-1.150000000000091,-0.0347,-207.94899999999996,988.323,0.6523,1.0,1.0,-0.2104
2026-01-18 02:45:00,3317.36,3317.55,3316.98,3317.19,645.8770000000001,2142411.45245,437.13,208.747,2.0941,-0.17000000000007276,-0.0051,228.38299999999998,645.877,2.0941,1.0,1.0,0.3536
2026-01-18 02:50:00,3317.18,3317.3,3316.45,3317.3,636.637,2111668.9307299997,264.372,372.265,0.7102,0.12000000000034561,0.0036,-107.89299999999997,636.637,0.7102,1.0,1.0,-0.1695
2026-01-18 02:55:00,3317.3,3317.7,3316.1,3316.11,1238.791,4108997.4086100003,463.045,775.746,0.5969,-1.1900000000000546,-0.0359,-312.70099999999996,1238.791,0.5969,1.0,1.0,-0.2524
2026-01-18 03:00:00,3316.1,3316.48,3314.94,3316.16,1739.564,5768149.62435,970.957,768.607,1.2633,0.05999999999994543,0.0018,202.35000000000002,1739.5639999999999,1.2633,1.0,1.0,0.1163
2026-01-18 03:05:00,3316.16,3316.16,3315.0,3315.61,778.004,2579471.2852499997,421.385,356.619,1.1816,-0.5499999999997272,-0.0166,64.76599999999996,778.004,1.1816,1.0,1.0,0.0832
2026-01-18 03:10:00,3315.61,3315.61,3314.84,3315.3,765.3820000000001,2537212.49836,453.054,312.328,1.4506,-0.30999999999994543,-0.0093,140.726,765.382,1.4506,1.0,1.0,0.1839
2026-01-18 03:15:00,3315.3,3315.43,3313.65,3313.65,1088.5910000000001,3608218.9863299998,622.202,466.389,1.3341,-1.650000000000091,-0.0498,155.813,1088.591,1.3341,1.0,1.0,0.1431
2026-01-18 03:20:00,3313.66,3314.9,3312.0,3314.25,3458.692,11460428.36473,2040.546,1418.146,1.4389,0.5900000000001455,0.0178,622.4000000000001,3458.692,1.4389,1.0,1.0,0.18
2026-01-18 03:25:00,3314.25,3316.25,3314.24,3315.32,1938.862,6428216.46414,1727.426,211.436,8.17,1.0700000000001637,0.0323,1515.99,1938.8619999999999,8.17,1.0,1.0,0.7819
2026-01-18 03:30:00,3315.32,3316.68,3314.7,3316.29,1395.432,4626575.15789,997.255,398.177,2.5046,0.9699999999997999,0.0293,599.078,1395.432,2.5046,1.0,1.0,0.4293
2026-01-18 03:35:00,3316.29,3319.97,3316.28,3319.11,2474.807,8212238.38974,2042.454,432.353,4.724,2.8200000000001637,0.085,1610.1009999999999,2474.807,4.724,1.0,1.0,0.6506
2026-01-18 03:40:00,3319.1,3319.11,3316.59,3316.75,981.879,3258162.82247,296.134,685.745,0.4318,-2.349999999999909,-0.0708,-389.611,981.879,0.4318,1.0,1.0,-0.3968
2026-01-18 03:45:00,3316.75,3316.75,3315.45,3315.53,654.1030000000001,2169008.00287,183.778,470.325,0.3907,-1.2199999999998,-0.0368,-286.547,654.103,0.3907,1.0,1.0,-0.4381
2026-01-18 03:50:00,3315.53,3316.0,3313.5,3314.47,2236.045,7412511.955909999,1652.777,583.268,2.8336,-1.0600000000004002,-0.032,1069.509,2236.045,2.8336,1.0,1.0,0.4783
2026-01-18 03:55:00,3314.47,3315.3,3314.0,3315.02,735.86,2439075.26975,411.796,324.064,1.2707,0.5500000000001819,0.0166,87.73199999999997,735.86,1.2707,1.0,1.0,0.1192
2026-01-18 04:00:00,3315.02,3315.59,3315.02,3315.11,475.158,1575303.58179,255.065,220.093,1.1589,0.09000000000014552,0.0027,34.97200000000001,475.158,1.1589,1.0,1.0,0.0736
2026-01-18 04:05:00,3315.11,3315.11,3313.64,3313.82,547.653,1814849.12485,196.511,351.142,0.5596,-1.2899999999999636,-0.0389,-154.631,547.653,0.5596,1.0,1.0,-0.2824
2026-01-18 04:10:00,3313.81,3315.87,3313.81,3314.35,744.774,2468872.59003,431.635,313.139,1.3784,0.5399999999999636,0.0163,118.49599999999998,744.774,1.3784,1.0,1.0,0.1591
2026-01-18 04:15:00,3314.35,3316.69,3314.29,3316.27,843.272,2796127.82105,431.015,412.257,1.0455,1.9200000000000728,0.0579,18.75799999999998,843.2719999999999,1.0455,1.0,1.0,0.0222
2026-01-18 04:20:00,3316.27,3317.89,3316.26,3317.15,841.814,2792525.20075,431.206,410.608,1.0502,0.8800000000001091,0.0265,20.598000000000013,841.8140000000001,1.0502,1.0,1.0,0.0245
2026-01-18 04:25:00,3317.14,3318.7,3316.45,3316.45,696.533,2310829.26737,447.733,248.8,1.7996,-0.6900000000000546,-0.0208,198.933,696.533,1.7996,1.0,1.0,0.2856
2026-01-18 04:30:00,3316.45,3316.45,3314.14,3315.05,852.514,2825989.30604,147.663,704.851,0.2095,-1.3999999999996362,-0.0422,-557.188,852.514,0.2095,1.0,1.0,-0.6536
2026-01-18 04:35:00,3315.05,3315.67,3314.11,3315.48,991.902,3287986.80427,710.15,281.752,2.5205,0.4299999999998363,0.013,428.39799999999997,991.902,2.5205,1.0,1.0,0.4319
2026-01-18 04:40:00,3315.47,3315.8,3315.46,3315.47,151.858,503494.95112,91.599,60.259,1.5201,0.0,0.0,31.340000000000003,151.858,1.5201,1.0,1.0,0.2064
2026-01-18 04:45:00,3315.47,3316.6,3315.46,3316.41,442.249,1466534.56612,364.796,77.453,4.7099,0.9400000000000546,0.0284,287.34299999999996,442.249,4.7099,1.0,1.0,0.6497
2026-01-18 04:50:00,3316.4,3316.4,3315.7,3315.93,397.004,1316437.41454,145.68,251.324,0.5797,-0.47000000000025466,-0.0142,-105.644,397.004,0.5797,1.0,1.0,-0.2661
2026-01-18 04:55:00,3315.92,3316.5,3315.66,3315.9,411.482,1364455.0433,128.756,282.726,0.4554,-0.01999999999998181,-0.0006,-153.97,411.48199999999997,0.4554,1.0,1.0,-0.3742
2026-01-18 05:00:00,3315.89,3316.13,3315.12,3315.45,418.075,1386173.17909,136.761,281.314,0.4862,-0.44000000000005457,-0.0133,-144.55300000000003,418.07500000000005,0.4862,1.0,1.0,-0.3458
2026-01-18 05:05:00,3315.45,3315.45,3314.5,3315.37,547.658,1815574.70688,198.702,348.956,0.5694,-0.07999999999992724,-0.0024,-150.25400000000002,547.658,0.5694,1.0,1.0,-0.2744
2026-01-18 05:10:00,3315.36,3315.37,3313.5,3313.51,371.51,1231579.01069,86.353,285.157,0.3028,-1.849999999999909,-0.0558,-198.80399999999997,371.51,0.3028,1.0,1.0,-0.5351
2026-01-18 05:15:00,3313.5,3314.74,3310.51,3311.12,6833.561,22641992.06915,1645.076,5188.485,0.3171,-2.380000000000109,-0.0718,-3543.4089999999997,6833.561,0.3171,1.0,1.0,-0.5185
2026-01-18 05:20:00,3311.13,3313.0,3311.0,3311.65,1859.09,6156383.39924,1218.798,640.292,1.9035,0.5199999999999818,0.0157,578.506,1859.0900000000001,1.9035,1.0,1.0,0.3112
2026-01-18 05:25:00,3311.65,3312.95,3311.64,3311.94,1111.118,3680302.41983,288.601,822.517,0.3509,0.2899999999999636,0.0088,-533.916,1111.118,0.3509,1.0,1.0,-0.4805
2026-01-18 05:30:00,3311.95,3311.95,3305.01,3309.47,11479.033,37966170.38014001,2601.726,8877.307,0.2931,-2.480000000000018,-0.0749,-6275.581,11479.033000000001,0.2931,1.0,1.0,-0.5467
2026-01-18 05:35:00,3309.47,3310.0,3307.72,3307.89,2948.861,9756886.83189,1387.164,1561.697,0.8882,-1.5799999999999272,-0.0477,-174.5329999999999,2948.861,0.8882,1.0,1.0,-0.0592
2026-01-18 05:40:00,3307.89,3310.36,3307.89,3310.36,1560.8980000000001,5165495.26136,1173.222,387.676,3.0263,2.4700000000002547,0.0747,785.546,1560.898,3.0263,1.0,1.0,0.5033
2026-01-18 05:45:00,3310.36,3311.86,3310.35,3311.86,498.53099999999995,1650645.0554,394.261,104.27,3.7812,1.5,0.0453,289.99100000000004,498.531,3.7812,1.0,1.0,0.5817
2026-01-18 05:50:00,3311.85,3311.86,3309.75,3309.84,1059.7259999999999,3508422.1933000004,312.429,747.297,0.4181,-2.0099999999997635,-0.0607,-434.86800000000005,1059.726,0.4181,1.0,1.0,-0.4104
2026-01-18 05:55:00,3309.84,3311.56,3309.4,3311.42,1981.0059999999999,6558391.47276,1534.876,446.13,3.4404,1.5799999999999272,0.0477,1088.746,1981.0059999999999,3.4404,1.0,1.0,0.5496
2026-01-18 06:00:00,3311.41,3311.42,3309.47,3309.71,4486.319,14851397.80537,2942.583,1543.736,1.9061,-1.699999999999818,-0.0513,1398.847,4486.319,1.9061,1.0,1.0,0.3118
2026-01-18 06:05:00,3309.7,3311.1,3308.59,3308.8,1264.612,4185133.20268,440.524,824.088,0.5346,-0.8999999999996362,-0.0272,-383.56399999999996,1264.612,0.5346,1.0,1.0,-0.3033
2026-01-18 06:10:00,3308.8,3309.05,3306.5,3308.07,3318.009,10977178.948859999,1559.807,1758.202,0.8872,-0.7300000000000182,-0.0221,-198.39499999999998,3318.009,0.8872,1.0,1.0,-0.0598
2026-01-18 06:15:00,3308.07,3311.07,3308.06,3309.44,1570.96,5199881.9238100005,1353.241,217.719,6.2155,1.3699999999998909,0.0414,1135.522,1570.96,6.2155,1.0,1.0,0.7228
2026-01-18 06:20:00,3309.44,3309.44,3308.21,3308.61,942.885,3119839.84387,218.015,724.87,0.3008,-0.8299999999999272,-0.0251,-506.855,942.885,0.3008,1.0,1.0,-0.5376
2026-01-18 06:25:00,3308.61,3309.22,3306.55,3307.29,1852.544,6127272.25603,919.807,932.737,0.9861,-1.3200000000001637,-0.0399,-12.92999999999995,1852.5439999999999,0.9861,1.0,1.0,-0.007
2026-01-18 06:30:00,3307.28,3307.28,3301.99,3306.17,6673.3589999999995,22050667.53009,2043.465,4629.894,0.4414,-1.1100000000001273,-0.0336,-2586.429,6673.359,0.4414,1.0,1.0,-0.3876
2026-01-18 06:35:00,3306.17,3306.17,3293.1,3298.87,18282.882,60302150.45863,5974.954,12307.928,0.4855,-7.300000000000182,-0.2208,-6332.974,18282.881999999998,0.4855,1.0,1.0,-0.3464
2026-01-18 06:40:00,3298.87,3304.86,3298.54,3301.55,4860.751,16049271.614430001,2908.983,1951.768,1.4904,2.680000000000291,0.0812,957.2150000000001,4860.751,1.4904,1.0,1.0,0.1969
2026-01-18 06:45:00,3301.54,3302.72,3297.0,3302.72,5207.1630000000005,17181481.79566,2777.986,2429.177,1.1436,1.1799999999998363,0.0357,348.80899999999974,5207.1630000000005,1.1436,1.0,1.0,0.067
2026-01-18 06:50:00,3302.71,3303.62,3300.64,3302.51,2734.8469999999998,9031155.12513,1805.116,929.731,1.9415,-0.1999999999998181,-0.0061,875.385,2734.8469999999998,1.9415,1.0,1.0,0.3201
2026-01-18 06:55:00,3302.51,3305.17,3300.45,3300.65,3843.559,12696151.69875,1899.734,1943.825,0.9773,-1.8600000000001273,-0.0563,-44.09100000000012,3843.559,0.9773,1.0,1.0,-0.0115
2026-01-18 07:00:00,3300.66,3304.57,3299.73,3303.26,5676.1050000000005,18747959.48596,2080.533,3595.572,0.5786,2.600000000000364,0.0788,-1515.0390000000002,5676.105,0.5786,1.0,1.0,-0.2669
2026-01-18 07:05:00,3303.26,3306.8,3303.18,3306.04,6039.156,19962955.70584,3309.625,2729.531,1.2125,2.7799999999997453,0.0842,580.094,6039.156,1.2125,1.0,1.0,0.0961
2026-01-18 07:10:00,3306.05,3307.21,3305.08,3305.76,2357.6859999999997,7794871.406090001,1118.401,1239.285,0.9025,-0.2899999999999636,-0.0088,-120.88400000000001,2357.686,0.9025,1.0,1.0,-0.0513
2026-01-18 07:15:00,3305.77,3307.52,3304.38,3306.01,1811.016,5986906.11639,1057.494,753.522,1.4034,0.24000000000023647,0.0073,303.97199999999987,1811.016,1.4034,1.0,1.0,0.1678
2026-01-18 07:20:00,3306.02,3306.02,3303.36,3304.69,1584.25,5235006.43377,603.868,980.382,0.616,-1.3299999999999272,-0.0402,-376.5139999999999,1584.25,0.616,1.0,1.0,-0.2377
2026-01-18 07:25:00,3304.69,3305.88,3303.26,3303.86,2805.122,9269081.05126,822.121,1983.001,0.4146,-0.8299999999999272,-0.0251,-1160.88,2805.122,0.4146,1.0,1.0,-0.4138
2026-01-18 07:30:00,3303.87,3306.43,3303.01,3305.05,3064.494,10127136.07521,2280.28,784.214,2.9077,1.180000000000291,0.0357,1496.0660000000003,3064.494,2.9077,1.0,1.0,0.4882
2026-01-18 07:35:00,3305.05,3306.0,3304.23,3304.56,1321.466,4367712.6657,774.735,546.731,1.417,-0.49000000000023647,-0.0148,228.00400000000002,1321.466,1.417,1.0,1.0,0.1725
2026-01-18 07:40:00,3304.57,3307.99,3304.57,3307.56,992.8299999999999,3283160.43048,808.242,184.588,4.3786,2.9899999999997817,0.0905,623.654,992.8299999999999,4.3786,1.0,1.0,0.6282
2026-01-18 07:45:00,3307.56,3308.11,3305.9,3307.15,1448.401,4790237.96926,740.873,707.528,1.0471,-0.4099999999998545,-0.0124,33.34500000000003,1448.401,1.0471,1.0,1.0,0.023
2026-01-18 07:50:00,3307.15,3309.0,3306.25,3306.3,2345.8289999999997,7759878.00988,1082.175,1263.654,0.8564,-0.849999999999909,-0.0257,-181.47900000000004,2345.8289999999997,0.8564,1.0,1.0,-0.0774
2026-01-18 07:55:00,3306.29,3309.1,3306.29,3308.82,1634.716,5408696.75394,853.116,781.6,1.0915,2.5300000000002,0.0765,71.51599999999996,1634.716,1.0915,1.0,1.0,0.0437
2026-01-18 08:00:00,3308.81,3308.81,3305.0,3305.01,2260.203,7472705.70572,715.584,1544.619,0.4633,-3.799999999999727,-0.1148,-829.035,2260.203,0.4633,1.0,1.0,-0.3668
2026-01-18 08:05:00,3305.01,3311.52,3305.01,3311.27,3910.732,12939946.65154,3146.201,764.531,4.1152,6.2599999999997635,0.1894,2381.67,3910.732,4.1152,1.0,1.0,0.609
2026-01-18 08:10:00,3311.27,3313.0,3310.46,3310.85,4023.3940000000002,13323952.63957,1623.668,2399.726,0.6766,-0.42000000000007276,-0.0127,-776.0580000000002,4023.3940000000002,0.6766,1.0,1.0,-0.1929
2026-01-18 08:15:00,3310.85,3312.8,3310.84,3312.42,2678.669,8871786.48735,1510.585,1168.084,1.2932,1.5700000000001637,0.0474,342.501,2678.669,1.2932,1.0,1.0,0.1279
2026-01-18 08:20:00,3312.43,3312.43,3309.22,3310.71,2613.659,8652452.80756,911.39,1702.269,0.5354,-1.7199999999998,-0.0519,-790.879,2613.659,0.5354,1.0,1.0,-0.3026
2026-01-18 08:25:00,3310.7,3311.5,3310.05,3310.47,1267.487,4196311.51584,749.775,517.712,1.4482,-0.2300000000000182,-0.0069,232.063,1267.487,1.4482,1.0,1.0,0.1831
2026-01-18 08:30:00,3310.48,3311.61,3310.48,3311.51,879.5450000000001,2912403.48715,638.345,241.2,2.6465,1.0300000000002,0.0311,397.14500000000004,879.5450000000001,2.6465,1.0,1.0,0.4515
2026-01-18 08:35:00,3311.51,3312.43,3308.61,3308.61,1765.778,5846174.47652,429.478,1336.3,0.3214,-2.900000000000091,-0.0876,-906.8219999999999,1765.778,0.3214,1.0,1.0,-0.5136
2026-01-18 08:40:00,3308.61,3309.01,3305.27,3305.27,2208.2619999999997,7301861.25824,686.111,1522.151,0.4508,-3.3400000000001455,-0.1009,-836.0400000000001,2208.262,0.4508,1.0,1.0,-0.3786
2026-01-18 08:45:00,3305.28,3305.28,3301.29,3304.49,5425.361,17923369.64546,3078.449,2346.912,1.3117,-0.7900000000004184,-0.0239,731.5370000000003,5425.361,1.3117,1.0,1.0,0.1348
2026-01-18 08:50:00,3304.5,3305.02,3302.0,3302.5,3550.87,11727999.12808,1920.816,1630.054,1.1784,-2.0,-0.0605,290.76199999999994,3550.87,1.1784,1.0,1.0,0.0819
2026-01-18 08:55:00,3302.5,3304.84,3302.49,3303.34,1791.588,5918401.98412,1064.919,726.669,1.4655,0.8400000000001455,0.0254,338.2500000000001,1791.5880000000002,1.4655,1.0,1.0,0.1888
2026-01-18 09:00:00,3303.34,3303.98,3300.6,3303.14,3671.5119999999997,12123820.70257,1766.141,1905.371,0.9269,-0.20000000000027285,-0.0061,-139.23000000000002,3671.512,0.9269,1.0,1.0,-0.0379
2026-01-18 09:05:00,3303.15,3303.15,3297.92,3298.56,9907.01,32690022.47705,3791.173,6115.837,0.6199,-4.5900000000001455,-0.139,-2324.6640000000007,9907.01,0.6199,1.0,1.0,-0.2346
2026-01-18 09:10:00,3298.56,3300.7,3297.55,3300.7,6121.711,20196628.8491,2232.183,3889.528,0.5739,2.1399999999998727,0.0649,-1657.3449999999998,6121.710999999999,0.5739,1.0,1.0,-0.2707
2026-01-18 09:15:00,3300.7,3305.65,3298.76,3304.57,3576.755,11809177.4242,1698.853,1877.902,0.9047,3.8700000000003456,0.1172,-179.04899999999998,3576.755,0.9047,1.0,1.0,-0.0501
2026-01-18 09:20:00,3304.57,3305.67,3303.17,3304.78,1835.193,6064565.75103,949.061,886.132,1.071,0.21000000000003638,0.0064,62.92900000000009,1835.193,1.071,1.0,1.0,0.0343
2026-01-18 09:25:00,3304.77,3305.27,3303.57,3304.78,1067.905,3528678.93726,546.36,521.545,1.0476,0.010000000000218279,0.0003,24.815000000000055,1067.905,1.0476,1.0,1.0,0.0232
2026-01-18 09:30:00,3304.79,3305.54,3301.46,3302.68,2045.4,6757564.41887,1141.158,904.242,1.262,-2.1100000000001273,-0.0638,236.91599999999994,2045.3999999999999,1.262,1.0,1.0,0.1158
2026-01-18 09:35:00,3302.68,3302.69,3301.22,3301.56,1440.672,4756878.28108,336.406,1104.266,0.3046,-1.1199999999998909,-0.0339,-767.8600000000001,1440.672,0.3046,1.0,1.0,-0.533
2026-01-18 09:40:00,3301.56,3302.45,3298.36,3299.04,3707.105,12235832.73494,860.563,2846.542,0.3023,-2.519999999999982,-0.0763,-1985.9789999999998,3707.105,0.3023,1.0,1.0,-0.5357
2026-01-18 09:45:00,3299.05,3300.23,3298.05,3299.21,5164.613,17038424.31219,2229.484,2935.129,0.7596,0.15999999999985448,0.0048,-705.645,5164.612999999999,0.7596,1.0,1.0,-0.1366
2026-01-18 09:50:00,3299.21,3300.26,3295.0,3296.82,6853.912,22602145.44603,2643.105,4210.807,0.6277,-2.3899999999998727,-0.0724,-1567.7019999999998,6853.912,0.6277,1.0,1.0,-0.2287
2026-01-18 09:55:00,3296.82,3300.3,3296.81,3300.11,2456.922,8105205.9668499995,1652.383,804.539,2.0538,3.2899999999999636,0.0998,847.844,2456.922,2.0538,1.0,1.0,0.3451
2026-01-18 10:00:00,3300.11,3303.37,3300.0,3303.0,2072.382,6842866.60478,1599.895,472.487,3.3861,2.8899999999998727,0.0876,1127.408,2072.382,3.3861,1.0,1.0,0.544
2026-01-18 10:05:00,3303.0,3303.55,3301.0,3303.54,1677.993,5541713.1115500005,903.052,774.941,1.1653,0.5399999999999636,0.0163,128.111,1677.993,1.1653,1.0,1.0,0.0763
2026-01-18 10:10:00,3303.53,3304.14,3302.25,3302.86,2987.651,9868945.9102,1998.837,988.814,2.0214,-0.6700000000000728,-0.0203,1010.023,2987.651,2.0214,1.0,1.0,0.3381
2026-01-18 10:15:00,3302.86,3304.89,3302.4,3303.2,1600.413,5287656.61443,789.475,810.938,0.9735,0.33999999999969077,0.0103,-21.462999999999965,1600.413,0.9735,1.0,1.0,-0.0134
2026-01-18 10:20:00,3303.19,3303.2,3301.03,3301.14,1087.058,3589358.17576,172.048,915.01,0.188,-2.050000000000182,-0.0621,-742.962,1087.058,0.188,1.0,1.0,-0.6835
2026-01-18 10:25:00,3301.13,3301.13,3300.0,3300.33,1303.09,4300543.75906,446.147,856.943,0.5206,-0.8000000000001819,-0.0242,-410.796,1303.09,0.5206,1.0,1.0,-0.3152
2026-01-18 10:30:00,3300.33,3300.34,3296.26,3297.99,4474.242,14754322.29102,1625.995,2848.247,0.5709,-2.3400000000001455,-0.0709,-1222.252,4474.242,0.5709,1.0,1.0,-0.2732
2026-01-18 10:35:00,3297.99,3301.87,3295.25,3298.5,12870.187,42445520.32507,7059.746,5810.441,1.215,0.5100000000002183,0.0155,1249.3050000000003,12870.187,1.215,1.0,1.0,0.0971
2026-01-18 10:40:00,3298.49,3300.96,3296.4,3300.07,2635.619,8694482.115079999,1571.727,1063.892,1.4773,1.580000000000382,0.0479,507.83500000000004,2635.619,1.4773,1.0,1.0,0.1927
2026-01-18 10:45:00,3300.07,3302.36,3300.07,3302.08,1248.973,4123095.86445,863.906,385.067,2.2435,2.0099999999997635,0.0609,478.83899999999994,1248.973,2.2435,1.0,1.0,0.3834
2026-01-18 10:50:00,3302.08,3302.59,3300.0,3301.99,1258.154,4153608.26322,788.162,469.992,1.677,-0.09000000000014552,-0.0027,318.17,1258.154,1.677,1.0,1.0,0.2529
2026-01-18 10:55:00,3302.0,3302.8,3301.47,3302.2,1017.746,3360747.86138,559.266,458.48,1.2198,0.1999999999998181,0.0061,100.78599999999994,1017.746,1.2198,1.0,1.0,0.099
2026-01-18 11:00:00,3302.2,3304.0,3301.84,3303.99,2624.705,8669734.83314,1766.659,858.046,2.0589,1.7899999999999636,0.0542,908.613,2624.705,2.0589,1.0,1.0,0.3462
2026-01-18 11:05:00,3304.0,3304.56,3302.5,3304.49,2055.262,6790081.91109,891.684,1163.578,0.7663,0.4899999999997817,0.0148,-271.894,2055.2619999999997,0.7663,1.0,1.0,-0.1323
2026-01-18 11:10:00,3304.49,3305.07,3304.36,3305.0,1285.893,4249475.62777,740.106,545.787,1.356,0.5100000000002183,0.0154,194.31899999999996,1285.893,1.356,1.0,1.0,0.1511
2026-01-18 11:15:00,3305.0,3306.99,3303.97,3306.6,5037.821,16649807.35365,2383.978,2653.843,0.8983,1.599999999999909,0.0484,-269.8649999999998,5037.821,0.8983,1.0,1.0,-0.0536
2026-01-18 11:20:00,3306.6,3306.89,3305.13,3305.95,2739.089,9055370.81163,1588.016,1151.073,1.3796,-0.650000000000091,-0.0197,436.943,2739.089,1.3796,1.0,1.0,0.1595
2026-01-18 11:25:00,3305.95,3311.0,3305.95,3310.15,9643.136999999999,31910962.29327,6341.807,3301.33,1.921,4.200000000000273,0.127,3040.477,9643.136999999999,1.921,1.0,1.0,0.3153
2026-01-18 11:30:00,3310.16,3318.88,3310.15,3315.51,15203.737,50394327.40561,10025.114,5178.623,1.9359,5.350000000000364,0.1616,4846.491,15203.737,1.9359,1.0,1.0,0.3188
2026-01-18 11:35:00,3315.51,3315.52,3313.75,3314.5,4664.898,15461630.8223,2647.369,2017.529,1.3122,-1.0100000000002183,-0.0305,629.8400000000001,4664.898,1.3122,1.0,1.0,0.135
2026-01-18 11:40:00,3314.5,3315.48,3313.67,3314.71,2391.134,7925020.431770001,1207.747,1183.387,1.0206,0.21000000000003638,0.0063,24.360000000000127,2391.134,1.0206,1.0,1.0,0.0102
2026-01-18 11:45:00,3314.71,3315.8,3313.7,3315.0,3744.131,12410732.52306,1567.004,2177.127,0.7198,0.2899999999999636,0.0087,-610.123,3744.131,0.7198,1.0,1.0,-0.163
2026-01-18 11:50:00,3315.0,3316.88,3313.88,3314.01,2348.486,7785254.208420001,1026.841,1321.645,0.7769,-0.9899999999997817,-0.0299,-294.8040000000001,2348.486,0.7769,1.0,1.0,-0.1255
2026-01-18 11:55:00,3314.0,3315.0,3313.34,3314.7,3088.523,10234869.80153,1523.414,1565.109,0.9734,0.6999999999998181,0.0211,-41.694999999999936,3088.523,0.9734,1.0,1.0,-0.0135
2026-01-18 12:00:00,3314.69,3315.78,3312.37,3314.03,5257.0960000000005,17420939.50757,1908.531,3348.565,0.57,-0.6599999999998545,-0.0199,-1440.034,5257.096,0.57,1.0,1.0,-0.2739
2026-01-18 12:05:00,3314.04,3316.14,3314.03,3316.0,2364.061,7838516.7158699995,1499.657,864.404,1.7349,1.9600000000000364,0.0591,635.2529999999999,2364.0609999999997,1.7349,1.0,1.0,0.2687
2026-01-18 12:10:00,3316.0,3316.0,3311.58,3314.36,4147.852,13745284.60088,1232.528,2915.324,0.4228,-1.6399999999998727,-0.0495,-1682.796,4147.852,0.4228,1.0,1.0,-0.4057
2026-01-18 12:15:00,3314.36,3314.5,3310.65,3311.22,2498.788,8276894.65394,584.732,1914.056,0.3055,-3.1400000000003274,-0.0947,-1329.324,2498.788,0.3055,1.0,1.0,-0.532
2026-01-18 12:20:00,3311.23,3313.65,3311.23,3311.75,1767.8990000000001,5856047.47663,1372.232,395.667,3.4681,0.5199999999999818,0.0157,976.565,1767.899,3.4681,1.0,1.0,0.5524
2026-01-18 12:25:00,3311.75,3311.76,3310.48,3311.48,1398.405,4630431.36383,828.507,569.898,1.4538,-0.2699999999999818,-0.0082,258.6089999999999,1398.405,1.4538,1.0,1.0,0.1849
2026-01-18 12:30:00,3311.49,3312.29,3308.32,3310.17,4163.8279999999995,13780408.118900001,1424.968,2738.86,0.5203,-1.319999999999709,-0.0399,-1313.892,4163.828,0.5203,1.0,1.0,-0.3155
2026-01-18 12:35:00,3310.17,3310.18,3309.09,3309.57,701.482,2321560.15088,343.733,357.749,0.9608,-0.599999999999909,-0.0181,-14.01600000000002,701.482,0.9608,1.0,1.0,-0.02
2026-01-18 12:40:00,3309.58,3311.14,3309.57,3310.77,1464.218,4847266.92276,851.81,612.408,1.3909,1.1900000000000546,0.036,239.40199999999993,1464.2179999999998,1.3909,1.0,1.0,0.1635
2026-01-18 12:45:00,3310.77,3311.55,3309.74,3311.54,803.857,2661147.61221,497.657,306.2,1.6253,0.7699999999999818,0.0233,191.457,803.857,1.6253,1.0,1.0,0.2382
2026-01-18 12:50:00,3311.54,3312.7,3310.28,3310.29,1576.786,5221701.43995,815.763,761.023,1.0719,-1.25,-0.0377,54.74000000000001,1576.786,1.0719,1.0,1.0,0.0347
2026-01-18 12:55:00,3310.29,3311.31,3309.91,3310.6,997.729,3303248.31529,355.026,642.703,0.5524,0.30999999999994543,0.0094,-287.67699999999996,997.729,0.5524,1.0,1.0,-0.2883
2026-01-18 13:00:00,3310.61,3311.06,3310.0,3310.01,927.962,3071940.47119,470.885,457.077,1.0302,-0.599999999999909,-0.0181,13.807999999999993,927.962,1.0302,1.0,1.0,0.0149
2026-01-18 13:05:00,3310.01,3310.78,3309.22,3309.81,2672.648,8846588.424560001,1103.66,1568.988,0.7034,-0.20000000000027285,-0.006,-465.328,2672.648,0.7034,1.0,1.0,-0.1741
2026-01-18 13:10:00,3309.8,3312.22,3309.8,3312.22,1653.661,5475733.57496,1432.094,221.567,6.4635,2.419999999999618,0.0731,1210.527,1653.661,6.4635,1.0,1.0,0.732
2026-01-18 13:15:00,3312.22,3314.14,3311.4,3312.6,2286.634,7575124.04032,1432.736,853.898,1.6779,0.38000000000010914,0.0115,578.8380000000001,2286.634,1.6779,1.0,1.0,0.2531
2026-01-18 13:20:00,3312.6,3313.62,3312.55,3312.73,1113.7079999999999,3689750.02162,451.957,661.751,0.683,0.13000000000010914,0.0039,-209.79399999999998,1113.708,0.683,1.0,1.0,-0.1884
2026-01-18 13:25:00,3312.74,3313.82,3312.5,3313.36,1092.665,3620092.2441999996,617.197,475.468,1.2981,0.6200000000003456,0.0187,141.72899999999998,1092.665,1.2981,1.0,1.0,0.1297
2026-01-18 13:30:00,3313.35,3313.35,3310.0,3310.79,1111.742,3681913.18025,416.322,695.42,0.5987,-2.5599999999999454,-0.0773,-279.09799999999996,1111.742,0.5987,1.0,1.0,-0.251
2026-01-18 13:35:00,3310.8,3312.21,3310.74,3312.19,989.485,3276652.53441,612.712,376.773,1.6262,1.3899999999998727,0.042,235.93899999999996,989.485,1.6262,1.0,1.0,0.2384
2026-01-18 13:40:00,3312.19,3313.96,3311.91,3313.96,1249.415,4139311.7460399996,1016.681,232.734,4.3684,1.7699999999999818,0.0534,783.947,1249.415,4.3684,1.0,1.0,0.6275
2026-01-18 13:45:00,3313.96,3316.74,3313.7,3314.55,4777.593,15838610.07014,2281.038,2496.555,0.9137,0.5900000000001455,0.0178,-215.51699999999983,4777.593,0.9137,1.0,1.0,-0.0451
2026-01-18 13:50:00,3314.54,3315.28,3313.33,3315.0,1383.2259999999999,4584275.82587,623.136,760.09,0.8198,0.4600000000000364,0.0139,-136.95400000000006,1383.226,0.8198,1.0,1.0,-0.099
2026-01-18 13:55:00,3315.0,3316.0,3314.36,3314.48,2693.751,8930218.87502,973.862,1719.889,0.5662,-0.5199999999999818,-0.0157,-746.0269999999999,2693.7509999999997,0.5662,1.0,1.0,-0.2769
2026-01-18 14:00:00,3314.49,3314.87,3313.55,3313.69,1167.483,3869104.88483,475.528,691.955,0.6872,-0.7999999999997272,-0.0241,-216.42700000000002,1167.4830000000002,0.6872,1.0,1.0,-0.1854
2026-01-18 14:05:00,3313.68,3315.33,3313.68,3315.33,1109.113,3676143.49309,464.34,644.773,0.7202,1.650000000000091,0.0498,-180.43300000000005,1109.113,0.7202,1.0,1.0,-0.1627
2026-01-18 14:10:00,3315.32,3316.31,3313.01,3314.76,4313.367,14298758.76943,1200.957,3112.41,0.3859,-0.5599999999999454,-0.0169,-1911.4529999999997,4313.367,0.3859,1.0,1.0,-0.4431
2026-01-18 14:15:00,3314.75,3314.76,3312.84,3312.99,906.0630000000001,3002262.65364,272.364,633.699,0.4298,-1.7600000000002183,-0.0531,-361.335,906.0629999999999,0.4298,1.0,1.0,-0.3988
2026-01-18 14:20:00,3312.99,3313.0,3311.0,3311.0,1224.49,4055654.76982,277.125,947.365,0.2925,-1.9899999999997817,-0.0601,-670.24,1224.49,0.2925,1.0,1.0,-0.5474
2026-01-18 14:25:00,3311.01,3311.95,3310.63,3311.33,821.515,2720090.1798,294.443,527.072,0.5586,0.31999999999970896,0.0097,-232.62900000000002,821.515,0.5586,1.0,1.0,-0.2832
2026-01-18 14:30:00,3311.33,3313.38,3310.06,3312.95,2460.83,8148856.01211,1293.113,1167.717,1.1074,1.6199999999998909,0.0489,125.39599999999996,2460.83,1.1074,1.0,1.0,0.051
2026-01-18 14:35:00,3312.96,3313.88,3312.95,3313.54,1577.6309999999999,5227315.01888,571.303,1006.328,0.5677,0.5799999999999272,0.0175,-435.025,1577.6309999999999,0.5677,1.0,1.0,-0.2757
2026-01-18 14:40:00,3313.55,3313.93,3312.76,3312.77,499.478,1655016.3364,339.028,160.45,2.113,-0.7800000000002001,-0.0235,178.57800000000003,499.478,2.113,1.0,1.0,0.3575
2026-01-18 14:45:00,3312.78,3313.01,3312.25,3312.4,1116.688,3698965.15171,259.877,856.811,0.3033,-0.38000000000010914,-0.0115,-596.934,1116.688,0.3033,1.0,1.0,-0.5346
2026-01-18 14:50:00,3312.4,3312.5,3311.34,3311.54,726.293,2405685.41132,538.056,188.237,2.8584,-0.8600000000001273,-0.026,349.8190000000001,726.293,2.8584,1.0,1.0,0.4816
2026-01-18 14:55:00,3311.54,3314.54,3311.54,3314.2,666.998,2210212.8636600003,560.587,106.41,5.2682,2.6599999999998545,0.0803,454.177,666.997,5.2682,1.0,1.0,0.6809
2026-01-18 15:00:00,3314.2,3314.21,3312.29,3313.73,560.57,1857221.81681,244.029,316.541,0.7709,-0.4699999999997999,-0.0142,-72.512,560.5699999999999,0.7709,1.0,1.0,-0.1294
2026-01-18 15:05:00,3313.73,3314.28,3310.16,3310.38,1942.145,6431998.492980001,542.051,1400.094,0.3872,-3.349999999999909,-0.1011,-858.043,1942.145,0.3872,1.0,1.0,-0.4418
2026-01-18 15:10:00,3310.38,3311.01,3304.44,3306.65,10601.962,35059966.19595,3996.793,6605.169,0.6051,-3.730000000000018,-0.1127,-2608.3759999999997,10601.962,0.6051,1.0,1.0,-0.246
2026-01-18 15:15:00,3306.65,3307.0,3304.81,3306.91,4962.529,16406241.50642,3689.043,1273.486,2.8968,0.25999999999976353,0.0079,2415.557,4962.529,2.8968,1.0,1.0,0.4868
2026-01-18 15:20:00,3306.91,3309.31,3306.9,3309.0,2426.412,8026068.94525,1949.1,477.312,4.0835,2.0900000000001455,0.0632,1471.788,2426.412,4.0835,1.0,1.0,0.6066
2026-01-18 15:25:00,3309.01,3309.69,3308.95,3309.57,922.26,3051985.11761,533.717,388.543,1.3736,0.5599999999999454,0.0169,145.17399999999998,922.26,1.3736,1.0,1.0,0.1574
2026-01-18 15:30:00,3309.57,3309.93,3305.31,3305.5,4062.748,13438906.11017,626.184,3436.564,0.1822,-4.070000000000164,-0.123,-2810.38,4062.7479999999996,0.1822,1.0,1.0,-0.6917
2026-01-18 15:35:00,3305.5,3306.69,3304.46,3305.52,2382.279,7874743.87867,1130.495,1251.784,0.9031,0.01999999999998181,0.0006,-121.28900000000021,2382.279,0.9031,1.0,1.0,-0.0509
2026-01-18 15:40:00,3305.53,3307.73,3305.53,3307.72,1163.434,3847469.13992,757.54,405.894,1.8663,2.1899999999996,0.0663,351.64599999999996,1163.434,1.8663,1.0,1.0,0.3022
2026-01-18 15:45:00,3307.72,3308.04,3307.19,3307.36,1198.57,3964255.04839,365.163,833.407,0.4382,-0.3599999999996726,-0.0109,-468.244,1198.5700000000002,0.4382,1.0,1.0,-0.3907
2026-01-18 15:50:00,3307.36,3307.68,3306.37,3306.49,1096.22,3625352.18827,496.936,599.284,0.8292,-0.8700000000003456,-0.0263,-102.34800000000001,1096.22,0.8292,1.0,1.0,-0.0934
2026-01-18 15:55:00,3306.49,3306.5,3305.19,3305.63,1623.772,5368030.4059999995,588.179,1035.593,0.568,-0.8599999999996726,-0.026,-447.4140000000001,1623.772,0.568,1.0,1.0,-0.2755
2026-01-18 16:00:00,3305.64,3305.82,3302.44,3303.35,4278.782,14136102.53545,1165.122,3113.66,0.3742,-2.2899999999999636,-0.0693,-1948.5379999999998,4278.782,0.3742,1.0,1.0,-0.4554
2026-01-18 16:05:00,3303.35,3304.65,3301.62,3304.64,3009.644,9941046.60857,1814.729,1194.915,1.5187,1.2899999999999636,0.0391,619.8140000000001,3009.6440000000002,1.5187,1.0,1.0,0.2059
2026-01-18 16:10:00,3304.64,3306.13,3304.64,3305.63,2494.5009999999997,8245032.23301,2109.458,385.043,5.4785,0.9900000000002365,0.03,1724.415,2494.501,5.4785,1.0,1.0,0.6913
2026-01-18 16:15:00,3305.63,3305.64,3303.7,3304.99,2900.993,9586287.5011,834.45,2066.543,0.4038,-0.6400000000003274,-0.0194,-1232.093,2900.9930000000004,0.4038,1.0,1.0,-0.4247
2026-01-18 16:20:00,3304.99,3307.22,3304.96,3307.22,1703.032,5630049.8663800005,1246.542,456.49,2.7307,2.230000000000018,0.0675,790.0519999999999,1703.032,2.7307,1.0,1.0,0.4639
2026-01-18 16:25:00,3307.21,3308.79,3307.21,3308.29,2542.136,8409838.03582,964.355,1577.781,0.6112,1.0799999999999272,0.0327,-613.4259999999999,2542.136,0.6112,1.0,1.0,-0.2413
2026-01-18 16:30:00,3308.29,3309.6,3308.06,3308.49,2612.098,8643270.23701,855.292,1756.806,0.4868,0.1999999999998181,0.006,-901.514,2612.098,0.4868,1.0,1.0,-0.3451
2026-01-18 16:35:00,3308.49,3310.38,3307.52,3310.38,1422.226,4706452.41549,895.3,526.926,1.6991,1.8900000000003274,0.0571,368.3739999999999,1422.226,1.6991,1.0,1.0,0.259
2026-01-18 16:40:00,3310.38,3314.13,3310.35,3312.81,6952.501,23029390.76311,5466.317,1486.184,3.6781,2.4299999999998363,0.0734,3980.133,6952.501,3.6781,1.0,1.0,0.5725
2026-01-18 16:45:00,3312.8,3313.32,3310.69,3313.32,3498.09,11585963.85794,1180.937,2317.153,0.5096,0.5199999999999818,0.0157,-1136.216,3498.0899999999997,0.5096,1.0,1.0,-0.3248
2026-01-18 16:50:00,3313.33,3314.3,3313.31,3314.29,3577.608,11855540.594269998,1778.154,1799.454,0.9882,0.9600000000000364,0.029,-21.299999999999955,3577.608,0.9882,1.0,1.0,-0.006
2026-01-18 16:55:00,3314.29,3315.43,3313.16,3313.3,5417.045,17953129.23516,2065.235,3351.81,0.6162,-0.9899999999997817,-0.0299,-1286.5749999999998,5417.045,0.6162,1.0,1.0,-0.2375
2026-01-18 17:00:00,3313.29,3315.0,3313.0,3314.57,2174.3720000000003,7206040.078639999,1220.213,954.159,1.2788,1.2800000000002,0.0386,266.054,2174.372,1.2788,1.0,1.0,0.1224
2026-01-18 17:05:00,3314.58,3315.44,3312.2,3315.29,2713.261,8993196.55687,1222.287,1490.974,0.8198,0.7100000000000364,0.0214,-268.6869999999999,2713.261,0.8198,1.0,1.0,-0.099
2026-01-18 17:10:00,3315.3,3316.44,3314.33,3314.56,4108.806,13622286.29737,1565.227,2543.579,0.6154,-0.7400000000002365,-0.0223,-978.3520000000001,4108.8060000000005,0.6154,1.0,1.0,-0.2381
2026-01-18 17:15:00,3314.56,3316.66,3314.3,3316.33,3576.203,11856863.054639999,2397.343,1178.86,2.0336,1.7699999999999818,0.0534,1218.483,3576.2029999999995,2.0336,1.0,1.0,0.3407
2026-01-18 17:20:00,3316.33,3322.66,3316.32,3317.66,15841.062999999998,52581328.58198,10207.481,5633.582,1.8119,1.3299999999999272,0.0401,4573.898999999999,15841.063,1.8119,1.0,1.0,0.2887
2026-01-18 17:25:00,3317.65,3320.52,3317.0,3320.51,4899.219,16258452.00478,3035.93,1863.289,1.6293,2.8600000000001273,0.0862,1172.6409999999998,4899.219,1.6293,1.0,1.0,0.2394
2026-01-18 17:30:00,3320.52,3323.38,3319.56,3322.91,7730.504,25680009.47177,4197.049,3533.455,1.1878,2.3899999999998727,0.072,663.594,7730.504,1.1878,1.0,1.0,0.0858
2026-01-18 17:35:00,3322.9,3322.91,3320.48,3320.92,4403.598,14626576.05646,1761.696,2641.902,0.6668,-1.9800000000000182,-0.0596,-880.2060000000001,4403.598,0.6668,1.0,1.0,-0.1999
2026-01-18 17:40:00,3320.91,3320.92,3318.8,3319.06,4016.38,13333432.13319,1523.306,2493.074,0.611,-1.849999999999909,-0.0557,-969.768,4016.38,0.611,1.0,1.0,-0.2415
2026-01-18 17:45:00,3319.06,3320.46,3318.85,3319.98,3712.315,12323511.909020001,1996.952,1715.363,1.1642,0.9200000000000728,0.0277,281.58899999999994,3712.315,1.1642,1.0,1.0,0.0759
2026-01-18 17:50:00,3319.98,3322.5,3319.97,3321.61,3312.093,11000558.337129999,2420.387,891.706,2.7143,1.6300000000001091,0.0491,1528.681,3312.0930000000003,2.7143,1.0,1.0,0.4615
2026-01-18 17:55:00,3321.6,3323.76,3321.12,3321.26,5644.759,18756333.79218,3287.089,2357.67,1.3942,-0.33999999999969077,-0.0102,929.4189999999999,5644.759,1.3942,1.0,1.0,0.1647
2026-01-18 18:00:00,3321.27,3323.68,3316.9,3316.9,6418.633,21311112.947300002,2530.485,3888.148,0.6508,-4.369999999999891,-0.1316,-1357.663,6418.633,0.6508,1.0,1.0,-0.2115
2026-01-18 18:05:00,3316.89,3320.58,3316.53,3320.0,3328.614,11043477.91951,1498.353,1830.261,0.8187,3.1100000000001273,0.0938,-331.9079999999999,3328.614,0.8187,1.0,1.0,-0.0997
2026-01-18 18:10:00,3320.0,3320.01,3317.75,3318.74,1937.256,6430046.54731,618.857,1318.399,0.4694,-1.2600000000002183,-0.038,-699.5419999999999,1937.2559999999999,0.4694,1.0,1.0,-0.3611
2026-01-18 18:15:00,3318.75,3319.09,3317.52,3318.41,1831.559,6077654.7643,810.87,1020.689,0.7944,-0.3400000000001455,-0.0102,-209.81899999999996,1831.559,0.7944,1.0,1.0,-0.1146
2026-01-18 18:20:00,3318.42,3319.7,3318.41,3319.25,1804.353,5988682.69608,1015.919,788.434,1.2885,0.8299999999999272,0.025,227.485,1804.353,1.2885,1.0,1.0,0.1261
2026-01-18 18:25:00,3319.25,3319.25,3318.68,3318.91,917.633,3045572.13534,356.05,561.583,0.634,-0.3400000000001455,-0.0102,-205.53299999999996,917.633,0.634,1.0,1.0,-0.224
2026-01-18 18:30:00,3318.92,3320.85,3318.52,3320.85,2157.154,7160435.51218,1322.631,834.523,1.5849,1.9299999999998363,0.0582,488.10800000000006,2157.154,1.5849,1.0,1.0,0.2263
2026-01-18 18:35:00,3320.85,3321.5,3319.15,3319.64,2761.8269999999998,9171188.12604,1569.917,1191.91,1.3171,-1.2100000000000364,-0.0364,378.00699999999983,2761.827,1.3171,1.0,1.0,0.1369
2026-01-18 18:40:00,3319.64,3322.73,3319.63,3322.44,2318.73,7702298.8798,1614.77,703.96,2.2938,2.800000000000182,0.0843,910.81,2318.73,2.2938,1.0,1.0,0.3928
2026-01-18 18:45:00,3322.45,3322.45,3321.0,3321.0,1583.202,5259116.44158,512.105,1071.097,0.4781,-1.449999999999818,-0.0436,-558.992,1583.202,0.4781,1.0,1.0,-0.3531
2026-01-18 18:50:00,3321.01,3323.2,3321.0,3322.69,3971.8810000000003,13196736.36235,1974.37,1997.511,0.9884,1.6799999999998363,0.0506,-23.141000000000076,3971.881,0.9884,1.0,1.0,-0.0058
2026-01-18 18:55:00,3322.69,3324.58,3322.68,3323.67,5127.227,17041550.318290003,2744.224,2383.003,1.1516,0.9800000000000182,0.0295,361.221,5127.227000000001,1.1516,1.0,1.0,0.0705
2026-01-18 19:00:00,3323.67,3323.67,3320.05,3320.05,2342.816,7781999.94047,807.341,1535.475,0.5258,-3.619999999999891,-0.1089,-728.1339999999999,2342.816,0.5258,1.0,1.0,-0.3108
2026-01-18 19:05:00,3320.06,3320.59,3319.0,3320.18,1659.782,5509891.51059,783.204,876.578,0.8935,0.11999999999989086,0.0036,-93.37400000000002,1659.782,0.8935,1.0,1.0,-0.0563
2026-01-18 19:10:00,3320.19,3320.19,3319.0,3319.64,1955.6840000000002,6491910.33518,1487.471,468.213,3.1769,-0.5500000000001819,-0.0166,1019.258,1955.684,3.1769,1.0,1.0,0.5212
2026-01-18 19:15:00,3319.64,3319.64,3317.56,3318.5,1451.366,4816473.07904,258.866,1192.5,0.2171,-1.1399999999998727,-0.0343,-933.634,1451.366,0.2171,1.0,1.0,-0.6433
2026-01-18 19:20:00,3318.49,3319.35,3317.8,3317.81,1415.7,4698302.3001,834.604,581.096,1.4363,-0.6799999999998363,-0.0205,253.50800000000004,1415.7,1.4363,1.0,1.0,0.1791
2026-01-18 19:25:00,3317.81,3318.25,3317.52,3317.52,1199.042,3978328.58242,488.558,710.484,0.6876,-0.2899999999999636,-0.0087,-221.92600000000004,1199.042,0.6876,1.0,1.0,-0.1851
2026-01-18 19:30:00,3317.53,3318.87,3317.04,3318.87,1430.784,4746926.72979,855.836,574.948,1.4885,1.3399999999996908,0.0404,280.88800000000003,1430.784,1.4885,1.0,1.0,0.1963
2026-01-18 19:35:00,3318.87,3318.87,3317.66,3318.34,931.1880000000001,3090193.77571,645.439,285.749,2.2588,-0.5299999999997453,-0.016,359.68999999999994,931.188,2.2588,1.0,1.0,0.3863
2026-01-18 19:40:00,3318.34,3320.44,3317.02,3319.87,3404.0789999999997,11295873.83742,1252.179,2151.9,0.5819,1.5299999999997453,0.0461,-899.721,3404.079,0.5819,1.0,1.0,-0.2643
2026-01-18 19:45:00,3319.86,3321.0,3317.73,3320.0,1222.191,4057453.70546,517.438,704.753,0.7342,0.13999999999987267,0.0042,-187.31500000000005,1222.191,0.7342,1.0,1.0,-0.1533
2026-01-18 19:50:00,3319.99,3321.52,3319.97,3320.55,1188.575,3947040.12022,690.743,497.832,1.3875,0.5600000000004002,0.0169,192.91100000000006,1188.575,1.3875,1.0,1.0,0.1623
2026-01-18 19:55:00,3320.54,3321.29,3319.55,3320.62,2261.85,7510231.28698,475.451,1786.399,0.2662,0.07999999999992724,0.0024,-1310.9479999999999,2261.85,0.2662,1.0,1.0,-0.5796
2026-01-18 20:00:00,3320.62,3321.45,3320.23,3320.45,1162.305,3859728.8558,528.23,634.075,0.8331,-0.17000000000007276,-0.0051,-105.84500000000003,1162.305,0.8331,1.0,1.0,-0.0911
2026-01-18 20:05:00,3320.45,3320.46,3318.23,3318.53,1307.395,4339142.9452599995,338.323,969.072,0.3491,-1.919999999999618,-0.0578,-630.749,1307.395,0.3491,1.0,1.0,-0.4824
2026-01-18 20:10:00,3318.52,3318.59,3317.51,3318.47,1497.73,4969659.13438,766.441,731.289,1.0481,-0.0500000000001819,-0.0015,35.152000000000044,1497.73,1.0481,1.0,1.0,0.0235
2026-01-18 20:15:00,3318.47,3318.7,3316.62,3316.9,2238.489,7425988.845679999,441.062,1797.427,0.2454,-1.569999999999709,-0.0473,-1356.3649999999998,2238.489,0.2454,1.0,1.0,-0.6059
2026-01-18 20:20:00,3316.9,3319.4,3316.89,3319.39,2036.938,6758593.120610001,1086.809,950.129,1.1439,2.4899999999997817,0.0751,136.67999999999995,2036.938,1.1439,1.0,1.0,0.0671
2026-01-18 20:25:00,3319.39,3324.59,3319.14,3323.16,3626.668,12048267.1807,2382.912,1243.756,1.9159,3.769999999999982,0.1136,1139.1559999999997,3626.6679999999997,1.9159,1.0,1.0,0.3141
2026-01-18 20:30:00,3323.15,3323.15,3321.36,3322.09,1319.438,4383507.38834,693.84,625.598,1.1091,-1.0599999999999454,-0.0319,68.24200000000008,1319.438,1.1091,1.0,1.0,0.0517
2026-01-18 20:35:00,3322.1,3325.5,3322.09,3323.87,5473.554,18195470.9436,4435.829,1037.725,4.2746,1.7699999999999818,0.0533,3398.104,5473.554,4.2746,1.0,1.0,0.6208
2026-01-18 20:40:00,3323.86,3324.25,3323.08,3323.51,2214.185,7359382.2451,884.747,1329.438,0.6655,-0.34999999999990905,-0.0105,-444.69100000000014,2214.185,0.6655,1.0,1.0,-0.2008
2026-01-18 20:45:00,3323.5,3324.25,3322.6,3323.32,2735.7349999999997,9092189.843740001,1497.647,1238.088,1.2096,-0.1799999999998363,-0.0054,259.55899999999997,2735.7349999999997,1.2096,1.0,1.0,0.0949
2026-01-18 20:50:00,3323.33,3323.72,3320.84,3320.84,2778.869,9233943.53213,957.961,1820.908,0.5261,-2.4899999999997817,-0.0749,-862.9469999999999,2778.8689999999997,0.5261,1.0,1.0,-0.3105
2026-01-18 20:55:00,3320.85,3321.15,3319.55,3320.59,1717.591,5703122.56042,682.064,1035.527,0.6587,-0.25999999999976353,-0.0078,-353.4630000000001,1717.591,0.6587,1.0,1.0,-0.2058
2026-01-18 21:00:00,3320.59,3320.99,3319.01,3320.99,2282.839,7579038.70457,688.063,1594.776,0.4314,0.3999999999996362,0.012,-906.7130000000001,2282.839,0.4314,1.0,1.0,-0.3972
2026-01-18 21:05:00,3320.99,3320.99,3312.5,3317.79,10103.499,33505588.99583,2368.643,7734.856,0.3062,-3.199999999999818,-0.0964,-5366.213,10103.499,0.3062,1.0,1.0,-0.5311
2026-01-18 21:10:00,3317.79,3318.78,3317.72,3318.41,2355.6440000000002,7816465.42915,1384.343,971.301,1.4252,0.6199999999998909,0.0187,413.04200000000003,2355.6440000000002,1.4252,1.0,1.0,0.1753
2026-01-18 21:15:00,3318.41,3318.41,3316.41,3316.41,2150.8109999999997,7136231.92052,1299.317,851.494,1.5259,-2.0,-0.0603,447.823,2150.811,1.5259,1.0,1.0,0.2082
2026-01-18 21:20:00,3316.42,3317.0,3313.3,3315.36,7963.737,26395257.614749998,4163.541,3800.196,1.0956,-1.0599999999999454,-0.032,363.34500000000025,7963.737,1.0956,1.0,1.0,0.0456
2026-01-18 21:25:00,3315.36,3317.9,3312.83,3317.08,6736.5740000000005,22334672.6544,5079.531,1657.043,3.0654,1.7199999999998,0.0519,3422.4880000000003,6736.574,3.0654,1.0,1.0,0.508
2026-01-18 21:30:00,3317.08,3317.74,3315.2,3315.2,2239.038,7426100.18258,613.163,1625.875,0.3771,-1.8800000000001091,-0.0567,-1012.712,2239.038,0.3771,1.0,1.0,-0.4523
2026-01-18 21:35:00,3315.21,3318.2,3315.2,3317.5,4142.173,13740954.911139999,1979.972,2162.201,0.9157,2.2899999999999636,0.0691,-182.22900000000004,4142.173,0.9157,1.0,1.0,-0.044
2026-01-18 21:40:00,3317.51,3329.99,3317.5,3327.07,27141.361,90254988.03507,17923.227,9218.134,1.9443,9.559999999999945,0.2882,8705.092999999999,27141.360999999997,1.9443,1.0,1.0,0.3207
2026-01-18 21:45:00,3327.07,3328.69,3324.37,3324.57,9826.377,32684258.95963,3489.811,6336.566,0.5507,-2.5,-0.0751,-2846.7549999999997,9826.377,0.5507,1.0,1.0,-0.2897
2026-01-18 21:50:00,3324.57,3324.76,3323.25,3324.61,3155.79,10489615.15052,1801.134,1354.656,1.3296,0.03999999999996362,0.0012,446.47800000000007,3155.79,1.3296,1.0,1.0,0.1415
2026-01-18 21:55:00,3324.61,3324.97,3323.97,3324.83,2467.263,8202397.9633,1267.377,1199.886,1.0562,0.2199999999997999,0.0066,67.49099999999999,2467.263,1.0562,1.0,1.0,0.0274
2026-01-18 22:00:00,3324.84,3324.84,3322.45,3323.46,3202.487,10641887.22566,1039.072,2163.415,0.4803,-1.3800000000001091,-0.0415,-1124.343,3202.487,0.4803,1.0,1.0,-0.3511
2026-01-18 22:05:00,3323.46,3325.0,3322.81,3323.78,2172.138,7220327.258719999,1525.861,646.277,2.361,0.3200000000001637,0.0096,879.5840000000001,2172.138,2.361,1.0,1.0,0.4049
2026-01-18 22:10:00,3323.79,3329.88,3323.15,3329.31,7048.213,23449218.20686,4957.771,2090.442,2.3716,5.519999999999982,0.1661,2867.3289999999997,7048.213,2.3716,1.0,1.0,0.4068
2026-01-18 22:15:00,3329.3,3346.99,3329.15,3339.71,78517.449,262178972.18197,53356.543,25160.906,2.1206,10.409999999999854,0.3127,28195.637,78517.449,2.1206,1.0,1.0,0.3591
2026-01-18 22:20:00,3339.71,3341.87,3335.24,3337.91,17225.109,57490736.519,6823.756,10401.353,0.656,-1.800000000000182,-0.0539,-3577.596999999999,17225.109,0.656,1.0,1.0,-0.2077
2026-01-18 22:25:00,3337.92,3338.03,3334.22,3336.28,6271.417,20925141.7004,2902.676,3368.741,0.8617,-1.6399999999998727,-0.0491,-466.06500000000005,6271.4169999999995,0.8617,1.0,1.0,-0.0743
2026-01-18 22:30:00,3336.28,3343.0,3336.28,3338.02,9047.872,30217712.43539,4917.165,4130.707,1.1904,1.7399999999997817,0.0522,786.4579999999996,9047.872,1.1904,1.0,1.0,0.0869
2026-01-18 22:35:00,3338.02,3339.73,3326.64,3331.73,18313.442,61026721.919290006,5057.411,13256.031,0.3815,-6.289999999999964,-0.1884,-8198.62,18313.442000000003,0.3815,1.0,1.0,-0.4477
2026-01-18 22:40:00,3331.72,3332.31,3328.14,3329.34,7552.405,25149237.854310002,3695.279,3857.126,0.958,-2.3799999999996544,-0.0714,-161.8470000000002,7552.405000000001,0.958,1.0,1.0,-0.0214
2026-01-18 22:45:00,3329.35,3331.0,3325.36,3327.01,9707.953,32303212.651180003,4245.73,5462.223,0.7773,-2.3399999999996908,-0.0703,-1216.4930000000004,9707.953,0.7773,1.0,1.0,-0.1253
2026-01-18 22:50:00,3327.0,3329.68,3326.36,3326.99,4639.143,15438231.626459999,2037.749,2601.394,0.7833,-0.010000000000218279,-0.0003,-563.6449999999998,4639.143,0.7833,1.0,1.0,-0.1215
2026-01-18 22:55:00,3326.99,3327.7,3321.2,3323.51,12542.843,41693195.04927,6440.039,6102.804,1.0553,-3.4799999999995634,-0.1046,337.2349999999997,12542.843,1.0553,1.0,1.0,0.0269
2026-01-18 23:00:00,3323.52,3326.28,3317.01,3325.95,14771.384,49069662.41746,8151.988,6619.396,1.2315,2.4299999999998363,0.0731,1532.5920000000006,14771.384,1.2315,1.0,1.0,0.1038
2026-01-18 23:05:00,3325.94,3326.34,3321.64,3323.78,3798.906,12627892.09159,1684.963,2113.943,0.7971,-2.1599999999998545,-0.0649,-428.98000000000025,3798.906,0.7971,1.0,1.0,-0.1129
2026-01-18 23:10:00,3323.77,3326.8,3323.77,3324.56,3205.582,10659475.44772,1224.51,1981.072,0.6181,0.7899999999999636,0.0238,-756.5619999999999,3205.582,0.6181,1.0,1.0,-0.236
2026-01-18 23:15:00,3324.55,3329.0,3323.0,3328.96,3930.022,13074962.44593,2349.422,1580.6,1.4864,4.4099999999998545,0.1326,768.8220000000001,3930.022,1.4864,1.0,1.0,0.1956
2026-01-18 23:20:00,3328.96,3330.89,3327.45,3330.18,4769.625,15880022.24217,2247.368,2522.257,0.891,1.2199999999998,0.0366,-274.8890000000001,4769.625,0.891,1.0,1.0,-0.0576
2026-01-18 23:25:00,3330.18,3331.8,3328.82,3330.51,2744.776,9141172.80218,1609.452,1135.316,1.4176,0.330000000000382,0.0099,474.13599999999997,2744.768,1.4176,1.0,1.0,0.1727
2026-01-18 23:30:00,3330.51,3330.77,3327.41,3329.48,9284.078,30908731.93696,3504.462,5779.624,0.6063,-1.0300000000002,-0.0309,-2275.162,9284.086,0.6063,1.0,1.0,-0.2451
2026-01-18 23:35:00,3329.48,3333.28,3328.95,3333.0,4729.331,15755405.55938,3090.983,1638.348,1.8866,3.519999999999982,0.1057,1452.6350000000002,4729.331,1.8866,1.0,1.0,0.3072
2026-01-18 23:40:00,3333.0,3334.55,3331.11,3331.59,3790.9410000000003,12635675.85283,1669.678,2121.263,0.7871,-1.4099999999998545,-0.0423,-451.5849999999998,3790.941,0.7871,1.0,1.0,-0.1191
2026-01-18 23:45:00,3331.59,3332.0,3330.46,3331.61,1925.11,6413214.28069,594.792,1330.318,0.4471,0.01999999999998181,0.0006,-735.526,1925.1100000000001,0.4471,1.0,1.0,-0.3821
2026-01-18 23:50:00,3331.61,3331.99,3329.72,3331.79,1661.837,5534579.83865,558.877,1102.96,0.5067,0.1799999999998363,0.0054,-544.0830000000001,1661.837,0.5067,1.0,1.0,-0.3274
2026-01-18 23:55:00,3331.79,3332.78,3330.96,3332.34,2807.715,9355063.29927,1779.591,1028.124,1.7309,0.5500000000001819,0.0165,751.4669999999999,2807.715,1.7309,1.0,1.0,0.2676
2026-01-19 00:00:00,3332.33,3332.34,3328.19,3331.44,4084.636,13601138.40961,1651.642,2432.994,0.6789,-0.8899999999998727,-0.0267,-781.3520000000001,4084.6360000000004,0.6789,1.0,1.0,-0.1913
2026-01-19 00:05:00,3331.44,3336.47,3331.33,3334.55,6653.746,22187910.98932,4673.408,1980.338,2.3599,3.1100000000001273,0.0934,2693.0700000000006,6653.746,2.3599,1.0,1.0,0.4047
2026-01-19 00:10:00,3334.56,3335.61,3331.71,3332.55,2288.704,7629897.20321,729.32,1559.384,0.4677,-2.0099999999997635,-0.0603,-830.064,2288.704,0.4677,1.0,1.0,-0.3627
2026-01-19 00:15:00,3332.56,3335.6,3332.55,3333.3,3062.321,10210066.520610001,1768.72,1293.601,1.3673,0.7400000000002365,0.0222,475.1189999999999,3062.321,1.3673,1.0,1.0,0.1551
2026-01-19 00:20:00,3333.31,3337.0,3332.74,3334.91,3296.418,10993230.04859,1325.144,1971.274,0.6722,1.599999999999909,0.048,-646.1299999999999,3296.4179999999997,0.6722,1.0,1.0,-0.196
2026-01-19 00:25:00,3334.91,3334.91,3329.27,3330.14,4762.023,15864397.13053,1210.22,3551.803,0.3407,-4.769999999999982,-0.143,-2341.5829999999996,4762.023,0.3407,1.0,1.0,-0.4917
2026-01-19 00:30:00,3330.15,3332.16,3329.2,3330.0,4519.398,15050498.61845,1910.76,2608.638,0.7325,-0.15000000000009095,-0.0045,-697.8779999999999,4519.398,0.7325,1.0,1.0,-0.1544
2026-01-19 00:35:00,3330.01,3333.92,3329.62,3332.0,2583.561,8607976.462059999,1213.175,1370.386,0.8853,1.9899999999997817,0.0598,-157.211,2583.5609999999997,0.8853,1.0,1.0,-0.0609
2026-01-19 00:40:00,3331.99,3335.4,3331.91,3334.8,1913.723,6381416.26214,1144.626,769.097,1.4883,2.8100000000004,0.0843,375.529,1913.723,1.4883,1.0,1.0,0.1962
2026-01-19 00:45:00,3334.8,3335.8,3332.0,3332.29,2593.853,8649149.74754,1086.886,1506.967,0.7212,-2.5100000000002183,-0.0753,-420.08100000000013,2593.853,0.7212,1.0,1.0,-0.162
2026-01-19 00:50:00,3332.29,3336.8,3330.84,3335.51,2856.259,9524057.95956,2058.517,797.742,2.5804,3.2200000000002547,0.0966,1260.7749999999999,2856.259,2.5804,1.0,1.0,0.4414
2026-01-19 00:55:00,3335.5,3335.51,3331.98,3332.19,1347.4470000000001,4492110.177610001,649.896,697.551,0.9317,-3.3099999999999454,-0.0992,-47.655000000000086,1347.4470000000001,0.9317,1.0,1.0,-0.0354
2026-01-19 01:00:00,3332.19,3334.01,3331.45,3334.0,3604.077,12010744.39204,2045.439,1558.638,1.3123,1.8099999999999454,0.0543,486.80100000000016,3604.077,1.3123,1.0,1.0,0.1351
2026-01-19 01:05:00,3334.01,3336.34,3333.71,3333.71,4063.944,13552379.684419999,2296.584,1767.36,1.2994,-0.3000000000001819,-0.009,529.2239999999999,4063.9439999999995,1.2994,1.0,1.0,0.1302
2026-01-19 01:10:00,3333.71,3335.64,3330.81,3331.24,3149.548,10499215.06285,1050.497,2099.051,0.5005,-2.4700000000002547,-0.0741,-1048.5539999999999,3149.548,0.5005,1.0,1.0,-0.3329
2026-01-19 01:15:00,3331.24,3334.73,3331.24,3334.44,2115.302,7051265.089400001,1586.314,528.988,2.9988,3.200000000000273,0.0961,1057.326,2115.302,2.9988,1.0,1.0,0.4998
2026-01-19 01:20:00,3334.44,3335.49,3333.81,3334.48,4060.558,13541973.48824,1104.787,2955.771,0.3738,0.03999999999996362,0.0012,-1850.9840000000002,4060.558,0.3738,1.0,1.0,-0.4558
2026-01-19 01:25:00,3334.48,3336.23,3334.47,3335.05,2600.518,8673971.269410001,1190.319,1410.199,0.8441,0.5700000000001637,0.0171,-219.8800000000001,2600.518,0.8441,1.0,1.0,-0.0846
2026-01-19 01:30:00,3335.04,3336.66,3335.0,3336.66,2260.525,7541084.33767,1636.88,623.645,2.6247,1.6199999999998909,0.0486,1013.2350000000001,2260.525,2.6247,1.0,1.0,0.4482
2026-01-19 01:35:00,3336.65,3337.72,3332.9,3333.88,3782.194,12617848.30684,2540.914,1241.28,2.047,-2.769999999999982,-0.083,1299.6340000000002,3782.1940000000004,2.047,1.0,1.0,0.3436
2026-01-19 01:40:00,3333.88,3334.2,3331.74,3333.3,1368.845,4562583.68412,607.758,761.087,0.7985,-0.5799999999999272,-0.0174,-153.32899999999995,1368.845,0.7985,1.0,1.0,-0.112
2026-01-19 01:45:00,3333.3,3333.77,3332.57,3333.5,785.602,2618690.11664,447.649,337.953,1.3246,0.1999999999998181,0.006,109.69600000000003,785.602,1.3246,1.0,1.0,0.1396
2026-01-19 01:50:00,3333.49,3334.66,3332.6,3334.5,811.9849999999999,2707313.58086,461.769,350.216,1.3185,1.0100000000002183,0.0303,111.553,811.985,1.3185,1.0,1.0,0.1374
2026-01-19 01:55:00,3334.5,3345.0,3334.08,3343.4,15849.875,52950213.304900005,12632.833,3217.042,3.9268,8.900000000000091,0.2669,9415.791000000001,15849.875,3.9268,1.0,1.0,0.5941
2026-01-19 02:00:00,3343.4,3344.4,3338.98,3339.0,6589.845,22019095.75152,2636.017,3953.828,0.6667,-4.400000000000091,-0.1316,-1317.8110000000001,6589.844999999999,0.6667,1.0,1.0,-0.2
2026-01-19 02:05:00,3339.01,3339.91,3338.0,3338.01,3607.192,12044407.99402,2234.283,1372.909,1.6274,-1.0,-0.0299,861.3739999999998,3607.192,1.6274,1.0,1.0,0.2388
2026-01-19 02:10:00,3338.0,3341.62,3335.38,3341.13,5215.175,17417904.76291,2412.909,2802.266,0.8611,3.130000000000109,0.0938,-389.35699999999997,5215.175,0.8611,1.0,1.0,-0.0747
2026-01-19 02:15:00,3341.13,3341.13,3338.95,3339.39,2479.903,8283720.873500001,1088.688,1391.215,0.7825,-1.7400000000002365,-0.0521,-302.5269999999998,2479.9030000000002,0.7825,1.0,1.0,-0.122
2026-01-19 02:20:00,3339.4,3342.9,3339.3,3342.27,2009.2230000000002,6713367.0331,1265.848,743.375,1.7028,2.869999999999891,0.0859,522.473,2009.223,1.7028,1.0,1.0,0.26
2026-01-19 02:25:00,3342.27,3364.96,3341.03,3361.28,73471.84599999999,246553317.04056,56118.509,17353.337,3.2339,19.01000000000022,0.5688,38765.172,73471.84599999999,3.2339,1.0,1.0,0.5276
2026-01-19 02:30:00,3361.28,3368.8,3354.47,3359.01,43630.335999999996,146645783.02906,24408.216,19222.12,1.2698,-2.269999999999982,-0.0675,5186.096000000001,43630.335999999996,1.2698,1.0,1.0,0.1189
2026-01-19 02:35:00,3359.0,3361.09,3355.68,3357.71,13995.026,46998249.408439994,7317.269,6677.757,1.0958,-1.2899999999999636,-0.0384,639.5120000000006,13995.026,1.0958,1.0,1.0,0.0457
2026-01-19 02:40:00,3357.71,3361.62,3356.82,3358.8,5651.694,18983652.68502,3527.136,2124.558,1.6602,1.0900000000001455,0.0325,1402.578,5651.6939999999995,1.6602,1.0,1.0,0.2482
2026-01-19 02:45:00,3358.8,3367.69,3357.3,3364.32,12427.711,41800504.85817,7294.928,5132.108,1.4214,5.519999999999982,0.1643,2162.8199999999997,12427.036,1.4214,1.0001,0.9999,0.174
2026-01-19 02:50:00,3364.33,3365.35,3360.2,3361.12,5091.8009999999995,17124142.82696,1637.73,3454.746,0.4741,-3.2100000000000364,-0.0954,-1817.016,5092.476000000001,0.4741,0.9999,1.0001,-0.3568
2026-01-19 02:55:00,3361.11,3364.89,3360.0,3361.03,4931.279,16581757.275039999,2184.611,2746.668,0.7954,-0.07999999999992724,-0.0024,-562.0570000000002,4931.279,0.7954,1.0,1.0,-0.114
2026-01-19 03:00:00,3361.04,3365.35,3361.03,3364.4,4646.124,15626798.969659999,3498.377,1147.747,3.048,3.3600000000001273,0.1,2350.63,4646.124,3.048,1.0,1.0,0.5059
2026-01-19 03:05:00,3364.39,3364.4,3356.73,3356.73,7483.42,25138771.35356,1921.506,5561.914,0.3455,-7.6599999999998545,-0.2277,-3640.4079999999994,7483.42,0.3455,1.0,1.0,-0.4865
2026-01-19 03:10:00,3356.73,3357.45,3353.07,3353.89,9383.88,31489746.83272,2516.266,6867.614,0.3664,-2.8400000000001455,-0.0846,-4351.348,9383.88,0.3664,1.0,1.0,-0.4637
2026-01-19 03:15:00,3353.89,3354.65,3349.08,3352.21,7782.736,26087577.15445,3728.252,4054.484,0.9195,-1.6799999999998363,-0.0501,-326.23199999999997,7782.736,0.9195,1.0,1.0,-0.0419
2026-01-19 03:20:00,3352.2,3354.59,3350.81,3353.76,6040.2,20251451.79745,3688.301,2351.899,1.5682,1.5600000000004002,0.0465,1336.402,6040.2,1.5682,1.0,1.0,0.2213
2026-01-19 03:25:00,3353.75,3355.37,3351.3,3351.3,3436.274,11525121.98461,2273.387,1162.887,1.955,-2.449999999999818,-0.0731,1110.5000000000002,3436.2740000000003,1.955,1.0,1.0,0.3232
2026-01-19 03:30:00,3351.3,3353.35,3348.57,3351.89,5908.052000000001,19798000.940080002,2842.029,3066.023,0.9269,0.5899999999996908,0.0176,-223.99400000000014,5908.052,0.9269,1.0,1.0,-0.0379
2026-01-19 03:35:00,3351.89,3352.66,3350.61,3352.22,1956.04,6556771.368489999,1102.687,853.353,1.2922,0.32999999999992724,0.0098,249.33399999999995,1956.04,1.2922,1.0,1.0,0.1275
2026-01-19 03:40:00,3352.21,3352.27,3349.02,3349.02,1758.208,5891734.92776,658.67,1099.538,0.599,-3.1900000000000546,-0.0952,-440.86800000000005,1758.208,0.599,1.0,1.0,-0.2507
2026-01-19 03:45:00,3349.03,3349.03,3342.96,3346.31,11079.054,37066244.976909995,5427.482,5651.572,0.9603,-2.7200000000002547,-0.0812,-224.09000000000015,11079.054,0.9603,1.0,1.0,-0.0202
2026-01-19 03:50:00,3346.32,3346.32,3343.61,3345.62,2761.7709999999997,9238125.43359,1069.579,1692.192,0.6321,-0.7000000000002728,-0.0209,-622.613,2761.7709999999997,0.6321,1.0,1.0,-0.2254
2026-01-19 03:55:00,3345.62,3346.4,3343.65,3345.82,3302.2290000000003,11046008.51773,1874.96,1427.269,1.3137,0.20000000000027285,0.006,447.69100000000003,3302.2290000000003,1.3137,1.0,1.0,0.1356
2026-01-19 04:00:00,3345.82,3348.3,3342.83,3343.8,3044.459,10184001.7031,1526.901,1517.558,1.0062,-2.019999999999982,-0.0604,9.343000000000075,3044.459,1.0062,1.0,1.0,0.0031
2026-01-19 04:05:00,3343.81,3345.0,3340.59,3341.0,2910.504,9727319.57827,792.281,2118.223,0.374,-2.8099999999999454,-0.084,-1325.942,2910.504,0.374,1.0,1.0,-0.4556
2026-01-19 04:10:00,3340.99,3343.0,3340.46,3342.85,3935.449,13151690.90658,1717.378,2218.071,0.7743,1.8600000000001273,0.0557,-500.693,3935.4489999999996,0.7743,1.0,1.0,-0.1272
2026-01-19 04:15:00,3342.85,3347.46,3342.84,3346.73,3371.975,11280249.95163,2918.691,453.284,6.439,3.880000000000109,0.1161,2465.4069999999997,3371.975,6.439,1.0,1.0,0.7311
2026-01-19 04:20:00,3346.73,3351.19,3346.15,3349.3,4552.298,15244212.54148,3599.877,952.421,3.7797,2.5700000000001637,0.0768,2647.456,4552.298,3.7797,1.0,1.0,0.5816
2026-01-19 04:25:00,3349.3,3351.95,3349.3,3350.9,1309.701,4388422.33101,682.567,627.134,1.0884,1.599999999999909,0.0478,55.43299999999999,1309.701,1.0884,1.0,1.0,0.0423
2026-01-19 04:30:00,3350.9,3350.91,3347.19,3348.0,1725.068,5777050.36836,588.397,1136.671,0.5176,-2.900000000000091,-0.0865,-548.274,1725.0680000000002,0.5176,1.0,1.0,-0.3178
2026-01-19 04:35:00,3347.99,3348.0,3339.42,3340.99,9605.204,32108837.70014,1592.619,8012.585,0.1988,-7.0,-0.2091,-6419.966,9605.204,0.1988,1.0,1.0,-0.6684
2026-01-19 04:40:00,3341.0,3341.9,3335.25,3340.95,9951.292,33227383.14608,3869.955,6081.337,0.6364,-0.0500000000001819,-0.0015,-2211.3820000000005,9951.292000000001,0.6364,1.0,1.0,-0.2222
2026-01-19 04:45:00,3340.95,3343.22,3340.0,3341.2,2451.771,8192952.90918,1764.909,686.862,2.5695,0.25,0.0075,1078.047,2451.771,2.5695,1.0,1.0,0.4397
2026-01-19 04:50:00,3341.19,3342.98,3339.97,3340.52,1393.259,4655482.61654,710.139,683.12,1.0396,-0.6700000000000728,-0.0201,27.019000000000005,1393.259,1.0396,1.0,1.0,0.0194
2026-01-19 04:55:00,3340.52,3340.52,3338.73,3340.03,2414.94,8064582.28758,849.28,1565.66,0.5424,-0.4899999999997817,-0.0147,-716.3800000000001,2414.94,0.5424,1.0,1.0,-0.2966
2026-01-19 05:00:00,3340.03,3340.28,3335.81,3337.16,3473.903,11593501.42236,718.681,2755.222,0.2608,-2.8700000000003456,-0.0859,-2036.5410000000002,3473.9030000000002,0.2608,1.0,1.0,-0.5862
2026-01-19 05:05:00,3337.16,3338.67,3335.4,3336.18,2055.592,6859643.10341,1042.518,1013.074,1.0291,-0.9800000000000182,-0.0294,29.444000000000074,2055.592,1.0291,1.0,1.0,0.0143
2026-01-19 05:10:00,3336.17,3341.66,3336.17,3339.53,4107.271,13715681.00922,3339.767,767.504,4.3515,3.3600000000001273,0.1007,2572.263,4107.271,4.3515,1.0,1.0,0.6263
2026-01-19 05:15:00,3339.52,3339.53,3337.41,3338.19,772.03,2577121.3311099997,445.103,326.927,1.3615,-1.3299999999999272,-0.0398,118.17599999999999,772.03,1.3615,1.0,1.0,0.1531
2026-01-19 05:20:00,3338.19,3339.48,3337.78,3338.79,2999.415,10014376.44959,734.422,2264.993,0.3242,0.599999999999909,0.018,-1530.571,2999.415,0.3242,1.0,1.0,-0.5103
2026-01-19 05:25:00,3338.78,3339.41,3338.21,3339.04,786.489,2625997.91132,545.107,241.382,2.2583,0.25999999999976353,0.0078,303.72499999999997,786.489,2.2583,1.0,1.0,0.3862
2026-01-19 05:30:00,3339.03,3344.99,3338.0,3343.41,4985.413,16659650.21772,3951.881,1033.532,3.8237,4.379999999999654,0.1312,2918.349,4985.413,3.8237,1.0,1.0,0.5854
2026-01-19 05:35:00,3343.41,3343.41,3341.54,3341.54,1741.351,5820661.74057,1195.73,545.621,2.1915,-1.8699999999998909,-0.0559,650.109,1741.351,2.1915,1.0,1.0,0.3733
2026-01-19 05:40:00,3341.55,3342.84,3341.54,3342.8,941.799,3147753.83406,532.816,408.983,1.3028,1.25,0.0374,123.83300000000003,941.799,1.3028,1.0,1.0,0.1315
2026-01-19 05:45:00,3342.79,3344.5,3342.16,3343.53,3362.193,11240124.38192,883.771,2478.422,0.3566,0.7400000000002365,0.0221,-1594.651,3362.193,0.3566,1.0,1.0,-0.4743
2026-01-19 05:50:00,3343.53,3343.9,3336.91,3339.18,3342.7619999999997,11164493.177960001,738.88,2603.882,0.2838,-4.350000000000364,-0.1301,-1865.002,3342.762,0.2838,1.0,1.0,-0.5579
2026-01-19 05:55:00,3339.18,3340.5,3339.0,3340.42,923.8860000000001,3085683.18468,677.767,246.119,2.7538,1.2400000000002365,0.0371,431.648,923.8860000000001,2.7538,1.0,1.0,0.4672
2026-01-19 06:00:00,3340.42,3342.74,3338.81,3342.47,1532.2199999999998,5118670.642109999,1015.637,516.583,1.9661,2.049999999999727,0.0614,499.054,1532.2199999999998,1.9661,1.0,1.0,0.3257
2026-01-19 06:05:00,3342.47,3347.0,3342.46,3345.5,3368.653,11267582.43894,1588.456,1780.197,0.8923,3.0300000000002,0.0907,-191.74099999999999,3368.653,0.8923,1.0,1.0,-0.0569
2026-01-19 06:10:00,3345.5,3355.85,3345.17,3351.77,13237.539,44374685.421670005,9053.66,4183.879,2.1639,6.269999999999982,0.1874,4869.781,13237.539,2.1639,1.0,1.0,0.3679
2026-01-19 06:15:00,3351.76,3352.8,3347.42,3347.99,2581.13,8645362.24348,881.973,1699.157,0.5191,-3.7700000000004366,-0.1125,-817.184,2581.13,0.5191,1.0,1.0,-0.3166
2026-01-19 06:20:00,3348.0,3349.01,3345.72,3347.25,1476.128,4941609.823310001,421.737,1054.391,0.4,-0.75,-0.0224,-632.654,1476.1280000000002,0.4,1.0,1.0,-0.4286
2026-01-19 06:25:00,3347.24,3347.3,3345.15,3345.56,1442.001,4825351.95425,573.11,868.891,0.6596,-1.6799999999998363,-0.0502,-295.78099999999995,1442.001,0.6596,1.0,1.0,-0.2051
2026-01-19 06:30:00,3345.56,3346.15,3345.23,3345.51,1570.884,5255875.48881,970.9,599.984,1.6182,-0.04999999999972715,-0.0015,370.91599999999994,1570.884,1.6182,1.0,1.0,0.2361
2026-01-19 06:35:00,3345.51,3347.58,3343.68,3344.29,2172.145,7266873.20117,672.489,1499.656,0.4484,-1.2200000000002547,-0.0365,-827.1669999999999,2172.145,0.4484,1.0,1.0,-0.3808
2026-01-19 06:40:00,3344.3,3349.24,3344.3,3346.09,1796.581,6012936.41313,848.626,947.955,0.8952,1.7899999999999636,0.0535,-99.32900000000006,1796.5810000000001,0.8952,1.0,1.0,-0.0553
2026-01-19 06:45:00,3346.09,3348.16,3345.91,3347.76,1011.448,3385627.18509,609.884,401.564,1.5188,1.6700000000000728,0.0499,208.32,1011.4480000000001,1.5188,1.0,1.0,0.206
2026-01-19 06:50:00,3347.77,3349.43,3345.79,3349.43,988.1610000000001,3307696.6282,593.968,394.193,1.5068,1.6599999999998545,0.0496,199.77499999999998,988.161,1.5068,1.0,1.0,0.2022
2026-01-19 06:55:00,3349.43,3350.19,3347.83,3349.66,1868.18,6256989.61417,1135.468,732.712,1.5497,0.2300000000000182,0.0069,402.7560000000001,1868.18,1.5497,1.0,1.0,0.2156
2026-01-19 07:00:00,3349.66,3349.66,3321.0,3326.74,48530.106999999996,161593070.60495,13763.03,34767.077,0.3959,-22.920000000000073,-0.6842,-21004.047,48530.106999999996,0.3959,1.0,1.0,-0.4328
2026-01-19 07:05:00,3326.74,3329.06,3321.15,3325.6,13806.96,45912448.2083,6976.789,6830.171,1.0215,-1.1399999999998727,-0.0343,146.61799999999948,13806.96,1.0215,1.0,1.0,0.0106
2026-01-19 07:10:00,3325.61,3332.89,3323.01,3327.52,7909.234,26316273.89752,4312.132,3597.102,1.1988,1.9099999999998545,0.0574,715.0299999999997,7909.2339999999995,1.1988,1.0,1.0,0.0904
2026-01-19 07:15:00,3327.52,3333.74,3325.18,3333.64,8862.535,29504531.35611,5868.3,2994.235,1.9599,6.119999999999891,0.1839,2874.065,8862.535,1.9599,1.0,1.0,0.3243
2026-01-19 07:20:00,3333.64,3335.92,3311.5,3322.95,35324.286,117262679.4547,13015.246,22309.04,0.5834,-10.690000000000055,-0.3207,-9293.794000000002,35324.286,0.5834,1.0,1.0,-0.2631
2026-01-19 07:25:00,3322.95,3322.96,3308.3,3308.99,23504.637,77880590.89312,8155.712,15348.925,0.5314,-13.960000000000036,-0.4201,-7193.212999999999,23504.637,0.5314,1.0,1.0,-0.306
2026-01-19 07:30:00,3309.0,3317.85,3304.6,3309.05,26874.84,88956338.60948,13001.274,13873.566,0.9371,0.0500000000001819,0.0015,-872.2920000000013,26874.84,0.9371,1.0,1.0,-0.0325
2026-01-19 07:35:00,3309.05,3314.87,3306.0,3309.01,12562.599,41589622.10923,7461.601,5100.998,1.4628,-0.03999999999996362,-0.0012,2360.603,12562.598999999998,1.4628,1.0,1.0,0.1879
2026-01-19 07:40:00,3309.0,3311.78,3306.0,3310.16,8614.915,28500047.30596,4615.695,3999.22,1.1541,1.1599999999998545,0.0351,616.4749999999999,8614.914999999999,1.1541,1.0,1.0,0.0716
2026-01-19 07:45:00,3310.15,3310.16,3284.1,3293.1,83549.43999999999,275129361.61509,38487.33,45062.11,0.8541,-17.050000000000182,-0.5151,-6574.779999999999,83549.44,0.8541,1.0,1.0,-0.0787
2026-01-19 07:50:00,3293.06,3299.71,3278.0,3282.45,35107.216,115416036.02988,13915.008,21192.208,0.6566,-10.610000000000127,-0.3222,-7277.199999999999,35107.216,0.6566,1.0,1.0,-0.2073
2026-01-19 07:55:00,3282.45,3287.2,3277.18,3282.91,31252.242,102544551.76095,18392.368,12859.874,1.4302,0.4600000000000364,0.014,5532.493999999999,31252.242,1.4302,1.0,1.0,0.177
2026-01-19 08:00:00,3282.91,3283.45,3212.21,3257.48,296147.996,961289592.54372,51224.512,97793.521,0.5238,-25.429999999999836,-0.7746,-46569.00899999999,149018.033,0.5238,1.9873,0.5032,-0.3125
2026-01-19 08:05:00,3257.46,3261.0,3237.45,3246.2,60018.053,195029759.77547002,20223.211,15717.982,1.2866,-11.260000000000218,-0.3457,4505.228999999999,35941.193,1.2866,1.6699,0.5988,0.1254
2026-01-19 08:10:00,3246.2,3247.61,3216.0,3216.44,66362.08099999999,214342686.87642,29783.509,36578.572,0.8142,-29.759999999999764,-0.9168,-6795.063000000002,66362.081,0.8142,1.0,1.0,-0.1024
2026-01-19 08:15:00,3216.44,3224.74,3201.8,3214.33,149144.798,479167465.25409,70006.475,79138.323,0.8846,-2.1100000000001273,-0.0656,-9131.847999999998,149144.798,0.8846,1.0,1.0,-0.0612
2026-01-19 08:20:00,3214.33,3214.33,3172.0,3201.62,161321.103,514790599.01391,72982.579,88338.524,0.8262,-12.710000000000036,-0.3954,-15355.945000000007,161321.103,0.8262,1.0,1.0,-0.0952
2026-01-19 08:25:00,3201.63,3212.99,3188.28,3202.55,51795.429,165822691.93198,31451.056,20344.373,1.5459,0.9200000000000728,0.0287,11106.683,51795.429000000004,1.5459,1.0,1.0,0.2144
2026-01-19 08:30:00,3202.54,3208.69,3183.01,3201.13,58138.327000000005,185850642.50273,31865.964,26272.363,1.2129,-1.4099999999998545,-0.044,5593.600999999999,58138.327000000005,1.2129,1.0,1.0,0.0962
2026-01-19 08:35:00,3201.13,3220.75,3194.31,3216.41,50676.305,162660320.99038,30682.999,19993.306,1.5347,15.279999999999745,0.4773,10689.693,50676.305,1.5347,1.0,1.0,0.2109
2026-01-19 08:40:00,3216.42,3221.0,3211.2,3218.81,24103.961,77568945.20278001,13370.876,10733.085,1.2458,2.3899999999998727,0.0743,2637.791000000001,24103.961,1.2458,1.0,1.0,0.1094
2026-01-19 08:45:00,3218.8,3219.58,3211.3,3218.88,19243.838,61882754.57132,8859.474,10384.364,0.8532,0.07999999999992724,0.0025,-1524.8899999999994,19243.838,0.8532,1.0,1.0,-0.0792
2026-01-19 08:50:00,3218.87,3218.88,3211.36,3216.46,12191.209,39187399.57588,5894.776,6296.433,0.9362,-2.4099999999998545,-0.0749,-401.65700000000015,12191.208999999999,0.9362,1.0,1.0,-0.0329
2026-01-19 08:55:00,3216.46,3217.7,3208.24,3210.77,12560.831,40351304.309820004,5990.42,6570.411,0.9117,-5.690000000000055,-0.1769,-579.991,12560.831,0.9117,1.0,1.0,-0.0462
2026-01-19 09:00:00,3210.74,3215.0,3204.0,3212.73,19172.886,61569027.43034,9078.874,10094.012,0.8994,1.9900000000002365,0.062,-1015.1380000000008,19172.886,0.8994,1.0,1.0,-0.0529
2026-01-19 09:05:00,3212.74,3219.0,3212.59,3217.94,10363.217999999999,33325736.24873,5443.628,4919.59,1.1065,5.200000000000273,0.1619,524.0379999999996,10363.218,1.1065,1.0,1.0,0.0506
2026-01-19 09:10:00,3217.94,3219.66,3213.22,3214.83,8162.441,26258947.33948,3633.224,4529.217,0.8022,-3.1100000000001273,-0.0966,-895.9929999999995,8162.441,0.8022,1.0,1.0,-0.1098
2026-01-19 09:15:00,3214.82,3220.0,3212.27,3216.32,10370.776,33356337.02494,5214.768,5156.008,1.0114,1.5,0.0467,58.76000000000022,10370.776,1.0114,1.0,1.0,0.0057
2026-01-19 09:20:00,3216.32,3216.33,3209.11,3211.1,12511.144,40191202.194,5971.706,6539.438,0.9132,-5.220000000000255,-0.1623,-567.732,12511.144,0.9132,1.0,1.0,-0.0454
2026-01-19 09:25:00,3211.11,3214.89,3207.6,3207.64,9299.826000000001,29865448.48341,3462.742,5837.084,0.5932,-3.4700000000002547,-0.1081,-2374.3419999999996,9299.826000000001,0.5932,1.0,1.0,-0.2553
2026-01-19 09:30:00,3207.64,3213.57,3205.0,3212.32,10904.467,34998037.17165,4438.78,6465.687,0.6865,4.680000000000291,0.1459,-2026.9070000000002,10904.467,0.6865,1.0,1.0,-0.1859
2026-01-19 09:35:00,3212.32,3214.83,3204.64,3208.63,7717.630999999999,24771993.95825,2601.945,5115.686,0.5086,-3.6900000000000546,-0.1149,-2513.7409999999995,7717.630999999999,0.5086,1.0,1.0,-0.3257
2026-01-19 09:40:00,3208.62,3209.45,3204.72,3206.72,6957.361000000001,22312802.351439998,3158.145,3799.216,0.8313,-1.900000000000091,-0.0592,-641.0709999999999,6957.361,0.8313,1.0,1.0,-0.0921
2026-01-19 09:45:00,3206.71,3207.24,3192.35,3194.46,33974.926999999996,108664850.52361,12526.285,21448.642,0.584,-12.25,-0.382,-8922.357,33974.926999999996,0.584,1.0,1.0,-0.2626
2026-01-19 09:50:00,3194.45,3201.89,3192.51,3196.13,15759.936,50384773.12483,9449.861,6310.075,1.4976,1.680000000000291,0.0526,3139.786000000001,15759.936000000002,1.4976,1.0,1.0,0.1992
2026-01-19 09:55:00,3196.14,3206.96,3196.07,3205.15,12047.284,38592014.26456,8372.235,3674.949,2.2782,9.010000000000218,0.2819,4697.286,12047.184000000001,2.2782,1.0,1.0,0.3899
2026-01-19 10:00:00,3205.15,3205.38,3198.73,3201.68,9092.975,29115100.306050003,3863.288,5229.687,0.7387,-3.4700000000002547,-0.1083,-1366.399,9092.975,0.7387,1.0,1.0,-0.1503
2026-01-19 10:05:00,3201.69,3206.57,3192.2,3196.46,10865.52,34766838.15485,3426.963,7438.557,0.4607,-5.230000000000018,-0.1634,-4011.5939999999996,10865.52,0.4607,1.0,1.0,-0.3692
2026-01-19 10:10:00,3196.46,3199.98,3196.2,3198.61,7377.904,23595643.36286,4056.784,3321.12,1.2215,2.150000000000091,0.0673,735.6640000000002,7377.904,1.2215,1.0,1.0,0.0997
2026-01-19 10:15:00,3198.6,3204.0,3197.15,3203.52,8321.436,26638696.0697,5992.514,2328.922,2.5731,4.920000000000073,0.1538,3663.592,8321.436,2.5731,1.0,1.0,0.4403
2026-01-19 10:20:00,3203.52,3215.0,3203.06,3213.66,19354.036,62155254.38234,11443.795,7910.241,1.4467,10.139999999999873,0.3165,3533.554,19354.036,1.4467,1.0,1.0,0.1826
2026-01-19 10:25:00,3213.65,3213.66,3205.83,3209.23,4891.003,15689562.8961,2450.153,2440.85,1.0038,-4.420000000000073,-0.1375,9.302999999999884,4891.003,1.0038,1.0,1.0,0.0019
2026-01-19 10:30:00,3209.23,3211.0,3205.21,3209.32,6664.697,21383501.438890003,3332.054,3332.643,0.9998,0.09000000000014552,0.0028,-0.5889999999999418,6664.697,0.9998,1.0,1.0,-0.0001
2026-01-19 10:35:00,3209.34,3211.0,3207.11,3210.59,2867.978,9202985.53051,1737.561,1130.417,1.5371,1.25,0.0389,607.144,2867.978,1.5371,1.0,1.0,0.2117
2026-01-19 10:40:00,3210.59,3214.31,3210.02,3210.02,9963.185000000001,32004125.16146,6864.02,3099.165,2.2148,-0.5700000000001637,-0.0178,3764.8550000000005,9963.185000000001,2.2148,1.0,1.0,0.3779
2026-01-19 10:45:00,3210.02,3210.3,3205.0,3205.0,6167.654,19787447.027960002,1552.519,4513.786,0.344,-5.019999999999982,-0.1564,-2961.267,6066.305,0.344,1.0167,0.9836,-0.4882
2026-01-19 10:50:00,3205.0,3207.93,3204.0,3204.0,5982.698,19177757.00149,2839.079,3244.968,0.8749,-1.0,-0.0312,-405.88899999999967,6084.0470000000005,0.8749,0.9833,1.0169,-0.0667
2026-01-19 10:55:00,3204.0,3204.45,3202.5,3202.87,4926.618,15781645.03464,3432.811,1493.807,2.298,-1.1300000000001091,-0.0353,1939.0040000000001,4926.618,2.298,1.0,1.0,0.3936
2026-01-19 11:00:00,3202.87,3206.55,3202.34,3204.66,3963.4249999999997,12701003.6449,1964.503,1998.922,0.9828,1.7899999999999636,0.0559,-34.419000000000096,3963.425,0.9828,1.0,1.0,-0.0087
2026-01-19 11:05:00,3204.65,3210.78,3204.51,3209.84,4312.941,13832133.49065,2530.204,1782.737,1.4193,5.190000000000055,0.162,747.4670000000001,4312.941000000001,1.4193,1.0,1.0,0.1733
2026-01-19 11:10:00,3209.83,3210.38,3205.0,3206.05,4218.237,13527901.91357,1139.818,3078.419,0.3703,-3.7799999999997453,-0.1178,-1938.6009999999999,4218.237,0.3703,1.0,1.0,-0.4596
2026-01-19 11:15:00,3206.05,3210.02,3206.05,3208.24,4707.232,15104168.155909998,3688.495,1018.737,3.6207,2.1899999999996,0.0683,2669.758,4707.232,3.6207,1.0,1.0,0.5672
2026-01-19 11:20:00,3208.25,3208.25,3193.0,3200.79,15027.387999999999,48063561.48172,4872.117,10155.271,0.4798,-7.460000000000036,-0.2325,-5283.154,15027.388,0.4798,1.0,1.0,-0.3516
2026-01-19 11:25:00,3200.79,3205.15,3199.19,3202.84,7160.448,22929983.11204,2618.469,4541.979,0.5765,2.050000000000182,0.064,-1923.5100000000002,7160.448,0.5765,1.0,1.0,-0.2686
2026-01-19 11:30:00,3202.84,3205.49,3200.5,3202.93,5892.352,18869625.3383,3478.805,2413.547,1.4414,0.08999999999969077,0.0028,1065.2579999999998,5892.352,1.4414,1.0,1.0,0.1808
2026-01-19 11:35:00,3202.93,3208.0,3202.06,3204.86,5398.975,17304632.38244,2462.282,2936.693,0.8385,1.930000000000291,0.0603,-474.41100000000006,5398.975,0.8385,1.0,1.0,-0.0879
2026-01-19 11:40:00,3204.86,3208.96,3204.85,3206.8,5812.222,18639968.41264,4371.439,1440.783,3.0341,1.9400000000000546,0.0605,2930.6560000000004,5812.222,3.0341,1.0,1.0,0.5042
2026-01-19 11:45:00,3206.8,3208.64,3206.12,3207.71,3310.36,10617555.06412,1944.175,1366.185,1.4231,0.9099999999998545,0.0284,577.99,3310.3599999999997,1.4231,1.0,1.0,0.1746
2026-01-19 11:50:00,3207.71,3211.57,3207.6,3210.24,3886.642,12474796.175,2555.525,1331.117,1.9198,2.5299999999997453,0.0789,1224.4080000000001,3886.642,1.9198,1.0,1.0,0.315
2026-01-19 11:55:00,3210.24,3211.5,3210.08,3210.35,2736.178,8785108.83965,1347.327,1388.846,0.9701,0.11000000000012733,0.0034,-41.519000000000005,2736.173,0.9701,1.0,1.0,-0.0152
2026-01-19 12:00:00,3210.35,3213.67,3205.96,3207.43,9046.432999999999,29035767.87545,3301.66,5744.773,0.5747,-2.9200000000000728,-0.091,-2443.1130000000003,9046.433,0.5747,1.0,1.0,-0.2701
2026-01-19 12:05:00,3207.44,3209.59,3204.22,3207.6,5587.73,17916900.38535,3328.599,2259.131,1.4734,0.15999999999985448,0.005,1069.4680000000003,5587.73,1.4734,1.0,1.0,0.1914
2026-01-19 12:10:00,3207.59,3209.42,3206.46,3206.46,2344.905,7522744.60454,1467.728,877.177,1.6732,-1.1300000000001091,-0.0352,590.551,2344.905,1.6732,1.0,1.0,0.2518
2026-01-19 12:15:00,3206.46,3212.12,3205.7,3209.02,4714.987,15126987.772,2454.608,2260.379,1.0859,2.5599999999999454,0.0798,194.22900000000027,4714.987,1.0859,1.0,1.0,0.0412
2026-01-19 12:20:00,3209.01,3209.76,3203.31,3206.0,3252.846,10428191.35764,1293.515,1959.331,0.6602,-3.0100000000002183,-0.0938,-665.8159999999998,3252.846,0.6602,1.0,1.0,-0.2047
2026-01-19 12:25:00,3206.0,3212.0,3204.32,3210.61,3702.177,11879344.31511,2404.218,1297.959,1.8523,4.610000000000127,0.1438,1106.2589999999998,3702.1769999999997,1.8523,1.0,1.0,0.2988
2026-01-19 12:30:00,3210.61,3210.89,3207.66,3207.71,3983.911,12785473.36877,1664.144,2319.767,0.7174,-2.900000000000091,-0.0903,-655.6229999999998,3983.911,0.7174,1.0,1.0,-0.1646
2026-01-19 12:35:00,3207.71,3211.65,3206.46,3211.65,4365.132,14007975.9286,2491.863,1873.269,1.3302,3.9400000000000546,0.1228,618.5939999999998,4365.132,1.3302,1.0,1.0,0.1417
2026-01-19 12:40:00,3211.64,3213.44,3209.92,3212.55,6001.589,19275628.11507,3807.175,2194.414,1.7349,0.9100000000003092,0.0283,1612.761,6001.589,1.7349,1.0,1.0,0.2687
2026-01-19 12:45:00,3212.54,3214.0,3210.34,3212.95,4506.144,14474967.86915,2871.059,1635.085,1.7559,0.4099999999998545,0.0128,1235.9740000000002,4506.144,1.7559,1.0,1.0,0.2743
2026-01-19 12:50:00,3212.94,3216.0,3212.61,3214.28,8047.158,25865693.20044,5110.509,2936.649,1.7403,1.3400000000001455,0.0417,2173.86,8047.157999999999,1.7403,1.0,1.0,0.2701
2026-01-19 12:55:00,3214.28,3214.29,3210.4,3210.95,4032.222,12952557.46505,697.444,3334.778,0.2091,-3.330000000000382,-0.1036,-2637.334,4032.2219999999998,0.2091,1.0,1.0,-0.6541
2026-01-19 13:00:00,3210.95,3212.8,3210.85,3211.99,2160.055,6937693.7408300005,1366.755,793.3,1.7229,1.0399999999999636,0.0324,573.4550000000002,2160.0550000000003,1.7229,1.0,1.0,0.2655
2026-01-19 13:05:00,3212.0,3213.77,3209.11,3212.1,3090.7940000000003,9926145.03165,1419.589,1671.205,0.8494,0.09999999999990905,0.0031,-251.61599999999999,3090.794,0.8494,1.0,1.0,-0.0814
2026-01-19 13:10:00,3212.1,3212.66,3199.0,3202.42,34289.819,109879702.93456,4057.891,30231.928,0.1342,-9.679999999999836,-0.3014,-26174.037,34289.819,0.1342,1.0,1.0,-0.7633
2026-01-19 13:15:00,3202.42,3202.97,3198.0,3198.51,18702.438000000002,59850693.09030999,13569.176,5133.262,2.6434,-3.9099999999998545,-0.1221,8435.914,18702.438,2.6434,1.0,1.0,0.4511
2026-01-19 13:20:00,3198.5,3201.12,3196.0,3197.59,13311.124,42576745.98495,6310.851,7000.273,0.9015,-0.9099999999998545,-0.0285,-689.4220000000005,13311.124,0.9015,1.0,1.0,-0.0518
2026-01-19 13:25:00,3197.59,3199.78,3194.51,3199.78,9171.457,29318392.73336,5174.483,3996.974,1.2946,2.1900000000000546,0.0685,1177.509,9171.457,1.2946,1.0,1.0,0.1284
2026-01-19 13:30:00,3199.78,3209.94,3195.44,3197.0,18183.741,58246843.82294,9393.535,8790.206,1.0686,-2.7800000000002,-0.0869,603.3289999999997,18183.741,1.0686,1.0,1.0,0.0332
2026-01-19 13:35:00,3197.0,3199.29,3196.07,3198.39,2311.5099999999998,7391846.38034,1349.672,961.838,1.4032,1.3899999999998727,0.0435,387.83400000000006,2311.51,1.4032,1.0,1.0,0.1678
2026-01-19 13:40:00,3198.4,3206.02,3197.59,3201.62,11003.827000000001,35232084.30946,7466.634,3537.193,2.1109,3.2199999999998,0.1007,3929.441,11003.827000000001,2.1109,1.0,1.0,0.3571
2026-01-19 13:45:00,3201.61,3203.55,3198.61,3200.43,3897.139,12476287.70126,2301.354,1595.785,1.4421,-1.180000000000291,-0.0369,705.5689999999997,3897.139,1.4421,1.0,1.0,0.181
2026-01-19 13:50:00,3200.44,3202.42,3199.9,3200.29,2857.312,9146574.911260001,1247.624,1609.688,0.7751,-0.15000000000009095,-0.0047,-362.0640000000001,2857.312,0.7751,1.0,1.0,-0.1267
2026-01-19 13:55:00,3200.29,3202.48,3199.5,3200.42,2389.425,7648150.49727,1083.311,1306.114,0.8294,0.13000000000010914,0.0041,-222.8030000000001,2389.425,0.8294,1.0,1.0,-0.0932
2026-01-19 14:00:00,3200.42,3202.47,3199.02,3202.08,3363.651,10767589.181869999,2276.718,1086.933,2.0946,1.6599999999998545,0.0519,1189.7849999999999,3363.651,2.0946,1.0,1.0,0.3537
2026-01-19 14:05:00,3202.08,3202.78,3195.41,3196.41,4951.588,15837501.967,2167.034,2784.554,0.7782,-5.670000000000073,-0.1771,-617.52,4951.588,0.7782,1.0,1.0,-0.1247
2026-01-19 14:10:00,3196.4,3198.56,3193.0,3195.55,10330.473,33013222.75122,3817.245,6513.228,0.5861,-0.849999999999909,-0.0266,-2695.983,10330.473,0.5861,1.0,1.0,-0.261
2026-01-19 14:15:00,3195.55,3196.41,3186.0,3193.42,27710.039,88386816.19356,10646.489,17063.55,0.6239,-2.130000000000109,-0.0667,-6417.061,27710.038999999997,0.6239,1.0,1.0,-0.2316
2026-01-19 14:20:00,3193.42,3197.29,3192.3,3193.01,11448.595000000001,36569204.84884,6048.275,5400.32,1.12,-0.4099999999998545,-0.0128,647.9549999999999,11448.595,1.12,1.0,1.0,0.0566
2026-01-19 14:25:00,3193.01,3197.25,3192.84,3194.23,4665.942,14907125.867490001,3330.604,1335.338,2.4942,1.2199999999998,0.0382,1995.2659999999998,4665.942,2.4942,1.0,1.0,0.4276
2026-01-19 14:30:00,3194.23,3197.8,3193.91,3197.27,4800.517,15345240.99504,2706.679,2093.838,1.2927,3.0399999999999636,0.0952,612.8409999999999,4800.517,1.2927,1.0,1.0,0.1277
2026-01-19 14:35:00,3197.27,3197.28,3187.5,3189.64,8700.152,27771025.868979998,3536.598,5163.554,0.6849,-7.630000000000109,-0.2386,-1626.9560000000001,8700.152,0.6849,1.0,1.0,-0.187
2026-01-19 14:40:00,3189.65,3192.8,3189.64,3192.5,3910.966,12479754.440399999,2320.634,1590.332,1.4592,2.849999999999909,0.0894,730.3019999999999,3910.9660000000003,1.4592,1.0,1.0,0.1867
2026-01-19 14:45:00,3192.49,3194.57,3190.28,3193.44,5001.5869999999995,15966900.999809999,2536.783,2464.804,1.0292,0.9500000000002728,0.0298,71.97899999999981,5001.5869999999995,1.0292,1.0,1.0,0.0144
2026-01-19 14:50:00,3193.44,3193.9,3191.02,3191.96,3399.0,10851133.489780001,1353.818,2045.182,0.662,-1.4800000000000182,-0.0463,-691.364,3399.0,0.662,1.0,1.0,-0.2034
2026-01-19 14:55:00,3191.95,3194.31,3191.64,3194.3,1964.072,6270350.6868900005,1396.07,567.793,2.4588,2.350000000000364,0.0736,828.2769999999999,1963.8629999999998,2.4588,1.0001,0.9999,0.4218
2026-01-19 15:00:00,3194.3,3198.87,3194.14,3196.68,4357.308,13929290.17111,2667.781,1689.527,1.579,2.3799999999996544,0.0745,978.2539999999999,4357.308,1.579,1.0,1.0,0.2245
2026-01-19 15:05:00,3196.68,3197.35,3195.25,3196.94,3241.886,10362731.09078,1582.329,1659.557,0.9535,0.2600000000002183,0.0081,-77.22800000000007,3241.886,0.9535,1.0,1.0,-0.0238
2026-01-19 15:10:00,3196.94,3198.86,3195.0,3198.86,4330.299,13841743.279910002,2871.082,1459.217,1.9675,1.9200000000000728,0.0601,1411.8649999999998,4330.299,1.9675,1.0,1.0,0.326
2026-01-19 15:15:00,3198.86,3201.48,3197.99,3200.11,5310.942,16992646.62177,3248.608,2062.334,1.5752,1.25,0.0391,1186.2740000000003,5310.942,1.5752,1.0,1.0,0.2234
2026-01-19 15:20:00,3200.1,3200.6,3198.06,3200.49,3708.7980000000002,11866034.89026,1116.498,2592.3,0.4307,0.38999999999987267,0.0122,-1475.8020000000001,3708.7980000000002,0.4307,1.0,1.0,-0.3979
2026-01-19 15:25:00,3200.49,3201.67,3198.21,3198.65,2441.793,7814091.75798,1311.106,1130.687,1.1596,-1.8399999999996908,-0.0575,180.4190000000001,2441.7929999999997,1.1596,1.0,1.0,0.0739
2026-01-19 15:30:00,3198.65,3200.29,3197.0,3198.84,3923.399,12549633.88951,1916.399,2007.0,0.9549,0.19000000000005457,0.0059,-90.60100000000011,3923.399,0.9549,1.0,1.0,-0.0231
2026-01-19 15:35:00,3198.84,3201.5,3198.21,3200.66,2826.02,9043579.09649,1588.794,1237.226,1.2842,1.819999999999709,0.0569,351.568,2826.0200000000004,1.2842,1.0,1.0,0.1244
2026-01-19 15:40:00,3200.66,3203.23,3200.65,3201.93,4235.169,13560545.99812,3063.887,1171.282,2.6158,1.2699999999999818,0.0397,1892.6050000000002,4235.169,2.6158,1.0,1.0,0.4469
2026-01-19 15:45:00,3201.94,3204.17,3201.26,3204.17,4700.98,15055713.025320001,2319.843,2381.137,0.9743,2.230000000000018,0.0696,-61.294000000000324,4700.98,0.9743,1.0,1.0,-0.013
2026-01-19 15:50:00,3204.17,3208.0,3203.58,3206.01,11419.381,36606971.74219,7940.808,3478.573,2.2828,1.8400000000001455,0.0574,4462.235000000001,11419.381,2.2828,1.0,1.0,0.3908
2026-01-19 15:55:00,3206.01,3206.76,3203.15,3205.31,4385.308,14055445.1328,1696.355,2688.953,0.6309,-0.7000000000002728,-0.0218,-992.598,4385.308,0.6309,1.0,1.0,-0.2263
2026-01-19 16:00:00,3205.31,3205.72,3198.9,3201.6,5360.436000000001,17165628.34085,2373.615,2986.821,0.7947,-3.7100000000000364,-0.1157,-613.2060000000001,5360.436,0.7947,1.0,1.0,-0.1144
2026-01-19 16:05:00,3201.6,3201.61,3198.22,3200.54,2931.218,9379344.07218,1086.955,1844.263,0.5894,-1.0599999999999454,-0.0331,-757.308,2931.218,0.5894,1.0,1.0,-0.2584
2026-01-19 16:10:00,3200.54,3201.92,3195.0,3196.02,6029.234,19279604.43818,1534.797,4494.437,0.3415,-4.519999999999982,-0.1412,-2959.64,6029.234,0.3415,1.0,1.0,-0.4909
2026-01-19 16:15:00,3196.02,3206.18,3195.85,3204.01,7949.154,25452872.62352,4787.155,3161.999,1.514,7.9900000000002365,0.25,1625.156,7949.1539999999995,1.514,1.0,1.0,0.2044
2026-01-19 16:20:00,3204.0,3220.39,3204.0,3215.4,38318.182,123142682.67471,22370.389,15947.793,1.4027,11.400000000000091,0.3558,6422.596,38318.182,1.4027,1.0,1.0,0.1676
2026-01-19 16:25:00,3215.4,3215.4,3207.04,3207.21,10108.412,32470688.988140002,3660.93,6447.482,0.5678,-8.190000000000055,-0.2547,-2786.552,10108.412,0.5678,1.0,1.0,-0.2757
2026-01-19 16:30:00,3207.21,3217.0,3204.15,3214.53,13252.93,42560408.15813,7677.473,5575.457,1.377,7.320000000000164,0.2282,2102.0159999999996,13252.93,1.377,1.0,1.0,0.1586
2026-01-19 16:35:00,3214.54,3215.34,3210.01,3210.23,7115.098,22860977.9105,2317.701,4797.397,0.4831,-4.309999999999945,-0.1341,-2479.696,7115.098,0.4831,1.0,1.0,-0.3485
2026-01-19 16:40:00,3210.24,3215.93,3208.0,3212.11,11204.253,35992804.18465,5225.5,5978.753,0.874,1.8700000000003456,0.0583,-753.2529999999997,11204.253,0.874,1.0,1.0,-0.0672
2026-01-19 16:45:00,3212.11,3216.14,3211.92,3214.0,4703.19,15117724.35379,2459.808,2243.382,1.0965,1.8899999999998727,0.0588,216.42599999999993,4703.1900000000005,1.0965,1.0,1.0,0.046
2026-01-19 16:50:00,3214.01,3214.9,3213.0,3213.88,2474.419,7952480.91631,1229.842,1244.577,0.9882,-0.13000000000010914,-0.004,-14.7349999999999,2474.419,0.9882,1.0,1.0,-0.006
2026-01-19 16:55:00,3213.88,3216.91,3211.39,3211.96,5593.1410000000005,17977687.76533,1766.634,3826.507,0.4617,-1.9200000000000728,-0.0597,-2059.873,5593.141,0.4617,1.0,1.0,-0.3683
2026-01-19 17:00:00,3211.97,3212.8,3207.6,3209.98,6638.72,21306029.47682,3262.302,3376.418,0.9662,-1.9899999999997817,-0.062,-114.11599999999999,6638.72,0.9662,1.0,1.0,-0.0172
2026-01-19 17:05:00,3209.98,3211.36,3206.65,3210.3,5472.754,17561416.78741,2077.841,3394.913,0.612,0.3200000000001637,0.01,-1317.0720000000001,5472.754,0.612,1.0,1.0,-0.2407
2026-01-19 17:10:00,3210.31,3211.35,3205.15,3208.04,6232.291,19994746.50861,1842.692,4389.599,0.4198,-2.269999999999982,-0.0707,-2546.907,6232.291,0.4198,1.0,1.0,-0.4087
2026-01-19 17:15:00,3208.05,3210.44,3204.07,3206.93,6264.154,20094569.93679,2692.383,3571.771,0.7538,-1.1200000000003456,-0.0349,-879.3880000000004,6264.154,0.7538,1.0,1.0,-0.1404
2026-01-19 17:20:00,3206.94,3210.83,3206.94,3208.92,3973.548,12751671.55644,2301.512,1672.036,1.3765,1.9800000000000182,0.0617,629.4760000000001,3973.5480000000002,1.3765,1.0,1.0,0.1584
2026-01-19 17:25:00,3208.92,3210.16,3206.46,3208.5,2632.644,8447471.0524,1107.462,1525.182,0.7261,-0.42000000000007276,-0.0131,-417.72,2632.6440000000002,0.7261,1.0,1.0,-0.1587
2026-01-19 17:30:00,3208.49,3210.33,3206.8,3208.2,2667.413,8558869.10698,1226.509,1440.904,0.8512,-0.2899999999999636,-0.009,-214.39499999999998,2667.413,0.8512,1.0,1.0,-0.0804
2026-01-19 17:35:00,3208.2,3208.93,3205.72,3206.57,6077.0470000000005,19489574.05469,3340.864,2736.183,1.221,-1.6299999999996544,-0.0508,604.681,6077.0470000000005,1.221,1.0,1.0,0.0995
2026-01-19 17:40:00,3206.56,3207.66,3203.4,3205.56,3489.1949999999997,11184499.564769998,1552.599,1936.596,0.8017,-1.0,-0.0312,-383.99700000000007,3489.1949999999997,0.8017,1.0,1.0,-0.1101
2026-01-19 17:45:00,3205.56,3209.82,3205.56,3209.12,1940.51,6224702.01685,1088.294,852.216,1.277,3.5599999999999454,0.1111,236.0780000000001,1940.5100000000002,1.277,1.0,1.0,0.1217
2026-01-19 17:50:00,3209.13,3209.13,3205.72,3206.42,4079.964,13086625.801239999,1547.047,2532.917,0.6108,-2.7100000000000364,-0.0844,-985.8699999999999,4079.964,0.6108,1.0,1.0,-0.2416
2026-01-19 17:55:00,3206.42,3207.53,3205.0,3207.44,2169.504,6956171.55187,1051.95,1117.554,0.9413,1.0199999999999818,0.0318,-65.60400000000004,2169.504,0.9413,1.0,1.0,-0.0302
2026-01-19 18:00:00,3207.44,3207.55,3203.68,3205.54,2165.427,6940256.9938900005,897.121,1268.306,0.7073,-1.900000000000091,-0.0592,-371.18500000000006,2165.427,0.7073,1.0,1.0,-0.1714
2026-01-19 18:05:00,3205.55,3206.76,3204.0,3204.49,2898.05,9289101.61598,1868.522,1029.528,1.8149,-1.0600000000004002,-0.0331,838.9939999999999,2898.05,1.8149,1.0,1.0,0.2895
2026-01-19 18:10:00,3204.5,3208.6,3204.49,3207.94,1902.197,6101176.070350001,1214.44,687.757,1.7658,3.4400000000000546,0.1073,526.6830000000001,1902.1970000000001,1.7658,1.0,1.0,0.2769
2026-01-19 18:15:00,3207.94,3212.36,3207.94,3212.15,6960.467000000001,22345168.42028,5090.091,1870.376,2.7214,4.210000000000036,0.1312,3219.715,6960.467000000001,2.7214,1.0,1.0,0.4626
2026-01-19 18:20:00,3212.15,3213.59,3210.5,3212.48,4281.186,13751826.592640001,2428.895,1852.291,1.3113,0.32999999999992724,0.0103,576.604,4281.186,1.3113,1.0,1.0,0.1347
2026-01-19 18:25:00,3212.48,3212.9,3207.91,3208.52,3576.4,11477120.42414,850.351,2726.049,0.3119,-3.9600000000000364,-0.1233,-1875.6979999999999,3576.4,0.3119,1.0,1.0,-0.5245
2026-01-19 18:30:00,3208.53,3208.97,3206.69,3207.36,3887.8770000000004,12471350.56667,613.521,3274.356,0.1874,-1.1700000000000728,-0.0365,-2660.835,3887.8770000000004,0.1874,1.0,1.0,-0.6844
2026-01-19 18:35:00,3207.37,3209.5,3206.01,3207.65,1693.15,5430649.3455799995,849.821,843.329,1.0077,0.2800000000002001,0.0087,6.4920000000000755,1693.15,1.0077,1.0,1.0,0.0038
2026-01-19 18:40:00,3207.65,3211.24,3207.3,3209.66,3026.89,9716202.46054,2341.059,685.831,3.4135,2.0099999999997635,0.0627,1655.228,3026.8900000000003,3.4135,1.0,1.0,0.5468
2026-01-19 18:45:00,3209.67,3214.74,3209.27,3210.25,6092.125,19570056.674,2359.257,3732.868,0.632,0.5799999999999272,0.0181,-1373.6109999999999,6092.125,0.632,1.0,1.0,-0.2255
2026-01-19 18:50:00,3210.25,3213.02,3210.25,3212.32,1268.737,4075458.68317,578.922,689.815,0.8392,2.0700000000001637,0.0645,-110.89300000000003,1268.737,0.8392,1.0,1.0,-0.0874
2026-01-19 18:55:00,3212.32,3214.34,3212.32,3213.75,3309.847,10635992.89943,1949.562,1360.285,1.4332,1.4299999999998363,0.0445,589.2769999999998,3309.8469999999998,1.4332,1.0,1.0,0.178
2026-01-19 19:00:00,3213.76,3214.76,3211.54,3212.18,3142.844,10100192.9157,662.02,2480.824,0.2669,-1.580000000000382,-0.0492,-1818.804,3142.844,0.2669,1.0,1.0,-0.5787
2026-01-19 19:05:00,3212.18,3216.0,3211.48,3215.99,5358.178,17223807.50941,3149.606,2208.572,1.4261,3.8099999999999454,0.1186,941.0340000000001,5358.178,1.4261,1.0,1.0,0.1756
2026-01-19 19:10:00,3215.99,3217.0,3213.22,3215.87,5676.278,18252611.06533,3506.849,2169.429,1.6165,-0.11999999999989086,-0.0037,1337.42,5676.278,1.6165,1.0,1.0,0.2356
2026-01-19 19:15:00,3215.87,3220.41,3213.76,3214.07,12706.93,40889806.63533,6615.767,6091.163,1.0861,-1.7999999999997272,-0.056,524.6040000000003,12706.93,1.0861,1.0,1.0,0.0413
2026-01-19 19:20:00,3214.08,3223.36,3213.76,3220.99,11268.035,36280965.66186,7016.948,4251.087,1.6506,6.9099999999998545,0.215,2765.861,11268.035,1.6506,1.0,1.0,0.2455
2026-01-19 19:25:00,3220.99,3228.0,3220.0,3223.23,25012.177,80651438.07551,11859.9,13152.277,0.9017,2.2400000000002365,0.0695,-1292.3770000000004,25012.177,0.9017,1.0,1.0,-0.0517
2026-01-19 19:30:00,3223.22,3225.58,3221.67,3223.22,7534.752,24288383.19815,3354.248,4180.504,0.8024,0.0,0.0,-826.2559999999999,7534.752,0.8024,1.0,1.0,-0.1097
2026-01-19 19:35:00,3223.22,3227.16,3223.22,3226.78,8454.032,27269490.901550002,3895.33,4558.702,0.8545,3.5600000000004,0.1104,-663.3720000000003,8454.032,0.8545,1.0,1.0,-0.0785
2026-01-19 19:40:00,3226.79,3227.56,3223.97,3224.48,5878.321,18961357.49196,2765.022,3113.299,0.8881,-2.3099999999999454,-0.0716,-348.27700000000004,5878.321,0.8881,1.0,1.0,-0.0592
2026-01-19 19:45:00,3224.48,3229.0,3222.08,3223.56,10695.314,34498104.14139,5700.71,4994.604,1.1414,-0.9200000000000728,-0.0285,706.1059999999998,10695.314,1.1414,1.0,1.0,0.066
2026-01-19 19:50:00,3223.56,3224.62,3218.72,3219.64,7132.025,22971277.35092,3197.25,3934.775,0.8126,-3.9200000000000728,-0.1216,-737.5250000000001,7132.025,0.8126,1.0,1.0,-0.1034
2026-01-19 19:55:00,3219.64,3221.5,3219.49,3221.49,6322.608,20365390.257,4111.233,2211.375,1.8591,1.849999999999909,0.0575,1899.8580000000002,6322.608,1.8591,1.0,1.0,0.3005
2026-01-19 20:00:00,3221.5,3222.8,3217.16,3217.87,7551.345,24313903.55467,2993.361,4557.984,0.6567,-3.630000000000109,-0.1127,-1564.6230000000005,7551.345,0.6567,1.0,1.0,-0.2072
2026-01-19 20:05:00,3217.87,3223.04,3217.73,3223.03,4918.358,15838075.08147,3096.405,1821.953,1.6995,5.160000000000309,0.1604,1274.4520000000002,4918.358,1.6995,1.0,1.0,0.2591
2026-01-19 20:10:00,3223.03,3224.9,3219.6,3220.64,4384.955,14128635.36904,2221.979,2162.976,1.0273,-2.3900000000003274,-0.0742,59.0029999999997,4384.955,1.0273,1.0,1.0,0.0135
2026-01-19 20:15:00,3220.62,3224.61,3220.31,3224.61,2542.987,8195048.9644,1374.22,1168.767,1.1758,3.9900000000002365,0.1239,205.45299999999997,2542.987,1.1758,1.0,1.0,0.0808
2026-01-19 20:20:00,3224.6,3224.65,3221.85,3222.56,3859.069,12439291.15287,1812.448,2046.621,0.8856,-2.0399999999999636,-0.0633,-234.173,3859.0690000000004,0.8856,1.0,1.0,-0.0607
2026-01-19 20:25:00,3222.56,3225.48,3221.4,3225.18,3679.2619999999997,11860791.32174,2197.957,1481.305,1.4838,2.619999999999891,0.0813,716.6519999999998,3679.2619999999997,1.4838,1.0,1.0,0.1948
2026-01-19 20:30:00,3225.18,3230.68,3225.17,3229.79,13684.091,44167003.86239,7791.617,5892.474,1.3223,4.610000000000127,0.1429,1899.143,13684.091,1.3223,1.0,1.0,0.1388
2026-01-19 20:35:00,3229.8,3234.0,3227.15,3229.35,18313.761,59174943.41634,9471.099,8842.662,1.0711,-0.45000000000027285,-0.0139,628.4369999999999,18313.761,1.0711,1.0,1.0,0.0343
2026-01-19 20:40:00,3229.36,3231.93,3226.84,3227.48,5724.632,18484582.344669998,1832.915,3891.717,0.471,-1.8800000000001091,-0.0582,-2058.802,5724.632,0.471,1.0,1.0,-0.3596
2026-01-19 20:45:00,3227.49,3228.43,3223.99,3224.99,10308.193000000001,33259933.85749,4748.484,5559.709,0.8541,-2.5,-0.0775,-811.2249999999995,10308.193,0.8541,1.0,1.0,-0.0787
2026-01-19 20:50:00,3224.99,3226.01,3221.59,3223.78,10496.873,33834601.50298,6740.345,3756.528,1.7943,-1.2099999999995816,-0.0375,2983.8170000000005,10496.873,1.7943,1.0,1.0,0.2843
2026-01-19 20:55:00,3223.78,3224.6,3219.99,3223.28,6152.443,19823953.29521,3281.635,2870.808,1.1431,-0.5,-0.0155,410.8270000000002,6152.443,1.1431,1.0,1.0,0.0668
2026-01-19 21:00:00,3223.29,3223.29,3219.81,3220.56,4470.635,14401018.3356,1494.246,2976.389,0.502,-2.730000000000018,-0.0847,-1482.143,4470.635,0.502,1.0,1.0,-0.3315
2026-01-19 21:05:00,3220.56,3222.47,3217.58,3222.17,8046.852,25906297.95654,3779.692,4267.16,0.8858,1.6100000000001273,0.05,-487.46799999999985,8046.852,0.8858,1.0,1.0,-0.0606
2026-01-19 21:10:00,3222.17,3223.09,3219.77,3220.01,7036.392,22670344.40829,5127.437,1908.955,2.686,-2.1599999999998545,-0.067,3218.482,7036.392,2.686,1.0,1.0,0.4574
2026-01-19 21:15:00,3220.01,3221.7,3216.18,3217.35,6285.244,20227172.96798,2303.692,3981.552,0.5786,-2.6600000000003092,-0.0826,-1677.8600000000001,6285.244000000001,0.5786,1.0,1.0,-0.267
2026-01-19 21:20:00,3217.36,3217.64,3210.73,3214.31,28593.499,91897141.74228,9408.563,19184.936,0.4904,-3.050000000000182,-0.0948,-9776.373000000001,28593.499000000003,0.4904,1.0,1.0,-0.3419
2026-01-19 21:25:00,3214.31,3216.48,3213.0,3213.07,7040.071,22629021.59094,4744.87,2295.201,2.0673,-1.2399999999997817,-0.0386,2449.669,7040.071,2.0673,1.0,1.0,0.348
2026-01-19 21:30:00,3213.07,3215.62,3212.34,3215.0,5409.477999999999,17386875.494260002,4426.545,982.933,4.5034,1.9299999999998363,0.0601,3443.612,5409.478,4.5034,1.0,1.0,0.6366
2026-01-19 21:35:00,3215.01,3217.54,3214.0,3217.54,4553.857999999999,14644495.2994,3608.389,945.469,3.8165,2.5299999999997453,0.0787,2662.92,4553.858,3.8165,1.0,1.0,0.5848
2026-01-19 21:40:00,3217.54,3219.0,3217.51,3218.48,7485.868,24092350.41691,5372.086,2113.782,2.5415,0.9400000000000546,0.0292,3258.304,7485.868,2.5415,1.0,1.0,0.4353
2026-01-19 21:45:00,3218.48,3220.14,3215.93,3216.1,3757.381,12093163.09808,1861.811,1895.57,0.9822,-2.380000000000109,-0.0739,-33.759000000000015,3757.381,0.9822,1.0,1.0,-0.009
2026-01-19 21:50:00,3216.11,3217.71,3215.58,3217.0,3202.737,10301871.17657,1766.583,1436.154,1.2301,0.8899999999998727,0.0277,330.4290000000001,3202.737,1.2301,1.0,1.0,0.1032
2026-01-19 21:55:00,3217.0,3217.64,3215.51,3216.65,1629.459,5241141.77222,609.144,1020.315,0.597,-0.34999999999990905,-0.0109,-411.17100000000005,1629.459,0.597,1.0,1.0,-0.2523
2026-01-19 22:00:00,3216.65,3217.73,3213.45,3215.05,2626.737,8446892.69964,1227.76,1398.977,0.8776,-1.599999999999909,-0.0497,-171.2170000000001,2626.737,0.8776,1.0,1.0,-0.0652
2026-01-19 22:05:00,3215.05,3215.1,3200.0,3207.59,32228.829,103335027.10203001,10403.835,21824.994,0.4767,-7.460000000000036,-0.232,-11421.159,32228.828999999998,0.4767,1.0,1.0,-0.3544
2026-01-19 22:10:00,3207.6,3211.45,3207.06,3210.15,10603.44,34029089.24163,6179.335,4424.105,1.3967,2.550000000000182,0.0795,1755.2300000000005,10603.439999999999,1.3967,1.0,1.0,0.1655
2026-01-19 22:15:00,3210.15,3211.97,3208.53,3211.22,5062.957,16255042.02983,3033.703,2029.254,1.495,1.069999999999709,0.0333,1004.4490000000001,5062.957,1.495,1.0,1.0,0.1984
2026-01-19 22:20:00,3211.22,3214.12,3209.0,3209.01,5512.191,17703921.47965,3029.299,2482.892,1.2201,-2.2099999999995816,-0.0688,546.4070000000002,5512.191,1.2201,1.0,1.0,0.0991
2026-01-19 22:25:00,3209.01,3209.01,3206.5,3207.86,4401.68,14119281.93838,1800.235,2601.445,0.692,-1.150000000000091,-0.0358,-801.2100000000003,4401.68,0.692,1.0,1.0,-0.182
2026-01-19 22:30:00,3207.86,3214.4,3207.61,3211.43,11144.927,35787987.40524,7978.54,3166.387,2.5198,3.569999999999709,0.1113,4812.153,11144.927,2.5198,1.0,1.0,0.4318
2026-01-19 22:35:00,3211.43,3211.5,3203.61,3207.14,7893.077,25310763.43028,2916.911,4976.166,0.5862,-4.289999999999964,-0.1336,-2059.255,7893.077,0.5862,1.0,1.0,-0.2609
2026-01-19 22:40:00,3207.14,3210.14,3206.58,3208.51,3943.4130000000005,12653042.7655,2632.114,1311.299,2.0073,1.3700000000003456,0.0427,1320.815,3943.413,2.0073,1.0,1.0,0.3349
2026-01-19 22:45:00,3208.51,3212.88,3206.08,3212.88,4692.553,15064751.801959999,2775.943,1916.61,1.4484,4.369999999999891,0.1362,859.3330000000003,4692.553,1.4484,1.0,1.0,0.1831
2026-01-19 22:50:00,3212.88,3214.43,3209.49,3211.23,3912.273,12566390.38151,2010.631,1901.642,1.0573,-1.650000000000091,-0.0514,108.98900000000003,3912.273,1.0573,1.0,1.0,0.0279
2026-01-19 22:55:00,3211.23,3211.91,3209.69,3211.33,1295.118,4158697.9788300004,806.74,488.378,1.6519,0.09999999999990905,0.0031,318.362,1295.118,1.6519,1.0,1.0,0.2458
2026-01-19 23:00:00,3211.34,3218.5,3211.34,3215.72,10333.173999999999,33225795.06218,7594.903,2738.271,2.7736,4.379999999999654,0.1364,4856.632,10333.174,2.7736,1.0,1.0,0.47
2026-01-19 23:05:00,3215.72,3216.46,3213.57,3215.7,3358.117,10797129.67718,1193.497,2164.62,0.5514,-0.01999999999998181,-0.0006,-971.1229999999998,3358.117,0.5514,1.0,1.0,-0.2892
2026-01-19 23:10:00,3215.71,3218.5,3213.0,3218.3,3271.121,10519022.52235,1816.306,1454.815,1.2485,2.5900000000001455,0.0805,361.491,3271.121,1.2485,1.0,1.0,0.1105
2026-01-19 23:15:00,3218.29,3219.0,3214.4,3215.85,6069.867,19525600.1905,2139.386,3930.481,0.5443,-2.4400000000000546,-0.0758,-1791.0950000000003,6069.867,0.5443,1.0,1.0,-0.2951
2026-01-19 23:20:00,3215.85,3216.0,3212.95,3213.61,2584.372,8306365.130860001,1286.804,1297.568,0.9917,-2.2399999999997817,-0.0697,-10.763999999999896,2584.3720000000003,0.9917,1.0,1.0,-0.0042
2026-01-19 23:25:00,3213.61,3216.0,3208.5,3210.42,6173.205,19823597.70246,2112.4,4060.805,0.5202,-3.1900000000000546,-0.0993,-1948.4049999999997,6173.205,0.5202,1.0,1.0,-0.3156
2026-01-19 23:30:00,3210.43,3215.0,3208.41,3215.0,3801.126,12207509.96067,2349.147,1451.979,1.6179,4.570000000000164,0.1423,897.1679999999999,3801.126,1.6179,1.0,1.0,0.236
2026-01-19 23:35:00,3215.0,3216.0,3208.58,3210.12,4795.816,15406519.216359999,2177.806,2618.01,0.8319,-4.880000000000109,-0.1518,-440.2040000000002,4795.816000000001,0.8319,1.0,1.0,-0.0918
2026-01-19 23:40:00,3210.12,3212.0,3210.11,3211.93,1502.361,4824558.645020001,916.726,585.635,1.5654,1.8099999999999454,0.0564,331.091,1502.3609999999999,1.5654,1.0,1.0,0.2204
2026-01-19 23:45:00,3211.92,3215.86,3211.33,3214.23,3381.653,10867664.86067,2046.241,1335.412,1.5323,2.3099999999999454,0.0719,710.829,3381.6530000000002,1.5323,1.0,1.0,0.2102
2026-01-19 23:50:00,3214.23,3216.79,3213.22,3215.38,2106.161,6771243.14631,1395.868,710.293,1.9652,1.150000000000091,0.0358,685.5749999999999,2106.161,1.9652,1.0,1.0,0.3255
2026-01-19 23:55:00,3215.37,3215.9,3213.74,3214.19,1319.368,4241260.11323,647.927,671.441,0.965,-1.1799999999998363,-0.0367,-23.51400000000001,1319.368,0.965,1.0,1.0,-0.0178
2026-01-20 00:00:00,3214.19,3217.16,3212.52,3216.5,5691.567,18298672.885569997,3228.356,2463.211,1.3106,2.3099999999999454,0.0719,765.1450000000004,5691.567,1.3106,1.0,1.0,0.1344
2026-01-20 00:05:00,3216.51,3217.5,3210.67,3211.61,4968.976000000001,15972730.27787,1585.829,3383.147,0.4687,-4.900000000000091,-0.1523,-1797.318,4968.976,0.4687,1.0,1.0,-0.3617
2026-01-20 00:10:00,3211.6,3214.38,3211.6,3213.8,1945.6580000000001,6252009.13405,970.926,974.732,0.9961,2.200000000000273,0.0685,-3.8059999999999263,1945.658,0.9961,1.0,1.0,-0.002
2026-01-20 00:15:00,3213.8,3216.19,3212.15,3214.91,3029.92,9738400.79467,2043.636,986.284,2.0721,1.1099999999996726,0.0345,1057.3519999999999,3029.92,2.0721,1.0,1.0,0.349
2026-01-20 00:20:00,3214.92,3217.0,3213.89,3216.15,3940.3259999999996,12671785.5024,1663.229,2277.097,0.7304,1.2300000000000182,0.0383,-613.8680000000002,3940.326,0.7304,1.0,1.0,-0.1558
2026-01-20 00:25:00,3216.15,3218.4,3215.3,3216.66,3674.431,11822226.952329999,1766.102,1908.329,0.9255,0.5099999999997635,0.0159,-142.22699999999986,3674.431,0.9255,1.0,1.0,-0.0387
2026-01-20 00:30:00,3216.65,3219.65,3216.15,3219.28,4054.174,13046838.21162,2269.232,1784.942,1.2713,2.630000000000109,0.0818,484.28999999999996,4054.174,1.2713,1.0,1.0,0.1195
2026-01-20 00:35:00,3219.28,3219.44,3214.23,3216.97,4960.708,15957456.93998,1316.393,3644.315,0.3612,-2.3100000000004,-0.0718,-2327.922,4960.7080000000005,0.3612,1.0,1.0,-0.4693
2026-01-20 00:40:00,3216.97,3217.32,3214.56,3217.14,2198.952,7071179.14843,1072.568,1126.384,0.9522,0.17000000000007276,0.0053,-53.81600000000003,2198.952,0.9522,1.0,1.0,-0.0245
2026-01-20 00:45:00,3217.14,3218.8,3215.83,3215.84,4328.849,13927911.73764,2666.883,1661.966,1.6047,-1.2999999999997272,-0.0404,1004.9169999999999,4328.849,1.6047,1.0,1.0,0.2321
2026-01-20 00:50:00,3215.83,3225.92,3214.69,3225.25,9446.802,30430813.474,7436.529,2010.273,3.6993,9.420000000000073,0.2929,5426.256,9446.802,3.6993,1.0,1.0,0.5744
2026-01-20 00:55:00,3225.24,3225.93,3220.82,3221.39,12601.872000000001,40616284.61622,7316.024,5285.848,1.3841,-3.849999999999909,-0.1194,2030.1760000000004,12601.872,1.3841,1.0,1.0,0.1611
2026-01-20 01:00:00,3221.39,3222.42,3216.61,3217.3,6896.044,22199176.95414,2056.253,4839.791,0.4249,-4.089999999999691,-0.127,-2783.538,6896.044,0.4249,1.0,1.0,-0.4036
2026-01-20 01:05:00,3217.3,3221.3,3217.09,3220.02,2617.6659999999997,8428195.11323,1570.009,1047.657,1.4986,2.7199999999998,0.0845,522.3520000000001,2617.666,1.4986,1.0,1.0,0.1995
2026-01-20 01:10:00,3220.02,3222.77,3220.01,3221.2,3895.6220000000003,12549507.64351,1595.979,2299.643,0.694,1.1799999999998363,0.0366,-703.664,3895.6220000000003,0.694,1.0,1.0,-0.1806
2026-01-20 01:15:00,3221.2,3222.13,3219.29,3219.41,3075.574,9905335.356730001,781.452,2294.122,0.3406,-1.7899999999999636,-0.0556,-1512.6699999999998,3075.5739999999996,0.3406,1.0,1.0,-0.4918
2026-01-20 01:20:00,3219.41,3220.3,3218.73,3220.29,1877.021,6042562.35329,518.779,1358.242,0.3819,0.8800000000001091,0.0273,-839.463,1877.021,0.3819,1.0,1.0,-0.4472
2026-01-20 01:25:00,3220.29,3224.69,3220.29,3222.27,3607.136,11624388.25758,2098.409,1508.727,1.3908,1.9800000000000182,0.0615,589.682,3607.1360000000004,1.3908,1.0,1.0,0.1635
2026-01-20 01:30:00,3222.26,3222.65,3218.05,3219.2,3475.243,11187832.57533,1260.216,2215.027,0.5689,-3.0600000000004,-0.095,-954.8110000000001,3475.243,0.5689,1.0,1.0,-0.2747
2026-01-20 01:35:00,3219.2,3220.64,3218.55,3219.2,1409.413,4537366.28821,468.994,940.419,0.4987,0.0,0.0,-471.42499999999995,1409.413,0.4987,1.0,1.0,-0.3345
2026-01-20 01:40:00,3219.21,3220.73,3216.3,3217.69,3341.912,10755597.02915,992.165,2349.747,0.4222,-1.5199999999999818,-0.0472,-1357.5819999999999,3341.912,0.4222,1.0,1.0,-0.4062
2026-01-20 01:45:00,3217.68,3217.69,3215.0,3216.99,3382.3010000000004,10877760.034200002,1776.471,1605.83,1.1063,-0.6900000000000546,-0.0214,170.64100000000008,3382.301,1.1063,1.0,1.0,0.0505
2026-01-20 01:50:00,3217.0,3217.61,3216.13,3217.0,2701.708,8691124.6197,2121.424,580.284,3.6558,0.0,0.0,1541.1399999999999,2701.708,3.6558,1.0,1.0,0.5704
2026-01-20 01:55:00,3216.99,3218.22,3215.66,3217.89,3490.021,11227856.27395,2472.925,1017.096,2.4314,0.900000000000091,0.028,1455.8290000000002,3490.021,2.4314,1.0,1.0,0.4171
2026-01-20 02:00:00,3217.89,3219.0,3207.94,3211.36,11321.405999999999,36362123.24515,2519.869,8801.537,0.2863,-6.529999999999745,-0.2029,-6281.668,11321.406,0.2863,1.0,1.0,-0.5548
2026-01-20 02:05:00,3211.37,3213.22,3209.67,3212.82,6683.16,21461879.49018,3143.301,3539.859,0.888,1.4500000000002728,0.0452,-396.558,6683.16,0.888,1.0,1.0,-0.0593
2026-01-20 02:10:00,3212.83,3214.0,3211.04,3211.31,1768.106,5679900.37497,919.844,848.262,1.0844,-1.5199999999999818,-0.0473,71.58200000000011,1768.106,1.0844,1.0,1.0,0.0405
2026-01-20 02:15:00,3211.31,3214.0,3210.56,3212.39,3040.3140000000003,9765919.021540001,2178.682,861.632,2.5286,1.0799999999999272,0.0336,1317.0499999999997,3040.314,2.5286,1.0,1.0,0.4332
2026-01-20 02:20:00,3212.4,3212.4,3209.27,3211.04,3953.091,12692447.532709999,1689.848,2263.243,0.7466,-1.3600000000001273,-0.0423,-573.395,3953.091,0.7466,1.0,1.0,-0.145
2026-01-20 02:25:00,3211.04,3211.04,3208.0,3208.47,3417.71,10967466.35898,1817.962,1599.748,1.1364,-2.5700000000001637,-0.08,218.21399999999994,3417.71,1.1364,1.0,1.0,0.0638
2026-01-20 02:30:00,3208.48,3209.43,3205.4,3209.0,5189.791,16645175.75652,1772.138,3417.653,0.5185,0.5199999999999818,0.0162,-1645.5149999999999,5189.790999999999,0.5185,1.0,1.0,-0.3171
2026-01-20 02:35:00,3209.0,3212.16,3208.99,3210.95,4404.805,14141828.54438,2834.985,1569.82,1.8059,1.949999999999818,0.0608,1265.1650000000002,4404.805,1.8059,1.0,1.0,0.2872
2026-01-20 02:40:00,3210.96,3215.49,3210.91,3215.05,2860.285,9192854.1309,2256.068,604.217,3.7339,4.0900000000001455,0.1274,1651.851,2860.2850000000003,3.7339,1.0,1.0,0.5775
2026-01-20 02:45:00,3215.05,3215.47,3210.79,3210.79,3259.7400000000002,10475021.31296,582.427,2677.313,0.2175,-4.260000000000218,-0.1325,-2094.886,3259.7400000000002,0.2175,1.0,1.0,-0.6427
2026-01-20 02:50:00,3210.79,3212.7,3208.77,3212.69,2667.4990000000003,8563237.20704,1116.253,1551.246,0.7196,1.900000000000091,0.0592,-434.99300000000017,2667.499,0.7196,1.0,1.0,-0.1631
2026-01-20 02:55:00,3212.69,3213.2,3211.18,3212.64,1205.138,3871096.36977,625.82,579.318,1.0803,-0.0500000000001819,-0.0016,46.502000000000066,1205.138,1.0803,1.0,1.0,0.0386
2026-01-20 03:00:00,3212.64,3216.34,3212.63,3213.91,2296.498,7383865.55111,1559.47,737.028,2.1159,1.2699999999999818,0.0395,822.442,2296.498,2.1159,1.0,1.0,0.3581
2026-01-20 03:05:00,3213.91,3217.13,3213.91,3216.49,1531.941,4926521.92065,1001.182,530.759,1.8863,2.5799999999999272,0.0803,470.423,1531.941,1.8863,1.0,1.0,0.3071
2026-01-20 03:10:00,3216.5,3219.13,3215.0,3219.04,3423.337,11017257.90791,1683.265,1740.072,0.9674,2.5399999999999636,0.079,-56.80699999999979,3423.337,0.9674,1.0,1.0,-0.0166
2026-01-20 03:15:00,3219.04,3222.78,3217.96,3220.57,5675.534,18280208.725560002,3406.996,2268.538,1.5018,1.5300000000002,0.0475,1138.458,5675.534,1.5018,1.0,1.0,0.2006
2026-01-20 03:20:00,3220.57,3220.88,3217.69,3218.18,1718.9270000000001,5533406.14213,377.829,1341.098,0.2817,-2.3900000000003274,-0.0742,-963.269,1718.927,0.2817,1.0,1.0,-0.5604
2026-01-20 03:25:00,3218.19,3219.29,3215.38,3216.14,1582.426,5090086.34687,327.199,1255.227,0.2607,-2.050000000000182,-0.0637,-928.028,1582.4260000000002,0.2607,1.0,1.0,-0.5865
2026-01-20 03:30:00,3216.14,3218.04,3214.0,3218.04,2499.4719999999998,8037585.36645,1740.678,758.794,2.294,1.900000000000091,0.0591,981.8840000000001,2499.472,2.294,1.0,1.0,0.3928
2026-01-20 03:35:00,3218.04,3218.4,3214.39,3214.39,944.365,3038147.8105800003,361.482,582.883,0.6202,-3.650000000000091,-0.1134,-221.401,944.365,0.6202,1.0,1.0,-0.2344
2026-01-20 03:40:00,3214.39,3216.73,3214.39,3216.73,958.058,3080392.72418,739.704,218.354,3.3876,2.3400000000001455,0.0728,521.3499999999999,958.058,3.3876,1.0,1.0,0.5442
2026-01-20 03:45:00,3216.72,3218.16,3215.72,3218.01,1498.917,4822008.7047500005,1156.766,342.151,3.3809,1.2900000000004184,0.0401,814.615,1498.9170000000001,3.3809,1.0,1.0,0.5435
2026-01-20 03:50:00,3218.0,3218.0,3215.57,3216.82,550.585,1771040.2634700001,228.827,321.758,0.7112,-1.1799999999998363,-0.0367,-92.93099999999998,550.585,0.7112,1.0,1.0,-0.1688
2026-01-20 03:55:00,3216.81,3218.72,3216.81,3217.88,1604.901,5164942.83068,1149.503,455.398,2.5242,1.0700000000001637,0.0333,694.1049999999999,1604.9009999999998,2.5242,1.0,1.0,0.4325
2026-01-20 04:00:00,3217.88,3221.37,3217.87,3219.82,3019.135,9722050.52526,2062.11,957.025,2.1547,1.9400000000000546,0.0603,1105.085,3019.135,2.1547,1.0,1.0,0.366
2026-01-20 04:05:00,3219.81,3220.11,3219.04,3219.93,892.993,2875021.1484700004,557.604,335.389,1.6626,0.11999999999989086,0.0037,222.21500000000003,892.993,1.6626,1.0,1.0,0.2488
2026-01-20 04:10:00,3219.93,3224.03,3218.1,3218.81,6019.735,19390041.833180003,2275.758,3743.977,0.6078,-1.1199999999998909,-0.0348,-1468.219,6019.735,0.6078,1.0,1.0,-0.2439
2026-01-20 04:15:00,3218.81,3222.02,3217.5,3220.53,1690.041,5443097.79165,886.099,803.942,1.1022,1.7200000000002547,0.0534,82.15700000000004,1690.0410000000002,1.1022,1.0,1.0,0.0486
2026-01-20 04:20:00,3220.54,3221.78,3218.0,3219.03,3566.497,11482640.5203,2392.711,1173.786,2.0385,-1.5099999999997635,-0.0469,1218.9249999999997,3566.497,2.0385,1.0,1.0,0.3418
2026-01-20 04:25:00,3219.03,3222.57,3217.56,3221.01,2778.4939999999997,8946959.19117,1975.441,803.053,2.4599,1.9800000000000182,0.0615,1172.388,2778.494,2.4599,1.0,1.0,0.422
2026-01-20 04:30:00,3221.02,3222.13,3216.08,3216.09,2353.109,7574702.01291,976.092,1377.017,0.7088,-4.929999999999836,-0.1531,-400.92500000000007,2353.109,0.7088,1.0,1.0,-0.1704
2026-01-20 04:35:00,3216.08,3218.15,3213.6,3218.14,1477.456,4750417.67066,660.382,817.074,0.8082,2.0599999999999454,0.0641,-156.692,1477.456,0.8082,1.0,1.0,-0.1061
2026-01-20 04:40:00,3218.14,3218.36,3215.51,3215.51,622.218,2001977.05542,318.46,303.758,1.0484,-2.6299999999996544,-0.0817,14.701999999999998,622.218,1.0484,1.0,1.0,0.0236
2026-01-20 04:45:00,3215.52,3216.05,3211.0,3215.08,3851.6990000000005,12375473.30728,1753.688,2098.011,0.8359,-0.44000000000005457,-0.0137,-344.32299999999987,3851.699,0.8359,1.0,1.0,-0.0894
2026-01-20 04:50:00,3215.09,3215.74,3213.33,3213.93,783.288,2518180.3942799997,426.936,356.352,1.1981,-1.1600000000003092,-0.0361,70.584,783.288,1.1981,1.0,1.0,0.0901
2026-01-20 04:55:00,3213.94,3215.36,3212.0,3212.3,6714.689,21579385.55431,753.246,5961.443,0.1264,-1.6399999999998727,-0.051,-5208.197,6714.689,0.1264,1.0,1.0,-0.7756
2026-01-20 05:00:00,3212.31,3219.8,3212.31,3217.19,4095.997,13178327.428620001,3258.235,837.762,3.8892,4.880000000000109,0.1519,2420.473,4095.9970000000003,3.8892,1.0,1.0,0.5909
2026-01-20 05:05:00,3217.2,3219.04,3216.63,3216.85,1390.527,4474449.10285,643.487,747.04,0.8614,-0.34999999999990905,-0.0109,-103.553,1390.527,0.8614,1.0,1.0,-0.0745
2026-01-20 05:10:00,3216.85,3217.41,3211.2,3213.42,3415.4170000000004,10974896.3694,1293.115,2122.302,0.6093,-3.4299999999998363,-0.1066,-829.1870000000001,3415.4170000000004,0.6093,1.0,1.0,-0.2428
2026-01-20 05:15:00,3213.42,3213.65,3208.46,3211.16,1769.724,5682738.78575,723.147,1046.577,0.691,-2.2600000000002183,-0.0703,-323.42999999999995,1769.7240000000002,0.691,1.0,1.0,-0.1828
2026-01-20 05:20:00,3211.15,3213.27,3211.15,3212.72,1250.332,4016414.06342,699.289,551.043,1.269,1.569999999999709,0.0489,148.24599999999998,1250.3319999999999,1.269,1.0,1.0,0.1186
2026-01-20 05:25:00,3212.73,3213.01,3211.8,3212.7,967.361,3107643.26137,729.384,237.977,3.0649,-0.03000000000020009,-0.0009,491.40700000000004,967.361,3.0649,1.0,1.0,0.508
2026-01-20 05:30:00,3212.7,3213.46,3209.5,3209.55,1019.34,3273408.03486,497.605,521.735,0.9538,-3.149999999999636,-0.098,-24.129999999999995,1019.34,0.9538,1.0,1.0,-0.0237
2026-01-20 05:35:00,3209.55,3212.6,3209.54,3211.47,595.822,1913437.91975,373.722,222.1,1.6827,1.919999999999618,0.0598,151.62199999999999,595.822,1.6827,1.0,1.0,0.2545
2026-01-20 05:40:00,3211.47,3215.0,3211.47,3214.32,553.585,1778991.97059,344.937,208.648,1.6532,2.850000000000364,0.0887,136.28900000000002,553.585,1.6532,1.0,1.0,0.2462
2026-01-20 05:45:00,3214.33,3215.46,3212.94,3212.95,1340.098,4308095.61369,955.464,384.634,2.4841,-1.3800000000001091,-0.0429,570.83,1340.098,2.4841,1.0,1.0,0.426
2026-01-20 05:50:00,3212.94,3214.25,3210.22,3211.3,960.8589999999999,3086187.58797,407.775,553.084,0.7373,-1.6399999999998727,-0.051,-145.30899999999997,960.8589999999999,0.7373,1.0,1.0,-0.1512
2026-01-20 05:55:00,3211.31,3213.22,3211.0,3211.17,672.399,2159704.81917,306.509,365.89,0.8377,-0.13999999999987267,-0.0044,-59.38099999999997,672.399,0.8377,1.0,1.0,-0.0883
2026-01-20 06:00:00,3211.17,3212.43,3210.12,3212.12,1128.865,3625172.37382,556.225,572.64,0.9713,0.9499999999998181,0.0296,-16.414999999999964,1128.865,0.9713,1.0,1.0,-0.0145
2026-01-20 06:05:00,3212.13,3213.13,3207.1,3208.87,2666.179,8557014.10424,862.155,1804.024,0.4779,-3.2600000000002183,-0.1015,-941.8689999999999,2666.179,0.4779,1.0,1.0,-0.3533
2026-01-20 06:10:00,3208.87,3208.87,3187.34,3197.0,46902.74,149919379.56707,12111.414,34791.326,0.3481,-11.86999999999989,-0.3699,-22679.912,46902.740000000005,0.3481,1.0,1.0,-0.4836
2026-01-20 06:15:00,3197.01,3207.68,3197.01,3205.63,12920.506,41390559.21904,7550.344,5370.162,1.406,8.61999999999989,0.2696,2180.182,12920.506000000001,1.406,1.0,1.0,0.1687
2026-01-20 06:20:00,3205.63,3209.49,3204.45,3208.34,3481.542,11165750.95328,1816.348,1665.194,1.0908,2.7100000000000364,0.0845,151.154,3481.542,1.0908,1.0,1.0,0.0434
2026-01-20 06:25:00,3208.35,3210.0,3204.4,3205.08,6730.697,21584698.247580003,1117.986,5612.711,0.1992,-3.269999999999982,-0.1019,-4494.725,6730.697,0.1992,1.0,1.0,-0.6678
2026-01-20 06:30:00,3205.08,3205.09,3198.35,3200.76,3894.0739999999996,12466920.92697,1513.128,2380.946,0.6355,-4.319999999999709,-0.1348,-867.818,3894.0739999999996,0.6355,1.0,1.0,-0.2229
2026-01-20 06:35:00,3200.76,3204.74,3199.42,3200.81,5243.344,16794269.05686,3973.933,1269.411,3.1305,0.04999999999972715,0.0016,2704.522,5243.344,3.1305,1.0,1.0,0.5158
2026-01-20 06:40:00,3200.82,3203.87,3198.2,3199.67,3421.355,10948957.55278,1578.38,1842.975,0.8564,-1.150000000000091,-0.0359,-264.5949999999998,3421.355,0.8564,1.0,1.0,-0.0773
2026-01-20 06:45:00,3199.68,3199.78,3190.34,3197.32,7027.012,22445667.0471,3050.606,3976.406,0.7672,-2.3599999999996726,-0.0738,-925.7999999999997,7027.012000000001,0.7672,1.0,1.0,-0.1317
2026-01-20 06:50:00,3197.32,3199.17,3197.32,3198.19,3358.9629999999997,10742763.17832,2018.099,1340.864,1.5051,0.8699999999998909,0.0272,677.2349999999999,3358.9629999999997,1.5051,1.0,1.0,0.2016
2026-01-20 06:55:00,3198.19,3199.03,3184.2,3187.17,14723.528000000002,46952814.85897,4594.593,10128.935,0.4536,-11.019999999999982,-0.3446,-5534.342,14723.527999999998,0.4536,1.0,1.0,-0.3759
2026-01-20 07:00:00,3187.17,3196.48,3178.0,3181.36,41006.258,130602829.85134,18816.314,22189.944,0.848,-5.809999999999945,-0.1823,-3373.630000000001,41006.258,0.848,1.0,1.0,-0.0823
2026-01-20 07:05:00,3181.36,3181.86,3164.6,3177.0,68939.332,218727017.80293998,27982.585,40956.747,0.6832,-4.360000000000127,-0.137,-12974.162000000004,68939.332,0.6832,1.0,1.0,-0.1882
2026-01-20 07:10:00,3177.0,3178.0,3170.0,3174.63,14983.027,47564555.90113,7572.437,7410.59,1.0218,-2.369999999999891,-0.0746,161.84699999999975,14983.027,1.0218,1.0,1.0,0.0108
2026-01-20 07:15:00,3174.63,3176.15,3164.36,3172.79,20483.157,64924655.16846,9306.124,11177.033,0.8326,-1.8400000000001455,-0.058,-1870.9089999999997,20483.157,0.8326,1.0,1.0,-0.0913
2026-01-20 07:20:00,3172.79,3177.29,3171.28,3175.0,8210.614,26064597.38524,5224.703,2985.911,1.7498,2.2100000000000364,0.0697,2238.7920000000004,8210.614000000001,1.7498,1.0,1.0,0.2727
2026-01-20 07:25:00,3175.0,3182.2,3175.0,3182.19,8386.636,26667450.32016,5041.139,3345.497,1.5068,7.190000000000055,0.2265,1695.6420000000003,8386.636,1.5068,1.0,1.0,0.2022
2026-01-20 07:30:00,3182.2,3195.0,3181.92,3192.52,21481.09,68525212.19551,13380.811,8100.279,1.6519,10.320000000000164,0.3243,5280.531999999999,21481.09,1.6519,1.0,1.0,0.2458
2026-01-20 07:35:00,3192.52,3193.98,3187.68,3188.89,5340.012000000001,17038173.98025,2543.253,2796.759,0.9094,-3.630000000000109,-0.1137,-253.50599999999986,5340.012000000001,0.9094,1.0,1.0,-0.0475
2026-01-20 07:40:00,3188.89,3192.29,3188.88,3189.54,3514.299,11212152.72382,2171.949,1342.35,1.618,0.650000000000091,0.0204,829.5990000000002,3514.299,1.618,1.0,1.0,0.2361
2026-01-20 07:45:00,3189.54,3192.0,3187.5,3190.5,6902.5560000000005,22018278.67446,3419.207,3483.349,0.9816,0.9600000000000364,0.0301,-64.14200000000028,6902.5560000000005,0.9816,1.0,1.0,-0.0093
2026-01-20 07:50:00,3190.49,3192.0,3184.1,3186.15,5182.388,16517932.537729999,2819.2,2363.188,1.193,-4.339999999999691,-0.136,456.0119999999997,5182.388,1.193,1.0,1.0,0.088
2026-01-20 07:55:00,3186.15,3188.78,3185.61,3188.01,3036.486,9677649.26628,2127.448,909.038,2.3403,1.8600000000001273,0.0584,1218.4099999999999,3036.486,2.3403,1.0,1.0,0.4013
2026-01-20 08:00:00,3188.0,3194.68,3185.1,3194.14,7161.816,22841744.061669998,4936.235,2225.581,2.218,6.139999999999873,0.1926,2710.6539999999995,7161.816,2.218,1.0,1.0,0.3785
2026-01-20 08:05:00,3194.13,3199.86,3192.0,3193.16,9046.268,28914900.40031,5180.761,3865.507,1.3403,-0.9700000000002547,-0.0304,1315.2540000000004,9046.268,1.3403,1.0,1.0,0.1454
2026-01-20 08:10:00,3193.16,3195.57,3189.67,3190.86,4700.951,15002860.32249,1558.596,3142.355,0.496,-2.299999999999727,-0.072,-1583.759,4700.951,0.496,1.0,1.0,-0.3369
2026-01-20 08:15:00,3190.86,3190.87,3184.61,3185.25,5727.789,18255048.18318,2160.112,3567.677,0.6055,-5.610000000000127,-0.1758,-1407.565,5727.789000000001,0.6055,1.0,1.0,-0.2457
2026-01-20 08:20:00,3185.24,3185.58,3178.56,3179.59,10308.743999999999,32800153.0099,5166.079,5142.665,1.0046,-5.649999999999636,-0.1774,23.41399999999976,10308.743999999999,1.0046,1.0,1.0,0.0023
2026-01-20 08:25:00,3179.58,3181.76,3175.3,3180.91,16371.012,52029013.43746,10810.779,5560.233,1.9443,1.3299999999999272,0.0418,5250.546,16371.012,1.9443,1.0,1.0,0.3207
2026-01-20 08:30:00,3180.91,3185.07,3180.9,3181.75,10040.84,31963655.77741,3712.977,6327.863,0.5868,0.8400000000001455,0.0264,-2614.8860000000004,10040.84,0.5868,1.0,1.0,-0.2604
2026-01-20 08:35:00,3181.76,3188.42,3181.73,3186.78,9112.178,29034541.79513,6928.102,2184.076,3.1721,5.019999999999982,0.1578,4744.026,9112.178,3.1721,1.0,1.0,0.5206
2026-01-20 08:40:00,3186.78,3192.48,3186.01,3188.87,10001.691,31901044.507809997,6227.166,3774.525,1.6498,2.0899999999996908,0.0656,2452.641,10001.691,1.6498,1.0,1.0,0.2452
2026-01-20 08:45:00,3188.87,3190.51,3185.43,3185.75,3554.065,11329163.33724,1183.62,2370.445,0.4993,-3.119999999999891,-0.0978,-1186.8250000000003,3554.065,0.4993,1.0,1.0,-0.3339
2026-01-20 08:50:00,3185.74,3188.03,3181.11,3186.41,5723.253000000001,18228073.59651,2923.014,2800.239,1.0438,0.6700000000000728,0.021,122.77500000000009,5723.253000000001,1.0438,1.0,1.0,0.0215
2026-01-20 08:55:00,3186.4,3186.4,3180.0,3182.54,4751.058,15119804.60712,2389.194,2361.864,1.0116,-3.8600000000001273,-0.1211,27.329999999999927,4751.058,1.0116,1.0,1.0,0.0058
2026-01-20 09:00:00,3182.54,3185.5,3178.0,3185.5,7529.287,23946742.90017,5039.554,2489.733,2.0241,2.9600000000000364,0.093,2549.821,7529.287,2.0241,1.0,1.0,0.3387
2026-01-20 09:05:00,3185.5,3188.84,3181.08,3181.6,6768.982,21564070.58407,2540.951,4228.031,0.601,-3.900000000000091,-0.1224,-1687.08,6768.982,0.601,1.0,1.0,-0.2492
2026-01-20 09:10:00,3181.6,3184.67,3174.01,3183.84,18089.819,57493182.626380004,8370.974,9718.845,0.8613,2.2400000000002365,0.0704,-1347.8709999999992,18089.819,0.8613,1.0,1.0,-0.0745
2026-01-20 09:15:00,3183.83,3191.85,3180.62,3190.01,14884.334,47437438.34691,9479.805,5404.529,1.754,6.180000000000291,0.1941,4075.276,14884.334,1.754,1.0,1.0,0.2738
2026-01-20 09:20:00,3190.01,3193.23,3188.71,3191.34,8904.457,28412552.233069997,2168.969,6735.488,0.322,1.3299999999999272,0.0417,-4566.519,8904.457,0.322,1.0,1.0,-0.5128
2026-01-20 09:25:00,3191.35,3196.78,3191.35,3196.01,12612.464,40292031.85486,7769.583,4842.881,1.6043,4.660000000000309,0.146,2926.7019999999993,12612.464,1.6043,1.0,1.0,0.232
2026-01-20 09:30:00,3196.0,3198.0,3192.72,3193.14,5670.616,18118803.01359,2170.186,3500.43,0.62,-2.8600000000001273,-0.0895,-1330.2439999999997,5670.616,0.62,1.0,1.0,-0.2346
2026-01-20 09:35:00,3193.14,3195.54,3189.09,3190.01,5596.268,17863054.20125,2352.774,3243.494,0.7254,-3.1299999999996544,-0.098,-890.7200000000003,5596.268,0.7254,1.0,1.0,-0.1592
2026-01-20 09:40:00,3190.0,3192.4,3187.5,3189.62,8760.688,27943679.84689,5203.664,3557.024,1.4629,-0.38000000000010914,-0.0119,1646.6399999999999,8760.688,1.4629,1.0,1.0,0.188
2026-01-20 09:45:00,3189.62,3195.0,3188.9,3194.99,5619.721,17938033.23589,2889.352,2730.369,1.0582,5.369999999999891,0.1684,158.98299999999972,5619.721,1.0582,1.0,1.0,0.0283
2026-01-20 09:50:00,3194.99,3196.44,3192.95,3194.93,4088.598,13062782.80909,1741.71,2346.888,0.7421,-0.05999999999994543,-0.0019,-605.1779999999999,4088.598,0.7421,1.0,1.0,-0.148
2026-01-20 09:55:00,3194.94,3195.16,3191.13,3191.95,3508.892,11206653.35134,932.865,2576.027,0.3621,-2.9900000000002365,-0.0936,-1643.162,3508.892,0.3621,1.0,1.0,-0.4683
2026-01-20 10:00:00,3191.95,3192.71,3186.4,3187.29,5996.128000000001,19122009.758390002,3206.645,2789.483,1.1495,-4.6599999999998545,-0.146,417.1619999999998,5996.128000000001,1.1495,1.0,1.0,0.0696
2026-01-20 10:05:00,3187.28,3187.28,3181.88,3183.24,14000.556,44583358.98101,4960.133,9040.423,0.5487,-4.040000000000418,-0.1268,-4080.290000000001,14000.556,0.5487,1.0,1.0,-0.2914
2026-01-20 10:10:00,3183.24,3185.84,3182.1,3184.07,8054.589,25644747.44887,4303.981,3750.608,1.1475,0.830000000000382,0.0261,553.3729999999996,8054.589,1.1475,1.0,1.0,0.0687
2026-01-20 10:15:00,3184.07,3188.28,3182.9,3185.13,3984.6040000000003,12691032.57146,2414.087,1570.517,1.5371,1.0599999999999454,0.0333,843.5699999999999,3984.6040000000003,1.5371,1.0,1.0,0.2117
2026-01-20 10:20:00,3185.12,3185.13,3177.0,3183.24,13375.618999999999,42541984.72421,5756.837,7618.782,0.7556,-1.8800000000001091,-0.059,-1861.9449999999997,13375.619,0.7556,1.0,1.0,-0.1392
2026-01-20 10:25:00,3183.23,3183.75,3178.91,3183.02,7469.224,23757071.060170002,4216.798,3252.426,1.2965,-0.21000000000003638,-0.0066,964.3719999999998,7469.224,1.2965,1.0,1.0,0.1291
2026-01-20 10:30:00,3183.02,3189.8,3183.02,3187.48,6582.924,20983251.91021,3718.703,2864.221,1.2983,4.460000000000036,0.1401,854.482,6582.924,1.2983,1.0,1.0,0.1298
2026-01-20 10:35:00,3187.48,3190.67,3187.47,3190.32,6149.361,19610982.50725,3631.329,2518.032,1.4421,2.8400000000001455,0.0891,1113.297,6149.361000000001,1.4421,1.0,1.0,0.181
2026-01-20 10:40:00,3190.31,3191.39,3188.2,3189.8,3120.254,9953175.51247,1482.128,1638.126,0.9048,-0.5099999999997635,-0.016,-155.99800000000005,3120.254,0.9048,1.0,1.0,-0.05
2026-01-20 10:45:00,3189.8,3199.62,3189.8,3192.06,25442.034,81315200.16991,14761.83,10680.204,1.3822,2.2599999999997635,0.0709,4081.626,25442.034,1.3822,1.0,1.0,0.1604
2026-01-20 10:50:00,3192.07,3196.31,3190.0,3194.06,8900.57,28418904.375850003,6534.584,2365.986,2.7619,1.9899999999997817,0.0623,4168.598,8900.57,2.7619,1.0,1.0,0.4684
2026-01-20 10:55:00,3194.06,3196.0,3190.25,3191.35,5451.303,17411315.82601,2402.582,3048.721,0.7881,-2.7100000000000364,-0.0848,-646.1390000000001,5451.303,0.7881,1.0,1.0,-0.1185
2026-01-20 11:00:00,3191.35,3193.59,3189.2,3190.1,3880.3720000000003,12381507.34854,1853.33,2027.042,0.9143,-1.25,-0.0392,-173.712,3880.372,0.9143,1.0,1.0,-0.0448
2026-01-20 11:05:00,3190.09,3190.1,3185.11,3186.01,6758.8859999999995,21540896.54234,1678.134,5080.752,0.3303,-4.079999999999927,-0.1279,-3402.6180000000004,6758.886,0.3303,1.0,1.0,-0.5034
2026-01-20 11:10:00,3186.01,3186.28,3182.16,3185.83,8821.101,28086867.7562,3428.094,5393.007,0.6357,-0.18000000000029104,-0.0056,-1964.9129999999996,8821.100999999999,0.6357,1.0,1.0,-0.2228
2026-01-20 11:15:00,3185.82,3189.32,3185.66,3189.16,4289.67,13673400.08148,2379.789,1909.881,1.246,3.3399999999996908,0.1048,469.90800000000013,4289.67,1.246,1.0,1.0,0.1095
2026-01-20 11:20:00,3189.17,3189.95,3185.66,3188.92,4590.84,14639246.77487,2384.06,2206.78,1.0803,-0.25,-0.0078,177.27999999999975,4590.84,1.0803,1.0,1.0,0.0386
2026-01-20 11:25:00,3188.91,3188.91,3185.88,3187.46,2206.754,7033559.02442,747.092,1459.662,0.5118,-1.449999999999818,-0.0455,-712.57,2206.754,0.5118,1.0,1.0,-0.3229
2026-01-20 11:30:00,3187.41,3188.69,3183.77,3186.91,6337.026,20184836.9768,3100.31,3236.716,0.9579,-0.5,-0.0157,-136.40599999999995,6337.026,0.9579,1.0,1.0,-0.0215
2026-01-20 11:35:00,3186.91,3188.9,3184.05,3187.22,7619.927,24276111.16682,2644.555,4975.372,0.5315,0.30999999999994543,0.0097,-2330.8170000000005,7619.927,0.5315,1.0,1.0,-0.3059
2026-01-20 11:40:00,3187.23,3189.3,3186.0,3187.75,2458.483,7836174.897299999,1620.423,838.06,1.9335,0.5199999999999818,0.0163,782.363,2458.483,1.9335,1.0,1.0,0.3182
2026-01-20 11:45:00,3187.75,3189.67,3186.62,3188.32,4654.464,14839009.93927,3791.367,863.097,4.3927,0.5700000000001637,0.0179,2928.2700000000004,4654.464,4.3927,1.0,1.0,0.6291
2026-01-20 11:50:00,3188.32,3189.2,3186.16,3186.17,2154.019,6867004.04912,1259.402,894.617,1.4078,-2.150000000000091,-0.0674,364.7850000000001,2154.0190000000002,1.4078,1.0,1.0,0.1694
2026-01-20 11:55:00,3186.17,3187.77,3184.63,3187.41,2168.043,6907310.60549,982.383,1185.66,0.8286,1.2399999999997817,0.0389,-203.27700000000004,2168.043,0.8286,1.0,1.0,-0.0938
2026-01-20 12:00:00,3187.41,3187.42,3184.77,3184.83,1717.22,5470619.905,744.388,972.832,0.7652,-2.5799999999999272,-0.0809,-228.44399999999996,1717.22,0.7652,1.0,1.0,-0.133
2026-01-20 12:05:00,3184.84,3187.56,3184.3,3184.3,1870.704,5959231.99409,1146.077,724.627,1.5816,-0.5399999999999636,-0.017,421.45000000000005,1870.704,1.5816,1.0,1.0,0.2253
2026-01-20 12:10:00,3184.3,3184.73,3182.56,3183.19,6838.244,21768779.81532,4355.278,2482.966,1.7541,-1.1100000000001273,-0.0349,1872.3120000000004,6838.244000000001,1.7541,1.0,1.0,0.2738
2026-01-20 12:15:00,3183.18,3183.38,3180.27,3182.64,7705.891,24520242.86659,3329.339,4376.552,0.7607,-0.5399999999999636,-0.017,-1047.2129999999997,7705.891,0.7607,1.0,1.0,-0.1359
2026-01-20 12:20:00,3182.65,3182.78,3180.6,3182.45,5048.625,16063608.25472,2753.151,2295.474,1.1994,-0.20000000000027285,-0.0063,457.6769999999997,5048.625,1.1994,1.0,1.0,0.0907
2026-01-20 12:25:00,3182.44,3184.94,3180.8,3184.93,7980.704,25398808.694339998,2435.305,5545.399,0.4392,2.4899999999997817,0.0782,-3110.0940000000005,7980.704,0.4392,1.0,1.0,-0.3897
2026-01-20 12:30:00,3184.93,3188.0,3184.0,3186.25,5461.541,17403795.34075,3818.927,1642.614,2.3249,1.3200000000001637,0.0414,2176.313,5461.541,2.3249,1.0,1.0,0.3985
2026-01-20 12:35:00,3186.25,3186.26,3183.61,3184.32,1702.101,5420357.016179999,907.865,794.236,1.1431,-1.9299999999998363,-0.0606,113.62900000000002,1702.101,1.1431,1.0,1.0,0.0668
2026-01-20 12:40:00,3184.33,3184.43,3179.64,3181.41,6323.916,20116479.74027,3094.828,3229.088,0.9584,-2.9200000000000728,-0.0917,-134.26000000000022,6323.916,0.9584,1.0,1.0,-0.0212
2026-01-20 12:45:00,3181.4,3183.66,3180.87,3183.0,3038.259,9669303.989470001,1129.606,1908.653,0.5918,1.599999999999909,0.0503,-779.047,3038.259,0.5918,1.0,1.0,-0.2564
2026-01-20 12:50:00,3183.01,3183.53,3166.66,3171.97,41346.115000000005,131175081.18559001,12366.265,28979.85,0.4267,-11.040000000000418,-0.3468,-16613.585,41346.115,0.4267,1.0,1.0,-0.4018
2026-01-20 12:55:00,3171.97,3174.89,3169.43,3172.0,16489.135,52303725.713259995,8563.8,7925.335,1.0806,0.03000000000020009,0.0009,638.4649999999992,16489.135,1.0806,1.0,1.0,0.0387
2026-01-20 13:00:00,3171.99,3172.0,3151.0,3163.88,114914.02100000001,363321445.9701,49969.027,64944.994,0.7694,-8.109999999999673,-0.2557,-14975.966999999997,114914.02100000001,0.7694,1.0,1.0,-0.1303
2026-01-20 13:05:00,3163.88,3170.19,3161.0,3161.14,17032.607,53911306.42126,8713.88,8318.727,1.0475,-2.7400000000002365,-0.0866,395.1529999999984,17032.607,1.0475,1.0,1.0,0.0232
2026-01-20 13:10:00,3161.14,3162.57,3153.44,3155.88,29122.431,91939315.88689,13133.935,15988.496,0.8215,-5.2599999999997635,-0.1664,-2854.5609999999997,29122.430999999997,0.8215,1.0,1.0,-0.098
2026-01-20 13:15:00,3155.89,3163.54,3151.1,3162.13,26305.928,83074647.11544,16876.734,9429.194,1.7898,6.2400000000002365,0.1977,7447.540000000001,26305.928,1.7898,1.0,1.0,0.2831
2026-01-20 13:20:00,3162.13,3167.12,3160.0,3164.8,17824.869,56387291.90218,11854.977,5969.892,1.9858,2.6700000000000728,0.0844,5885.085000000001,17824.869,1.9858,1.0,1.0,0.3302
2026-01-20 13:25:00,3164.8,3166.99,3164.0,3165.71,10306.862,32626632.73366,5655.57,4651.292,1.2159,0.9099999999998545,0.0288,1004.2779999999993,10306.862000000001,1.2159,1.0,1.0,0.0974
2026-01-20 13:30:00,3165.71,3169.75,3163.04,3169.39,9155.135,28999224.80334,5596.501,3558.634,1.5727,3.6799999999998363,0.1162,2037.8670000000002,9155.135,1.5727,1.0,1.0,0.2226
2026-01-20 13:35:00,3169.38,3169.93,3163.23,3163.61,5897.1630000000005,18676060.66649,2568.363,3328.8,0.7716,-5.769999999999982,-0.1821,-760.4370000000004,5897.1630000000005,0.7716,1.0,1.0,-0.1289
2026-01-20 13:40:00,3163.6,3166.77,3161.17,3166.05,6952.6669999999995,21997150.04378,4079.495,2873.172,1.4199,2.450000000000273,0.0774,1206.3229999999999,6952.6669999999995,1.4199,1.0,1.0,0.1735
2026-01-20 13:45:00,3166.04,3171.97,3165.3,3170.01,12124.596,38417380.44166,7549.079,4575.517,1.6499,3.9700000000002547,0.1254,2973.562,12124.596,1.6499,1.0,1.0,0.2453
2026-01-20 13:50:00,3170.0,3174.06,3169.48,3171.7,9222.007,29253945.28366,5848.271,3373.736,1.7335,1.699999999999818,0.0536,2474.535,9222.007,1.7335,1.0,1.0,0.2683
2026-01-20 13:55:00,3171.71,3172.78,3170.0,3170.01,5131.1359999999995,16272895.38402,1934.111,3197.025,0.605,-1.699999999999818,-0.0536,-1262.914,5131.136,0.605,1.0,1.0,-0.2461
2026-01-20 14:00:00,3170.01,3170.96,3166.08,3166.08,4900.843,15527807.39415,2394.329,2506.514,0.9552,-3.930000000000291,-0.124,-112.18499999999995,4900.843000000001,0.9552,1.0,1.0,-0.0229
2026-01-20 14:05:00,3166.08,3169.99,3166.07,3167.3,4780.457,15143096.44291,2597.533,2182.924,1.1899,1.2200000000002547,0.0385,414.6089999999999,4780.457,1.1899,1.0,1.0,0.0867
2026-01-20 14:10:00,3167.31,3167.31,3164.0,3165.31,4629.847,14655186.815919999,1853.669,2776.178,0.6677,-2.0,-0.0631,-922.5089999999998,4629.847,0.6677,1.0,1.0,-0.1993
2026-01-20 14:15:00,3165.3,3166.6,3126.51,3132.84,156735.539,492111204.27265,58902.055,97833.484,0.6021,-32.460000000000036,-1.0255,-38931.429,156735.539,0.6021,1.0,1.0,-0.2484
2026-01-20 14:20:00,3132.83,3143.65,3124.56,3140.2,59131.356,185441730.57433,32975.545,26155.811,1.2607,7.369999999999891,0.2353,6819.733999999997,59131.356,1.2607,1.0,1.0,0.1153
2026-01-20 14:25:00,3140.2,3143.0,3135.3,3140.34,21462.809,67390852.45827,9986.603,11476.206,0.8702,0.14000000000032742,0.0045,-1489.603000000001,21462.809,0.8702,1.0,1.0,-0.0694
2026-01-20 14:30:00,3140.34,3140.6,3116.0,3129.53,80530.628,251659991.05306,30310.906,50219.722,0.6036,-10.809999999999945,-0.3442,-19908.816000000003,80530.628,0.6036,1.0,1.0,-0.2472
2026-01-20 14:35:00,3129.53,3133.86,3118.42,3123.83,26848.582000000002,83924624.03266999,12932.368,13916.214,0.9293,-5.700000000000273,-0.1821,-983.8459999999995,26848.582000000002,0.9293,1.0,1.0,-0.0366
2026-01-20 14:40:00,3123.83,3129.71,3122.55,3126.61,15282.077,47776117.52559,8084.047,7198.03,1.1231,2.7800000000002,0.089,886.0169999999998,15282.077,1.1231,1.0,1.0,0.058
2026-01-20 14:45:00,3126.6,3127.21,3111.2,3116.81,43197.774000000005,134702141.61214,15834.154,27363.62,0.5787,-9.789999999999964,-0.3131,-11529.465999999999,43197.774,0.5787,1.0,1.0,-0.2669
2026-01-20 14:50:00,3116.81,3121.0,3107.32,3111.57,45226.085,140828112.21428,21604.32,23621.765,0.9146,-5.239999999999782,-0.1681,-2017.4449999999997,45226.085,0.9146,1.0,1.0,-0.0446
2026-01-20 14:55:00,3111.57,3116.26,3108.44,3115.7,22543.855,70179679.10695,12752.028,9791.827,1.3023,4.129999999999654,0.1327,2960.201000000001,22543.855,1.3023,1.0,1.0,0.1313
2026-01-20 15:00:00,3115.7,3119.75,3110.95,3112.37,28046.1,87388648.84688,14988.038,13058.062,1.1478,-3.3299999999999272,-0.1069,1929.9760000000006,28046.1,1.1478,1.0,1.0,0.0688
2026-01-20 15:05:00,3112.36,3123.84,3110.43,3122.7,20669.112999999998,64432295.160490006,13593.553,7075.56,1.9212,10.33999999999969,0.3322,6517.9929999999995,20669.113,1.9212,1.0,1.0,0.3153
2026-01-20 15:10:00,3122.69,3124.27,3118.89,3119.18,10843.489,33845866.21893,5289.377,5554.112,0.9523,-3.5100000000002183,-0.1124,-264.7349999999997,10843.489000000001,0.9523,1.0,1.0,-0.0244
2026-01-20 15:15:00,3119.18,3121.2,3117.0,3120.24,6936.689,21634571.50389,4031.638,2905.051,1.3878,1.0599999999999454,0.034,1126.587,6936.689,1.3878,1.0,1.0,0.1624
2026-01-20 15:20:00,3120.24,3124.28,3116.52,3120.8,14692.889,45853927.96661,9772.059,4920.83,1.9859,0.5600000000004002,0.0179,4851.228999999999,14692.889,1.9859,1.0,1.0,0.3302
2026-01-20 15:25:00,3120.81,3123.75,3120.0,3122.65,7525.630999999999,23497849.32419,4779.616,2746.015,1.7406,1.8400000000001455,0.059,2033.601,7525.630999999999,1.7406,1.0,1.0,0.2702
2026-01-20 15:30:00,3122.66,3126.3,3118.35,3125.03,11249.954,35139499.04939,6211.622,5038.332,1.2329,2.3700000000003456,0.0759,1173.29,11249.954000000002,1.2329,1.0,1.0,0.1043
2026-01-20 15:35:00,3125.04,3127.95,3123.32,3126.42,14141.622,44201393.24187,6581.199,7560.423,0.8705,1.3800000000001091,0.0442,-979.2240000000002,14141.622,0.8705,1.0,1.0,-0.0692
2026-01-20 15:40:00,3126.42,3127.2,3125.0,3125.86,4955.62,15490386.17982,2648.386,2307.234,1.1479,-0.5599999999999454,-0.0179,341.15200000000004,4955.62,1.1479,1.0,1.0,0.0688
2026-01-20 15:45:00,3125.86,3128.0,3124.2,3128.0,7127.552,22281895.36976,3769.202,3358.35,1.1223,2.1399999999998727,0.0685,410.8520000000003,7127.552,1.1223,1.0,1.0,0.0576
2026-01-20 15:50:00,3127.99,3129.79,3125.8,3127.2,8468.186,26486343.09966,5382.865,3085.321,1.7447,-0.7899999999999636,-0.0253,2297.544,8468.186,1.7447,1.0,1.0,0.2713
2026-01-20 15:55:00,3127.19,3128.5,3121.0,3121.56,8258.441,25800792.8158,2091.003,6167.438,0.339,-5.630000000000109,-0.18,-4076.435,8258.441,0.339,1.0,1.0,-0.4936
2026-01-20 16:00:00,3121.57,3122.26,3115.41,3116.79,14760.183,46033511.78793,5874.527,8885.656,0.6611,-4.7800000000002,-0.1531,-3011.129000000001,14760.183,0.6611,1.0,1.0,-0.204
2026-01-20 16:05:00,3116.8,3121.3,3115.68,3120.11,7031.835,21929867.05121,3378.062,3653.773,0.9245,3.3099999999999454,0.1062,-275.71100000000024,7031.835,0.9245,1.0,1.0,-0.0392
2026-01-20 16:10:00,3120.11,3121.0,3090.29,3105.36,89104.61699999998,276330096.64167,29445.944,59658.673,0.4936,-14.75,-0.4727,-30212.729000000003,89104.617,0.4936,1.0,1.0,-0.3391
2026-01-20 16:15:00,3105.37,3111.8,3099.6,3107.03,28095.871,87268793.5964,16056.634,12039.08,1.3337,1.6600000000003092,0.0535,4017.554,28095.714,1.3337,1.0,1.0,0.143
2026-01-20 16:20:00,3107.03,3113.49,3106.91,3113.02,19871.019,61812706.82908,10272.703,9598.473,1.0702,5.989999999999782,0.1928,674.2299999999996,19871.176,1.0702,1.0,1.0,0.0339
2026-01-20 16:25:00,3113.01,3114.49,3109.31,3110.13,8835.258,27497113.17257,4737.21,4098.048,1.156,-2.880000000000109,-0.0925,639.1620000000003,8835.258,1.156,1.0,1.0,0.0723
2026-01-20 16:30:00,3110.13,3110.13,3094.28,3094.3,33454.814,103713076.97470999,12242.934,21211.88,0.5772,-15.829999999999927,-0.509,-8968.946000000002,33454.814,0.5772,1.0,1.0,-0.2681
2026-01-20 16:35:00,3094.29,3098.71,3082.33,3089.36,79200.978,244653614.99473,34834.132,44366.846,0.7851,-4.929999999999836,-0.1593,-9532.714,79200.978,0.7851,1.0,1.0,-0.1204
2026-01-20 16:40:00,3089.37,3096.46,3088.3,3093.14,22610.512,69916726.37429,15479.795,7130.717,2.1709,3.769999999999982,0.122,8349.078000000001,22610.512,2.1709,1.0,1.0,0.3693
2026-01-20 16:45:00,3093.15,3096.5,3088.5,3093.11,15188.751,46978393.88393,6467.946,8720.805,0.7417,-0.03999999999996362,-0.0013,-2252.8590000000004,15188.751,0.7417,1.0,1.0,-0.1483
2026-01-20 16:50:00,3093.12,3098.4,3091.67,3095.45,8970.635,27769618.66856,5714.891,3255.744,1.7553,2.3299999999999272,0.0753,2459.1469999999995,8970.635,1.7553,1.0,1.0,0.2741
2026-01-20 16:55:00,3095.45,3106.0,3095.45,3105.06,32734.305,101489276.16992,20313.728,12420.577,1.6355,9.610000000000127,0.3105,7893.151,32734.305,1.6355,1.0,1.0,0.2411
2026-01-20 17:00:00,3105.05,3106.92,3095.13,3097.04,17532.237,54366038.00985,10069.623,7462.614,1.3493,-8.010000000000218,-0.258,2607.009,17532.237,1.3493,1.0,1.0,0.1487
2026-01-20 17:05:00,3097.04,3098.44,3094.61,3094.97,7664.207,23734552.00604,3925.79,3738.417,1.0501,-2.0700000000001637,-0.0668,187.37300000000005,7664.207,1.0501,1.0,1.0,0.0244
2026-01-20 17:10:00,3094.96,3098.47,3094.96,3098.26,5302.081,16419770.10299,3745.054,1557.027,2.4053,3.300000000000182,0.1066,2188.027,5302.081,2.4053,1.0,1.0,0.4127
2026-01-20 17:15:00,3098.27,3099.89,3092.69,3094.7,7431.554,23007657.97754,3032.686,4398.868,0.6894,-3.5700000000001637,-0.1152,-1366.1820000000002,7431.554,0.6894,1.0,1.0,-0.1838
2026-01-20 17:20:00,3094.7,3096.43,3094.13,3095.46,3772.217,11675732.54965,2154.868,1617.349,1.3323,0.7600000000002183,0.0246,537.519,3772.2169999999996,1.3323,1.0,1.0,0.1425
2026-01-20 17:25:00,3095.46,3096.9,3092.54,3095.81,6563.816,20317849.61181,4101.807,2462.009,1.666,0.34999999999990905,0.0113,1639.7979999999998,6563.816,1.666,1.0,1.0,0.2498
2026-01-20 17:30:00,3095.82,3096.78,3085.9,3092.4,14425.331999999999,44587655.176,5331.414,9093.918,0.5863,-3.4200000000000728,-0.1105,-3762.504,14425.331999999999,0.5863,1.0,1.0,-0.2608
2026-01-20 17:35:00,3092.39,3094.9,3090.0,3094.9,6145.169,18999282.401440002,3677.575,2467.594,1.4903,2.5100000000002183,0.0812,1209.9809999999998,6145.169,1.4903,1.0,1.0,0.1969
2026-01-20 17:40:00,3094.89,3095.0,3091.11,3093.23,4104.298,12697265.0528,2240.354,1863.944,1.2019,-1.6599999999998545,-0.0536,376.40999999999985,4104.298,1.2019,1.0,1.0,0.0917
2026-01-20 17:45:00,3093.26,3094.99,3091.14,3091.36,3682.263,11389910.64261,1528.293,2153.97,0.7095,-1.900000000000091,-0.0614,-625.6769999999999,3682.263,0.7095,1.0,1.0,-0.1699
2026-01-20 17:50:00,3091.34,3093.43,3088.56,3091.28,7344.671,22698715.03003,3979.126,3365.545,1.1823,-0.05999999999994543,-0.0019,613.5810000000001,7344.671,1.1823,1.0,1.0,0.0835
2026-01-20 17:55:00,3091.28,3093.84,3091.28,3093.15,4001.708,12376501.68739,1850.455,2151.253,0.8602,1.8699999999998909,0.0605,-300.79800000000023,4001.708,0.8602,1.0,1.0,-0.0752
2026-01-20 18:00:00,3093.15,3093.37,3090.0,3091.73,5214.549000000001,16119652.83947,3280.783,1933.766,1.6966,-1.4200000000000728,-0.0459,1347.0169999999998,5214.549,1.6966,1.0,1.0,0.2583
2026-01-20 18:05:00,3091.74,3097.0,3091.34,3096.99,6516.369,20170548.07618,4270.64,2245.729,1.9017,5.25,0.1698,2024.9110000000005,6516.369000000001,1.9017,1.0,1.0,0.3107
2026-01-20 18:10:00,3096.99,3101.83,3094.51,3100.75,14455.286,44786261.77411,6549.63,7905.656,0.8285,3.7600000000002183,0.1214,-1356.0259999999998,14455.286,0.8285,1.0,1.0,-0.0938
2026-01-20 18:15:00,3100.74,3102.2,3098.87,3099.82,9450.529,29300114.27454,3929.843,5520.686,0.7118,-0.919999999999618,-0.0297,-1590.8429999999998,9450.528999999999,0.7118,1.0,1.0,-0.1683
2026-01-20 18:20:00,3099.83,3102.44,3098.42,3100.04,6189.447,19191800.691970002,4406.747,1782.7,2.472,0.21000000000003638,0.0068,2624.0470000000005,6189.447,2.472,1.0,1.0,0.424
2026-01-20 18:25:00,3100.04,3107.0,3099.31,3106.99,10623.339,32984521.14214,7981.193,2642.146,3.0207,6.949999999999818,0.2242,5339.0470000000005,10623.339,3.0207,1.0,1.0,0.5026
2026-01-20 18:30:00,3107.0,3107.43,3103.0,3103.01,9599.641,29806879.87604,4708.122,4891.519,0.9625,-3.9899999999997817,-0.1284,-183.39699999999993,9599.641,0.9625,1.0,1.0,-0.0191
2026-01-20 18:35:00,3103.0,3103.85,3099.5,3100.57,9951.699,30871626.59837,2153.782,7797.917,0.2762,-2.4299999999998363,-0.0783,-5644.135,9951.699,0.2762,1.0,1.0,-0.5672
2026-01-20 18:40:00,3100.57,3100.83,3098.6,3100.67,4322.683,13398977.71989,1299.81,3022.873,0.43,0.09999999999990905,0.0032,-1723.063,4322.683,0.43,1.0,1.0,-0.3986
2026-01-20 18:45:00,3100.67,3101.4,3099.0,3100.55,4506.5560000000005,13972484.936280001,2791.435,1715.121,1.6275,-0.11999999999989086,-0.0039,1076.3139999999999,4506.5560000000005,1.6275,1.0,1.0,0.2388
2026-01-20 18:50:00,3100.54,3101.85,3099.2,3100.6,3273.751,10149568.43937,1413.666,1860.085,0.76,0.05999999999994543,0.0019,-446.4190000000001,3273.751,0.76,1.0,1.0,-0.1364
2026-01-20 18:55:00,3100.6,3103.36,3100.6,3101.35,3867.227,11997412.26897,2346.166,1521.061,1.5425,0.75,0.0242,825.1050000000002,3867.227,1.5425,1.0,1.0,0.2134
2026-01-20 19:00:00,3101.35,3108.38,3101.35,3107.0,9741.652,30253939.77646,7369.299,2372.353,3.1063,5.650000000000091,0.1822,4996.946,9741.652,3.1063,1.0,1.0,0.5129
2026-01-20 19:05:00,3107.0,3109.46,3105.79,3107.68,6026.3060000000005,18730478.31832,3008.697,3017.609,0.997,0.6799999999998363,0.0219,-8.911999999999807,6026.3060000000005,0.997,1.0,1.0,-0.0015
2026-01-20 19:10:00,3107.68,3107.75,3105.18,3105.69,4510.3240000000005,14012877.15922,1720.159,2790.165,0.6165,-1.9899999999997817,-0.064,-1070.0059999999999,4510.3240000000005,0.6165,1.0,1.0,-0.2372
2026-01-20 19:15:00,3105.7,3110.93,3105.56,3106.96,7663.484,23819113.90598,5386.733,2276.751,2.366,1.2600000000002183,0.0406,3109.982,7663.484,2.366,1.0,1.0,0.4058
2026-01-20 19:20:00,3106.95,3106.95,3104.62,3105.29,3483.969,10818719.42896,1272.923,2211.046,0.5757,-1.6599999999998545,-0.0534,-938.1229999999998,3483.969,0.5757,1.0,1.0,-0.2693
2026-01-20 19:25:00,3105.29,3109.3,3104.73,3107.69,3929.579,12209690.932950001,2050.309,1879.27,1.091,2.400000000000091,0.0773,171.03900000000021,3929.579,1.091,1.0,1.0,0.0435
2026-01-20 19:30:00,3107.7,3109.53,3106.3,3106.43,2378.157,7390405.72388,1130.472,1247.685,0.9061,-1.2699999999999818,-0.0409,-117.21299999999997,2378.157,0.9061,1.0,1.0,-0.0493
2026-01-20 19:35:00,3106.43,3107.84,3103.76,3104.75,5258.287,16327888.883079998,1804.081,3454.206,0.5223,-1.6799999999998363,-0.0541,-1650.1250000000002,5258.287,0.5223,1.0,1.0,-0.3138
2026-01-20 19:40:00,3104.75,3106.75,3102.01,3105.92,5282.701,16402031.53202,3430.472,1852.229,1.8521,1.1700000000000728,0.0377,1578.2430000000002,5282.701,1.8521,1.0,1.0,0.2988
2026-01-20 19:45:00,3105.92,3110.74,3105.11,3110.01,4627.982,14381444.441709999,3545.284,1082.698,3.2745,4.0900000000001455,0.1317,2462.5860000000002,4627.982,3.2745,1.0,1.0,0.5321
2026-01-20 19:50:00,3110.01,3111.67,3108.05,3109.31,6663.217000000001,20719832.034950003,2760.737,3902.48,0.7074,-0.7000000000002728,-0.0225,-1141.743,6663.217000000001,0.7074,1.0,1.0,-0.1714
2026-01-20 19:55:00,3109.3,3111.35,3107.07,3107.75,6339.375,19711123.46352,1984.344,4355.031,0.4556,-1.550000000000182,-0.0499,-2370.687,6339.375,0.4556,1.0,1.0,-0.374
2026-01-20 20:00:00,3107.75,3110.0,3105.46,3109.99,4144.916,12881905.50696,2309.137,1835.779,1.2579,2.2399999999997817,0.0721,473.3580000000002,4144.916,1.2579,1.0,1.0,0.1142
2026-01-20 20:05:00,3110.0,3113.48,3109.14,3111.96,6054.566,18837841.851830002,3755.435,2299.131,1.6334,1.9600000000000364,0.063,1456.304,6054.566,1.6334,1.0,1.0,0.2405
2026-01-20 20:10:00,3111.95,3112.33,3110.5,3111.04,2940.248,9148743.11922,1145.919,1794.329,0.6386,-0.9099999999998545,-0.0292,-648.4099999999999,2940.248,0.6386,1.0,1.0,-0.2205
2026-01-20 20:15:00,3111.05,3112.81,3104.3,3104.3,6988.294,21723241.567160003,1656.096,5331.998,0.3106,-6.75,-0.217,-3675.9019999999996,6988.093999999999,0.3106,1.0,1.0,-0.526
2026-01-20 20:20:00,3104.31,3106.25,3100.77,3102.0,15003.146,46550841.51887,4345.26,10658.086,0.4077,-2.3099999999999454,-0.0744,-6312.825999999999,15003.346,0.4077,1.0,1.0,-0.4208
2026-01-20 20:25:00,3102.0,3106.0,3100.76,3104.62,8760.318000000001,27186690.07017,6520.014,2240.304,2.9103,2.619999999999891,0.0845,4279.71,8760.318,2.9103,1.0,1.0,0.4885
2026-01-20 20:30:00,3104.62,3108.99,3104.13,3106.41,9811.420999999998,30481608.63842,6973.278,2838.143,2.457,1.7899999999999636,0.0577,4135.135,9811.421,2.457,1.0,1.0,0.4215
2026-01-20 20:35:00,3106.41,3108.64,3105.0,3107.45,2691.989,8364529.6978899995,1765.903,926.086,1.9068,1.0399999999999636,0.0335,839.817,2691.989,1.9068,1.0,1.0,0.312
2026-01-20 20:40:00,3107.46,3108.0,3106.0,3106.56,1631.799,5070034.75028,915.936,715.863,1.2795,-0.900000000000091,-0.029,200.07299999999998,1631.799,1.2795,1.0,1.0,0.1226
2026-01-20 20:45:00,3106.56,3107.45,3106.52,3107.45,4244.061,13187387.598960001,3346.572,897.489,3.7288,0.8899999999998727,0.0286,2449.083,4244.061,3.7288,1.0,1.0,0.5771
2026-01-20 20:50:00,3107.45,3108.84,3105.84,3108.84,5028.495,15627302.761640001,3312.888,1715.607,1.931,1.3900000000003274,0.0447,1597.281,5028.495,1.931,1.0,1.0,0.3176
2026-01-20 20:55:00,3108.83,3110.0,3108.81,3109.51,2206.485,6860823.9505,882.365,1324.12,0.6664,0.680000000000291,0.0219,-441.7549999999999,2206.4849999999997,0.6664,1.0,1.0,-0.2002
2026-01-20 21:00:00,3109.5,3111.84,3102.28,3103.41,9037.523,28085516.41598,3385.113,5652.41,0.5989,-6.0900000000001455,-0.1959,-2267.297,9037.523,0.5989,1.0,1.0,-0.2509
2026-01-20 21:05:00,3103.41,3104.21,3097.06,3100.89,10955.555,33963870.179069996,3600.823,7354.732,0.4896,-2.519999999999982,-0.0812,-3753.909,10955.555,0.4896,1.0,1.0,-0.3426
2026-01-20 21:10:00,3100.88,3100.89,3087.81,3092.55,27196.606,84135259.44012,10283.957,16912.649,0.6081,-8.329999999999927,-0.2686,-6628.692000000001,27196.606,0.6081,1.0,1.0,-0.2437
2026-01-20 21:15:00,3092.54,3095.41,3091.19,3093.65,11438.5,35387994.84131,7094.516,4343.984,1.6332,1.1100000000001273,0.0359,2750.5319999999992,11438.5,1.6332,1.0,1.0,0.2405
2026-01-20 21:20:00,3093.66,3094.96,3090.87,3092.05,7851.323,24283254.66974,4963.275,2888.048,1.7186,-1.6099999999996726,-0.052,2075.227,7851.322999999999,1.7186,1.0,1.0,0.2643
2026-01-20 21:25:00,3092.05,3092.06,3085.25,3087.25,17538.917,54171792.94528,6067.782,11471.135,0.529,-4.800000000000182,-0.1552,-5403.353,17538.917,0.529,1.0,1.0,-0.3081
2026-01-20 21:30:00,3087.26,3091.38,3072.29,3083.83,72807.451,224293726.68056,29150.568,43656.883,0.6677,-3.430000000000291,-0.1111,-14506.315000000002,72807.451,0.6677,1.0,1.0,-0.1992
2026-01-20 21:35:00,3083.83,3093.0,3082.64,3093.0,20672.827,63813876.77517,13241.969,7430.858,1.782,9.170000000000073,0.2974,5811.110999999999,20672.826999999997,1.782,1.0,1.0,0.2811
2026-01-20 21:40:00,3093.0,3094.46,3084.0,3085.76,11241.675,34722512.94173,5924.335,5317.34,1.1142,-7.239999999999782,-0.2341,606.9949999999999,11241.675,1.1142,1.0,1.0,0.054
2026-01-20 21:45:00,3085.75,3087.91,3081.74,3084.34,12946.819,39943906.78834,6851.656,6095.163,1.1241,-1.4099999999998545,-0.0457,756.4930000000004,12946.819,1.1241,1.0,1.0,0.0584
2026-01-20 21:50:00,3084.35,3084.84,3077.2,3077.37,15968.310000000001,49189697.33263,8049.054,7919.256,1.0164,-6.980000000000018,-0.2263,129.79799999999977,15968.310000000001,1.0164,1.0,1.0,0.0081
2026-01-20 21:55:00,3077.37,3079.0,3075.34,3077.75,12106.301,37254498.9215,5961.194,6145.107,0.9701,0.38000000000010914,0.0123,-183.91299999999956,12106.301,0.9701,1.0,1.0,-0.0152
2026-01-20 22:00:00,3077.75,3087.27,3076.82,3085.88,13380.139000000001,41254980.51728,8590.395,4789.744,1.7935,8.13000000000011,0.2642,3800.6510000000007,13380.139,1.7935,1.0,1.0,0.2841
2026-01-20 22:05:00,3085.88,3088.0,3082.56,3084.47,7643.7080000000005,23587749.17629,3154.699,4489.009,0.7028,-1.4100000000003092,-0.0457,-1334.31,7643.7080000000005,0.7028,1.0,1.0,-0.1746
2026-01-20 22:10:00,3084.47,3084.99,3078.86,3081.3,11603.956,35765379.53537,4606.364,6997.592,0.6583,-3.169999999999618,-0.1028,-2391.228,11603.955999999998,0.6583,1.0,1.0,-0.2061
2026-01-20 22:15:00,3081.29,3081.61,3054.12,3058.64,113335.87000000001,347269421.09951,37914.848,75421.022,0.5027,-22.65000000000009,-0.7351,-37506.174,113335.87,0.5027,1.0,1.0,-0.3309
2026-01-20 22:20:00,3058.63,3069.6,3058.2,3066.31,36176.328,110884066.43718,21199.587,14976.741,1.4155,7.679999999999836,0.2511,6222.846,36176.328,1.4155,1.0,1.0,0.172
2026-01-20 22:25:00,3066.31,3069.85,3065.46,3069.05,14873.98,45632336.91757,8949.584,5924.396,1.5106,2.7400000000002365,0.0894,3025.188000000001,14873.98,1.5106,1.0,1.0,0.2034
2026-01-20 22:30:00,3069.04,3074.59,3044.34,3059.99,114665.417,350481750.23602,50397.515,64267.902,0.7842,-9.050000000000182,-0.2949,-13870.387000000002,114665.417,0.7842,1.0,1.0,-0.121
2026-01-20 22:35:00,3059.99,3087.0,3055.0,3078.96,87446.95199999999,268505007.85564,52273.296,35173.656,1.4861,18.970000000000255,0.6199,17099.64,87446.952,1.4861,1.0,1.0,0.1955
2026-01-20 22:40:00,3078.97,3079.49,3057.34,3069.3,48861.643000000004,149953368.76452,18885.041,29976.602,0.63,-9.669999999999618,-0.3141,-11091.560999999998,48861.643,0.63,1.0,1.0,-0.227
2026-01-20 22:45:00,3069.3,3069.5,3032.18,3041.08,137816.948,419437837.98728,57608.85,80208.098,0.7182,-28.220000000000255,-0.9194,-22599.248,137816.948,0.7182,1.0,1.0,-0.164
2026-01-20 22:50:00,3041.09,3050.49,3038.21,3039.58,39816.59,121228867.81875,22657.743,17158.847,1.3205,-1.5100000000002183,-0.0497,5498.895999999997,39816.59,1.3205,1.0,1.0,0.1381
2026-01-20 22:55:00,3039.58,3050.0,3039.0,3045.95,23242.338,70780769.41604,14813.81,8428.528,1.7576,6.369999999999891,0.2096,6385.281999999999,23242.338,1.7576,1.0,1.0,0.2747
2026-01-20 23:00:00,3045.94,3048.66,3012.0,3025.71,142798.99899999998,431836815.97229004,53448.09,89350.909,0.5982,-20.230000000000018,-0.6642,-35902.819,142798.999,0.5982,1.0,1.0,-0.2514
2026-01-20 23:05:00,3025.7,3029.3,2993.03,2999.59,143148.367,430634634.45712996,63659.785,79488.498,0.8009,-26.109999999999673,-0.8629,-15828.713000000003,143148.283,0.8009,1.0,1.0,-0.1106
2026-01-20 23:10:00,2999.6,3022.29,2998.02,3016.65,77105.062,232202059.6969,43611.885,33493.261,1.3021,17.050000000000182,0.5684,10118.624000000003,77105.14600000001,1.3021,1.0,1.0,0.1312
2026-01-20 23:15:00,3016.64,3024.5,3003.1,3005.35,53547.333,161381141.87346,23404.559,30142.774,0.7765,-11.289999999999964,-0.3743,-6738.215,53547.333,0.7765,1.0,1.0,-0.1258
2026-01-20 23:20:00,3005.36,3028.55,3004.04,3028.29,41469.534999999996,125199753.55217001,23015.23,18454.305,1.2471,22.929999999999836,0.763,4560.924999999999,41469.535,1.2471,1.0,1.0,0.11
2026-01-20 23:25:00,3028.3,3035.08,3026.67,3030.21,42835.954,129813137.49912,23449.83,19386.124,1.2096,1.9099999999998545,0.0631,4063.706000000002,42835.954,1.2096,1.0,1.0,0.0949
2026-01-20 23:30:00,3030.21,3035.43,3024.63,3033.0,27383.961,82995014.12823,10577.834,16806.127,0.6294,2.7899999999999636,0.0921,-6228.293,27383.961000000003,0.6294,1.0,1.0,-0.2274
2026-01-20 23:35:00,3033.0,3037.0,3028.7,3030.46,16018.891,48589511.9149,7361.366,8657.525,0.8503,-2.5399999999999636,-0.0837,-1296.1589999999997,16018.891,0.8503,1.0,1.0,-0.0809
2026-01-20 23:40:00,3030.46,3033.93,3027.0,3029.3,13236.882,40114863.37664,5565.257,7671.625,0.7254,-1.1599999999998545,-0.0383,-2106.3680000000004,13236.882,0.7254,1.0,1.0,-0.1591
2026-01-20 23:45:00,3029.29,3029.85,3022.17,3026.15,13950.193,42204845.532749996,6265.028,7685.165,0.8152,-3.1399999999998727,-0.1037,-1420.1369999999997,13950.193,0.8152,1.0,1.0,-0.1018
2026-01-20 23:50:00,3026.16,3032.25,3021.05,3022.13,16799.094,50840787.65914,7526.083,9273.011,0.8116,-4.029999999999745,-0.1332,-1746.9280000000008,16799.094,0.8116,1.0,1.0,-0.104
2026-01-20 23:55:00,3022.13,3031.44,3018.4,3030.62,15558.291000000001,47044301.61662,7171.559,8386.732,0.8551,8.489999999999782,0.2809,-1215.1729999999998,15558.291000000001,0.8551,1.0,1.0,-0.0781
2026-01-21 00:00:00,3030.62,3032.84,3025.6,3028.1,14782.603,44785667.1719,7054.918,7727.685,0.9129,-2.519999999999982,-0.0832,-672.7670000000007,14782.603,0.9129,1.0,1.0,-0.0455
2026-01-21 00:05:00,3028.11,3029.75,3022.46,3023.44,8989.223,27200926.307159998,4557.952,4431.271,1.0286,-4.670000000000073,-0.1542,126.6810000000005,8989.223,1.0286,1.0,1.0,0.0141
2026-01-21 00:10:00,3023.43,3034.0,3023.25,3030.19,12099.003,36674587.63597,7613.868,4485.135,1.6976,6.760000000000218,0.2236,3128.733,12099.003,1.6976,1.0,1.0,0.2586
2026-01-21 00:15:00,3030.2,3037.72,3028.59,3037.46,11830.195,35898483.27198,7808.575,4021.62,1.9416,7.260000000000218,0.2396,3786.955,11830.195,1.9416,1.0,1.0,0.3201
2026-01-21 00:20:00,3037.46,3041.76,3025.33,3025.59,27383.854,83091050.10097,11009.123,16374.731,0.6723,-11.86999999999989,-0.3908,-5365.608,27383.854,0.6723,1.0,1.0,-0.1959
2026-01-21 00:25:00,3025.59,3026.26,3021.04,3023.47,10526.435,31830814.07897,5640.978,4885.457,1.1546,-2.1200000000003456,-0.0701,755.5209999999997,10526.435000000001,1.1546,1.0,1.0,0.0718
2026-01-21 00:30:00,3023.48,3024.97,3013.18,3016.46,23937.365999999998,72242658.76178,10316.892,13620.474,0.7575,-7.019999999999982,-0.2322,-3303.5820000000003,23937.366,0.7575,1.0,1.0,-0.138
2026-01-21 00:35:00,3016.47,3021.4,3016.41,3019.72,8545.488,25799423.438219998,4955.637,3589.851,1.3805,3.25,0.1077,1365.7859999999996,8545.488,1.3805,1.0,1.0,0.1598
2026-01-21 00:40:00,3019.71,3020.0,3000.0,3002.33,41951.129,126150514.9322,13355.817,28595.312,0.4671,-17.38000000000011,-0.5756,-15239.495000000003,41951.129,0.4671,1.0,1.0,-0.3633
2026-01-21 00:45:00,3002.34,3005.95,2996.28,3004.06,29894.881,89712531.40118,17337.714,12557.167,1.3807,1.7199999999998,0.0573,4780.5470000000005,29894.881,1.3807,1.0,1.0,0.1599
2026-01-21 00:50:00,3004.06,3010.0,3003.04,3004.92,15774.694,47431099.59928,10011.555,5763.139,1.7372,0.8600000000001273,0.0286,4248.416,15774.694,1.7372,1.0,1.0,0.2693
2026-01-21 00:55:00,3004.92,3009.33,3002.67,3007.46,6028.355,18124955.588749997,3090.146,2928.701,1.0551,2.5399999999999636,0.0845,161.44500000000016,6018.847,1.0551,1.0016,0.9984,0.0268
2026-01-21 01:00:00,3007.46,3013.72,3005.81,3013.72,10094.119999999999,30377040.096109997,5094.217,4999.903,1.0189,6.2599999999997635,0.2081,94.3139999999994,10094.119999999999,1.0189,1.0,1.0,0.0093
2026-01-21 01:05:00,3013.72,3021.9,3013.06,3017.08,16698.946,50395459.79439,7244.766,9454.18,0.7663,3.3600000000001273,0.1115,-2209.4140000000007,16698.946,0.7663,1.0,1.0,-0.1323
2026-01-21 01:10:00,3017.07,3019.86,3013.89,3016.85,5854.542,17662087.887000002,3078.721,2775.821,1.1091,-0.22000000000025466,-0.0073,302.9000000000001,5854.5419999999995,1.1091,1.0,1.0,0.0517
2026-01-21 01:15:00,3016.84,3019.2,3011.71,3012.68,5026.771,15151502.27666,2433.474,2593.297,0.9384,-4.160000000000309,-0.1379,-159.82299999999987,5026.771000000001,0.9384,1.0,1.0,-0.0318
2026-01-21 01:20:00,3012.69,3015.0,3008.0,3009.28,7039.179,21195055.93637,3755.328,3283.851,1.1436,-3.4099999999998545,-0.1132,471.47699999999986,7039.179,1.1436,1.0,1.0,0.067
2026-01-21 01:25:00,3009.28,3009.28,2999.3,3002.27,21296.018,63966516.51969,6054.723,15241.295,0.3973,-7.010000000000218,-0.2329,-9186.572,21296.018,0.3973,1.0,1.0,-0.4314
2026-01-21 01:30:00,3002.27,3002.87,2993.78,2994.21,19072.173,57169528.691139996,7430.402,11641.771,0.6383,-8.059999999999945,-0.2685,-4211.369000000001,19072.173000000003,0.6383,1.0,1.0,-0.2208
2026-01-21 01:35:00,2994.21,2997.58,2981.78,2992.49,88632.992,264945924.68379,36050.589,52582.403,0.6856,-1.7200000000002547,-0.0574,-16531.814,88632.992,0.6856,1.0,1.0,-0.1865
2026-01-21 01:40:00,2992.49,2999.6,2991.0,2997.08,10955.761999999999,32823072.58225,5826.57,5129.192,1.136,4.5900000000001455,0.1534,697.3779999999997,10955.761999999999,1.136,1.0,1.0,0.0637
2026-01-21 01:45:00,2997.09,3001.71,2983.12,2998.04,25265.809999999998,75576981.17254,12795.52,12470.29,1.0261,0.9499999999998181,0.0317,325.22999999999956,25265.81,1.0261,1.0,1.0,0.0129
2026-01-21 01:50:00,2998.04,3004.99,2984.16,3001.63,24004.945,71893879.79089999,12267.05,11737.895,1.0451,3.5900000000001455,0.1197,529.1549999999988,24004.945,1.0451,1.0,1.0,0.022
2026-01-21 01:55:00,3001.64,3003.0,2997.04,2998.15,7951.025,23847790.82982,4008.297,3942.728,1.0166,-3.4899999999997817,-0.1163,65.56899999999996,7951.025,1.0166,1.0,1.0,0.0082
2026-01-21 02:00:00,2998.15,3002.32,2996.33,3000.74,11427.969000000001,34284958.808240004,7133.294,4294.675,1.661,2.5899999999996908,0.0864,2838.6189999999997,11427.969000000001,1.661,1.0,1.0,0.2484
2026-01-21 02:05:00,3000.75,3001.43,2994.55,2997.4,7631.398999999999,22871639.01078,4091.954,3539.445,1.1561,-3.349999999999909,-0.1116,552.509,7631.399,1.1561,1.0,1.0,0.0724
2026-01-21 02:10:00,2997.41,3005.99,2996.98,3005.47,9223.193000000001,27692252.30412,6148.416,3074.777,1.9996,8.059999999999945,0.2689,3073.639,9223.193,1.9996,1.0,1.0,0.3333
2026-01-21 02:15:00,3005.48,3007.56,2998.27,2999.87,14285.055,42915056.32468,6445.405,7839.65,0.8222,-5.610000000000127,-0.1867,-1394.245,14285.055,0.8222,1.0,1.0,-0.0976
2026-01-21 02:20:00,2999.88,3001.65,2992.79,3000.26,9466.437,28365255.57851,4588.091,4878.346,0.9405,0.38000000000010914,0.0127,-290.2549999999992,9466.437,0.9405,1.0,1.0,-0.0307
2026-01-21 02:25:00,3000.26,3003.85,2996.05,2996.63,6070.149,18211317.69693,3592.032,2478.117,1.4495,-3.630000000000109,-0.121,1113.915,6070.149,1.4495,1.0,1.0,0.1835
2026-01-21 02:30:00,2996.63,2997.79,2992.94,2996.81,7826.147,23442768.376790002,4197.973,3628.174,1.157,0.1799999999998363,0.006,569.799,7826.147,1.157,1.0,1.0,0.0728
2026-01-21 02:35:00,2996.8,2999.25,2990.48,2993.43,6725.849,20135122.35563,3211.664,3514.185,0.9139,-3.3700000000003456,-0.1125,-302.52099999999973,6725.849,0.9139,1.0,1.0,-0.045
2026-01-21 02:40:00,2993.43,2995.0,2987.5,2992.06,10163.21,30397963.15248,5397.913,4765.297,1.1328,-1.3699999999998909,-0.0458,632.616,10163.21,1.1328,1.0,1.0,0.0622
2026-01-21 02:45:00,2992.05,2998.67,2988.0,2996.75,7162.384,21429244.88232,4321.268,2841.116,1.521,4.699999999999818,0.1571,1480.152,7162.384,1.521,1.0,1.0,0.2067
2026-01-21 02:50:00,2996.74,2996.85,2986.04,2989.45,7084.615,21200161.07592,3665.686,3418.929,1.0722,-7.289999999999964,-0.2433,246.75700000000006,7084.615,1.0722,1.0,1.0,0.0348
2026-01-21 02:55:00,2989.46,2995.0,2988.4,2990.5,4499.767,13463238.98663,2475.976,2023.791,1.2234,1.0399999999999636,0.0348,452.1850000000002,4499.767,1.2234,1.0,1.0,0.1005
2026-01-21 03:00:00,2990.51,2996.56,2990.0,2992.95,4551.289,13627341.2716,2571.473,1979.816,1.2988,2.4399999999996,0.0816,591.6569999999999,4551.289,1.2988,1.0,1.0,0.13
2026-01-21 03:05:00,2992.95,3002.0,2992.61,2998.16,6677.4220000000005,20024142.76955,4042.898,2634.524,1.5346,5.210000000000036,0.1741,1408.3740000000003,6677.4220000000005,1.5346,1.0,1.0,0.2109
2026-01-21 03:10:00,2998.15,2998.52,2987.7,2994.0,5186.8589999999995,15523919.66175,2612.255,2574.604,1.0146,-4.150000000000091,-0.1384,37.651000000000295,5186.859,1.0146,1.0,1.0,0.0073
2026-01-21 03:15:00,2994.0,2999.0,2993.11,2996.44,4802.01,14387431.71901,3059.834,1742.176,1.7563,2.4400000000000546,0.0815,1317.658,4802.01,1.7563,1.0,1.0,0.2744
2026-01-21 03:20:00,2996.43,2997.79,2991.65,2994.51,2757.849,8258774.36921,1291.535,1466.314,0.8808,-1.919999999999618,-0.0641,-174.779,2757.849,0.8808,1.0,1.0,-0.0634
2026-01-21 03:25:00,2994.51,2995.32,2989.99,2990.79,7047.326999999999,21081575.490110002,2828.262,4219.065,0.6704,-3.7200000000002547,-0.1242,-1390.8029999999994,7047.326999999999,0.6704,1.0,1.0,-0.1974
2026-01-21 03:30:00,2990.79,2993.82,2983.34,2987.67,12291.026,36719904.54511,5626.939,6664.087,0.8444,-3.119999999999891,-0.1043,-1037.1480000000001,12291.026000000002,0.8444,1.0,1.0,-0.0844
2026-01-21 03:35:00,2987.68,2989.48,2977.45,2983.49,24967.985,74442464.7039,8249.854,16718.131,0.4935,-4.190000000000055,-0.1402,-8468.277000000002,24967.985,0.4935,1.0,1.0,-0.3392
2026-01-21 03:40:00,2983.5,2992.55,2983.49,2986.72,5924.6900000000005,17711858.5251,3318.764,2605.926,1.2735,3.2199999999998,0.1079,712.8380000000002,5924.6900000000005,1.2735,1.0,1.0,0.1203
2026-01-21 03:45:00,2986.71,2989.21,2984.0,2987.74,3811.295,11383996.43363,2558.401,1252.894,2.042,1.0299999999997453,0.0345,1305.5069999999998,3811.295,2.042,1.0,1.0,0.3425
2026-01-21 03:50:00,2987.74,2997.25,2987.09,2996.29,7898.349,23644022.37303,5313.486,2584.863,2.0556,8.550000000000182,0.2862,2728.623,7898.349,2.0556,1.0,1.0,0.3455
2026-01-21 03:55:00,2996.3,2997.94,2993.57,2994.9,3468.7690000000002,10390094.79206,1629.517,1839.252,0.886,-1.400000000000091,-0.0467,-209.7349999999999,3468.7690000000002,0.886,1.0,1.0,-0.0605
2026-01-21 04:00:00,2994.91,2994.91,2988.3,2989.83,3806.614,11386118.2213,1998.863,1807.751,1.1057,-5.079999999999927,-0.1696,191.11200000000008,3806.614,1.1057,1.0,1.0,0.0502
2026-01-21 04:05:00,2989.83,2991.8,2985.26,2989.21,3444.7129999999997,10294429.833589999,2149.824,1294.889,1.6602,-0.6199999999998909,-0.0207,854.9350000000002,3444.7129999999997,1.6602,1.0,1.0,0.2482
2026-01-21 04:10:00,2989.2,2992.7,2984.48,2985.03,4028.052,12034309.15295,1984.441,2043.611,0.971,-4.169999999999618,-0.1395,-59.17000000000007,4028.052,0.971,1.0,1.0,-0.0147
2026-01-21 04:15:00,2985.04,3003.07,2985.03,3003.06,14100.416,42256991.21996,8576.402,5524.014,1.5526,18.019999999999982,0.6037,3052.388,14100.416000000001,1.5526,1.0,1.0,0.2165
2026-01-21 04:20:00,3003.06,3004.45,2999.3,3003.34,7427.563,22294932.837109998,3642.695,3784.868,0.9624,0.2800000000002001,0.0093,-142.17299999999977,7427.563,0.9624,1.0,1.0,-0.0191
2026-01-21 04:25:00,3003.34,3005.14,3000.45,3001.71,10367.435,31138693.70341,6464.375,3903.06,1.6562,-1.6300000000001091,-0.0543,2561.315,10367.435,1.6562,1.0,1.0,0.2471
2026-01-21 04:30:00,3001.71,3002.89,2996.3,2997.97,4242.611,12724526.10655,1478.628,2763.983,0.535,-3.7400000000002365,-0.1246,-1285.3550000000002,4242.611,0.535,1.0,1.0,-0.303
2026-01-21 04:35:00,2997.96,2999.2,2993.29,2994.44,4007.196,12006722.82452,1774.835,2232.361,0.795,-3.519999999999982,-0.1174,-457.52599999999984,4007.196,0.795,1.0,1.0,-0.1142
2026-01-21 04:40:00,2994.44,2997.5,2992.31,2996.7,8884.996,26603938.35792,6796.346,2088.65,3.2539,2.2599999999997635,0.0755,4707.696,8884.996,3.2539,1.0,1.0,0.5298
2026-01-21 04:45:00,2996.69,3003.62,2996.14,2998.57,12552.777,37675047.04564,5342.235,7210.542,0.7409,1.8800000000001091,0.0627,-1868.3070000000007,12552.777,0.7409,1.0,1.0,-0.1488
2026-01-21 04:50:00,2998.57,3001.52,2994.0,2994.29,6208.898,18611713.44774,3016.535,3192.363,0.9449,-4.2800000000002,-0.1427,-175.82799999999997,6208.897999999999,0.9449,1.0,1.0,-0.0283
2026-01-21 04:55:00,2994.29,3006.12,2993.86,3005.75,11170.42,33528857.16869,7595.627,3574.793,2.1248,11.460000000000036,0.3827,4020.8340000000003,11170.42,2.1248,1.0,1.0,0.36
2026-01-21 05:00:00,3005.76,3006.14,2998.25,3000.0,7597.618,22808943.95791,3365.469,4232.149,0.7952,-5.760000000000218,-0.1916,-866.6800000000003,7597.618,0.7952,1.0,1.0,-0.1141
2026-01-21 05:05:00,2999.99,3004.62,2999.99,3003.31,3914.643,11754973.14912,1975.504,1939.139,1.0188,3.3200000000001637,0.1107,36.36500000000001,3914.643,1.0188,1.0,1.0,0.0093
2026-01-21 05:10:00,3003.3,3003.99,3000.44,3001.19,2143.0789999999997,6434634.14824,1240.503,902.576,1.3744,-2.1100000000001273,-0.0703,337.9269999999999,2143.0789999999997,1.3744,1.0,1.0,0.1577
2026-01-21 05:15:00,3001.19,3001.43,2996.6,2996.6,4060.5509999999995,12175801.98133,1835.962,2224.589,0.8253,-4.5900000000001455,-0.1529,-388.62699999999995,4060.551,0.8253,1.0,1.0,-0.0957
2026-01-21 05:20:00,2996.6,2997.35,2994.6,2996.32,3696.348,11074619.895680001,2249.35,1446.998,1.5545,-0.27999999999974534,-0.0093,802.3519999999999,3696.348,1.5545,1.0,1.0,0.2171
2026-01-21 05:25:00,2996.32,2997.87,2994.73,2996.49,1783.0320000000002,5342391.68632,1034.44,748.592,1.3818,0.169999999999618,0.0057,285.84800000000007,1783.0320000000002,1.3818,1.0,1.0,0.1603
2026-01-21 05:30:00,2996.48,2996.48,2988.31,2989.09,5469.044,16365976.0014,2651.09,2817.954,0.9408,-7.389999999999873,-0.2466,-166.86400000000003,5469.044,0.9408,1.0,1.0,-0.0305
2026-01-21 05:35:00,2989.1,2995.32,2989.09,2993.76,3432.326,10268347.40676,2635.016,797.31,3.3049,4.660000000000309,0.1559,1837.7060000000001,3432.326,3.3049,1.0,1.0,0.5354
2026-01-21 05:40:00,2993.76,2994.17,2991.83,2993.01,1829.609,5475629.17239,675.827,1153.782,0.5857,-0.75,-0.0251,-477.9549999999999,1829.609,0.5857,1.0,1.0,-0.2612
2026-01-21 05:45:00,2993.0,2993.91,2988.24,2988.82,2318.2219999999998,6931818.84701,1400.333,917.889,1.5256,-4.179999999999836,-0.1397,482.4440000000001,2318.222,1.5256,1.0,1.0,0.2081
2026-01-21 05:50:00,2988.83,2993.28,2988.82,2990.19,1553.5720000000001,4647699.46411,651.298,902.274,0.7218,1.3600000000001273,0.0455,-250.976,1553.5720000000001,0.7218,1.0,1.0,-0.1615
2026-01-21 05:55:00,2990.2,2993.72,2990.19,2992.19,3023.5609999999997,9048797.109000001,1949.886,1073.675,1.8161,1.9900000000002365,0.0666,876.211,3023.5609999999997,1.8161,1.0,1.0,0.2898
2026-01-21 06:00:00,2992.18,2994.0,2991.25,2993.99,1714.787,5132259.7466400005,1109.822,604.965,1.8345,1.8099999999999454,0.0605,504.85699999999986,1714.7869999999998,1.8345,1.0,1.0,0.2944
2026-01-21 06:05:00,2993.99,2997.7,2993.63,2995.91,6662.700999999999,19953591.83788,5577.483,1085.218,5.1395,1.9200000000000728,0.0641,4492.265,6662.701,5.1395,1.0,1.0,0.6742
2026-01-21 06:10:00,2995.91,2996.27,2993.66,2995.79,1947.6490000000001,5832860.77049,747.591,1200.058,0.623,-0.11999999999989086,-0.004,-452.467,1947.649,0.623,1.0,1.0,-0.2323
2026-01-21 06:15:00,2995.79,2996.29,2993.9,2994.45,1347.4589999999998,4035078.9771999996,865.906,481.553,1.7982,-1.3400000000001455,-0.0447,384.35299999999995,1347.4589999999998,1.7982,1.0,1.0,0.2852
2026-01-21 06:20:00,2994.45,2995.0,2988.52,2988.52,3275.599,9800433.91195,1633.451,1642.148,0.9947,-5.929999999999836,-0.198,-8.696999999999889,3275.599,0.9947,1.0,1.0,-0.0027
2026-01-21 06:25:00,2988.52,2988.53,2980.2,2984.71,9516.767,28400791.173609998,2705.537,6811.23,0.3972,-3.8099999999999454,-0.1275,-4105.692999999999,9516.767,0.3972,1.0,1.0,-0.4314
2026-01-21 06:30:00,2984.71,2985.31,2891.0,2934.45,205787.42,604826952.9173701,65669.113,140118.307,0.4687,-50.26000000000022,-1.6839,-74449.194,205787.41999999998,0.4687,1.0,1.0,-0.3618
2026-01-21 06:35:00,2934.45,2953.83,2930.19,2943.96,40898.142,120327589.15531,16432.173,24465.969,0.6716,9.510000000000218,0.3241,-8033.796000000002,40898.142,0.6716,1.0,1.0,-0.1964
2026-01-21 06:40:00,2943.97,2951.75,2938.25,2946.03,17072.176,50279677.57494,7528.089,9544.087,0.7888,2.0600000000004,0.07,-2015.9979999999996,17072.176,0.7888,1.0,1.0,-0.1181
2026-01-21 06:45:00,2946.03,2949.81,2936.43,2945.13,12413.384,36532685.57877,5287.464,7125.92,0.742,-0.900000000000091,-0.0305,-1838.4560000000001,12413.384,0.742,1.0,1.0,-0.1481
2026-01-21 06:50:00,2945.12,2948.12,2939.22,2945.56,11367.98,33465372.67397,6740.059,4627.921,1.4564,0.44000000000005457,0.0149,2112.138,11367.98,1.4564,1.0,1.0,0.1858
2026-01-21 06:55:00,2945.56,2950.35,2944.43,2949.97,5800.852,17101863.90664,3403.246,2397.606,1.4194,4.4099999999998545,0.1497,1005.6399999999999,5800.852000000001,1.4194,1.0,1.0,0.1734
2026-01-21 07:00:00,2949.97,2951.17,2937.0,2937.91,18408.184999999998,54179670.049100004,8359.786,10048.399,0.832,-12.059999999999945,-0.4088,-1688.6129999999994,18408.184999999998,0.832,1.0,1.0,-0.0917
2026-01-21 07:05:00,2937.92,2942.8,2933.83,2940.17,15428.287,45345259.6781,7794.794,7633.493,1.0211,2.25,0.0766,161.30099999999948,15428.287,1.0211,1.0,1.0,0.0105
2026-01-21 07:10:00,2940.18,2944.59,2940.0,2941.66,12385.118,36436850.76787,6166.111,6219.007,0.9915,1.4800000000000182,0.0503,-52.89599999999973,12385.117999999999,0.9915,1.0,1.0,-0.0043
2026-01-21 07:15:00,2941.66,2943.82,2927.0,2933.38,20411.822,59893362.3752,7200.564,13211.258,0.545,-8.279999999999745,-0.2815,-6010.6939999999995,20411.822,0.545,1.0,1.0,-0.2945
2026-01-21 07:20:00,2933.38,2944.16,2931.0,2940.67,13187.463,38739294.16275,6964.242,6223.221,1.1191,7.289999999999964,0.2485,741.0210000000006,13187.463,1.1191,1.0,1.0,0.0562
2026-01-21 07:25:00,2940.67,2941.28,2933.48,2938.49,6821.268,20043547.19827,2999.744,3821.524,0.785,-2.180000000000291,-0.0741,-821.7799999999997,6821.268,0.785,1.0,1.0,-0.1205
2026-01-21 07:30:00,2938.49,2947.86,2938.49,2946.6,11433.853,33669305.75294,7124.48,4309.373,1.6533,8.110000000000127,0.276,2815.107,11433.853,1.6533,1.0,1.0,0.2462
2026-01-21 07:35:00,2946.6,2948.8,2943.37,2944.94,5260.008,15496945.08147,3073.348,2186.66,1.4055,-1.6599999999998545,-0.0563,886.6880000000001,5260.008,1.4055,1.0,1.0,0.1686
2026-01-21 07:40:00,2944.95,2946.45,2940.0,2942.57,6570.942,19338475.92657,2929.425,3641.517,0.8045,-2.3799999999996544,-0.0808,-712.0919999999996,6570.942,0.8045,1.0,1.0,-0.1084
2026-01-21 07:45:00,2942.58,2944.01,2931.72,2933.49,9686.4,28448826.29219,5049.06,4637.34,1.0888,-9.090000000000146,-0.3089,411.72000000000025,9686.400000000001,1.0888,1.0,1.0,0.0425
2026-01-21 07:50:00,2933.49,2937.55,2932.5,2937.55,7265.609,21324726.6063,5428.177,1837.432,2.9542,4.0600000000004,0.1384,3590.745,7265.6089999999995,2.9542,1.0,1.0,0.4942
2026-01-21 07:55:00,2937.55,2940.0,2936.16,2938.28,8017.302,23561139.30355,5616.578,2400.724,2.3395,0.7300000000000182,0.0249,3215.8540000000003,8017.302000000001,2.3395,1.0,1.0,0.4011
2026-01-21 08:00:00,2938.29,2948.0,2936.5,2944.99,9794.077,28818787.7192,5890.637,3903.44,1.5091,6.699999999999818,0.228,1987.1969999999997,9794.077,1.5091,1.0,1.0,0.2029
2026-01-21 08:05:00,2945.0,2945.56,2937.07,2939.25,5304.412,15600123.446080001,2438.573,2865.839,0.8509,-5.75,-0.1952,-427.2660000000001,5304.412,0.8509,1.0,1.0,-0.0805
2026-01-21 08:10:00,2939.24,2939.6,2932.17,2934.34,6086.291,17867142.73956,3436.263,2650.028,1.2967,-4.899999999999636,-0.1667,786.2350000000001,6086.290999999999,1.2967,1.0,1.0,0.1292
2026-01-21 08:15:00,2934.34,2936.41,2923.16,2929.01,19268.754,56446361.36247,8157.213,11111.541,0.7341,-5.329999999999927,-0.1816,-2954.3279999999995,19268.754,0.7341,1.0,1.0,-0.1533
2026-01-21 08:20:00,2929.01,2929.07,2919.59,2927.58,17127.589,50092462.25577,7576.15,9551.439,0.7932,-1.430000000000291,-0.0488,-1975.2890000000007,17127.589,0.7932,1.0,1.0,-0.1153
2026-01-21 08:25:00,2927.57,2938.27,2925.37,2936.41,9962.576000000001,29219976.431450002,5483.621,4478.955,1.2243,8.83999999999969,0.302,1004.6660000000002,9962.576000000001,1.2243,1.0,1.0,0.1008
2026-01-21 08:30:00,2936.41,2936.95,2933.01,2935.2,4322.143,12687507.18391,2026.51,2295.633,0.8828,-1.2100000000000364,-0.0412,-269.1229999999998,4322.143,0.8828,1.0,1.0,-0.0623
2026-01-21 08:35:00,2935.21,2955.95,2935.21,2953.49,27575.307,81303938.58035,16829.042,10746.265,1.566,18.279999999999745,0.6228,6082.777000000002,27575.307,1.566,1.0,1.0,0.2206
2026-01-21 08:40:00,2953.49,2953.5,2947.69,2950.01,10499.22,30974919.50259,5620.982,4878.238,1.1523,-3.4799999999995634,-0.1178,742.7439999999997,10499.220000000001,1.1523,1.0,1.0,0.0707
2026-01-21 08:45:00,2950.01,2958.84,2949.17,2958.17,12347.902,36485271.71275,7834.515,4513.387,1.7358,8.159999999999854,0.2766,3321.1280000000006,12347.902,1.7358,1.0,1.0,0.269
2026-01-21 08:50:00,2958.17,2968.35,2956.73,2963.69,26701.092,79119519.28878,17396.21,9304.882,1.8696,5.519999999999982,0.1866,8091.3279999999995,26701.091999999997,1.8696,1.0,1.0,0.303
2026-01-21 08:55:00,2963.69,2963.7,2958.15,2958.44,7867.971,23292388.84729,3117.091,4750.88,0.6561,-5.25,-0.1771,-1633.7890000000002,7867.971,0.6561,1.0,1.0,-0.2077
2026-01-21 09:00:00,2958.44,2962.8,2955.88,2959.65,8492.771999999999,25128345.34942,4453.545,4039.227,1.1026,1.2100000000000364,0.0409,414.3180000000002,8492.772,1.1026,1.0,1.0,0.0488
2026-01-21 09:05:00,2959.64,2961.0,2953.59,2959.62,5708.816,16881623.6826,2443.745,3265.071,0.7485,-0.01999999999998181,-0.0007,-821.326,5708.816,0.7485,1.0,1.0,-0.1439
2026-01-21 09:10:00,2959.62,2967.93,2959.62,2965.72,9440.787,27998673.10047,6127.789,3312.998,1.8496,6.099999999999909,0.2061,2814.7909999999997,9440.787,1.8496,1.0,1.0,0.2982
2026-01-21 09:15:00,2965.72,2971.45,2963.76,2965.4,10899.777,32346384.30933,5238.485,5661.292,0.9253,-0.31999999999970896,-0.0108,-422.8070000000007,10899.777,0.9253,1.0,1.0,-0.0388
2026-01-21 09:20:00,2965.39,2967.0,2958.11,2964.07,12077.758,35775788.195250005,7241.72,4836.038,1.4974,-1.319999999999709,-0.0445,2405.6820000000007,12077.758,1.4974,1.0,1.0,0.1992
2026-01-21 09:25:00,2964.06,2966.73,2960.92,2965.65,4228.412,12531237.88965,2483.379,1745.033,1.4231,1.5900000000001455,0.0536,738.346,4228.412,1.4231,1.0,1.0,0.1746
2026-01-21 09:30:00,2965.65,2966.0,2962.45,2965.35,4612.125,13672805.91149,2383.713,2228.412,1.0697,-0.3000000000001819,-0.0101,155.30100000000039,4612.125,1.0697,1.0,1.0,0.0337
2026-01-21 09:35:00,2965.34,2969.79,2964.45,2968.87,7759.463,23018014.25979,4473.346,3286.117,1.3613,3.5299999999997453,0.119,1187.2289999999994,7759.463,1.3613,1.0,1.0,0.153
2026-01-21 09:40:00,2968.87,2973.78,2964.58,2965.98,12166.339,36122726.01683,5797.146,6369.193,0.9102,-2.8899999999998727,-0.0973,-572.0470000000005,12166.339,0.9102,1.0,1.0,-0.047
2026-01-21 09:45:00,2965.98,2970.33,2962.39,2969.61,4081.279,12107871.735720001,1897.546,2183.733,0.8689,3.630000000000109,0.1224,-286.1870000000001,4081.2790000000005,0.8689,1.0,1.0,-0.0701
2026-01-21 09:50:00,2969.6,2972.4,2966.82,2967.0,4508.486,13387802.23255,1960.822,2547.664,0.7697,-2.599999999999909,-0.0876,-586.8420000000003,4508.486,0.7697,1.0,1.0,-0.1302
2026-01-21 09:55:00,2967.0,2967.01,2962.73,2963.41,4074.893,12083478.889460001,1634.739,2440.154,0.6699,-3.5900000000001455,-0.121,-805.415,4074.893,0.6699,1.0,1.0,-0.1977
2026-01-21 10:00:00,2963.41,2972.44,2963.4,2968.43,5379.342000000001,15965506.424870001,3731.749,1647.593,2.265,5.019999999999982,0.1694,2084.156,5379.342,2.265,1.0,1.0,0.3874
2026-01-21 10:05:00,2968.42,2973.81,2968.31,2970.0,7182.112999999999,21338354.41661,3417.601,3764.512,0.9078,1.5799999999999272,0.0532,-346.91100000000006,7182.113,0.9078,1.0,1.0,-0.0483
2026-01-21 10:10:00,2970.0,2972.4,2967.81,2971.43,4475.211,13291821.30599,2255.51,2219.701,1.0161,1.4299999999998363,0.0481,35.8090000000002,4475.211,1.0161,1.0,1.0,0.008
2026-01-21 10:15:00,2971.43,2972.49,2968.0,2969.58,2311.4120000000003,6865448.04882,1152.344,1159.068,0.9942,-1.849999999999909,-0.0623,-6.723999999999933,2311.4120000000003,0.9942,1.0,1.0,-0.0029
2026-01-21 10:20:00,2969.57,2972.06,2966.62,2968.88,4193.3099999999995,12453566.57496,2530.409,1662.901,1.5217,-0.6900000000000546,-0.0232,867.508,4193.31,1.5217,1.0,1.0,0.2069
2026-01-21 10:25:00,2968.88,2972.15,2962.33,2963.33,8390.703,24893185.61507,4463.079,3927.624,1.1363,-5.550000000000182,-0.1869,535.4549999999999,8390.703,1.1363,1.0,1.0,0.0638
2026-01-21 10:30:00,2963.34,2964.0,2958.55,2958.83,7386.494,21868424.574500002,3215.981,4170.513,0.7711,-4.510000000000218,-0.1522,-954.5319999999997,7386.494000000001,0.7711,1.0,1.0,-0.1292
2026-01-21 10:35:00,2958.84,2959.95,2956.11,2958.69,7563.763,22372088.70577,3147.51,4416.253,0.7127,-0.15000000000009095,-0.0051,-1268.7429999999995,7563.763,0.7127,1.0,1.0,-0.1677
2026-01-21 10:40:00,2958.69,2966.66,2958.69,2962.45,5602.127,16598165.98642,3081.953,2520.174,1.2229,3.7599999999997635,0.1271,561.779,5602.127,1.2229,1.0,1.0,0.1003
2026-01-21 10:45:00,2962.45,2965.33,2962.24,2962.91,2606.475,7724567.28121,1114.901,1491.574,0.7475,0.4600000000000364,0.0155,-376.673,2606.4750000000004,0.7475,1.0,1.0,-0.1445
2026-01-21 10:50:00,2962.9,2964.15,2959.65,2963.75,3250.7309999999998,9628427.26057,1819.188,1431.543,1.2708,0.849999999999909,0.0287,387.6450000000002,3250.7309999999998,1.2708,1.0,1.0,0.1192
2026-01-21 10:55:00,2963.75,2965.67,2958.6,2960.09,3484.51,10319436.54904,1441.362,2043.148,0.7055,-3.6599999999998545,-0.1235,-601.7859999999998,3484.51,0.7055,1.0,1.0,-0.1727
2026-01-21 11:00:00,2960.08,2966.01,2959.13,2966.0,3259.041,9656952.02723,2389.132,869.909,2.7464,5.920000000000073,0.2,1519.223,3259.041,2.7464,1.0,1.0,0.4662
2026-01-21 11:05:00,2966.01,2968.53,2963.55,2967.95,3763.9719999999998,11166605.02629,1805.413,1958.559,0.9218,1.9399999999995998,0.0654,-153.14599999999996,3763.9719999999998,0.9218,1.0,1.0,-0.0407
2026-01-21 11:10:00,2967.94,2969.76,2963.13,2968.4,4354.942,12918731.82494,1581.396,2773.546,0.5702,0.4600000000000364,0.0155,-1192.1499999999999,4354.942,0.5702,1.0,1.0,-0.2737
2026-01-21 11:15:00,2968.4,2970.24,2967.2,2969.44,4759.901,14132028.90483,2062.718,2697.183,0.7648,1.0399999999999636,0.035,-634.4650000000001,4759.901,0.7648,1.0,1.0,-0.1333
2026-01-21 11:20:00,2969.43,2973.33,2968.53,2970.49,5652.967000000001,16797544.74883,2922.968,2729.999,1.0707,1.0599999999999454,0.0357,192.96900000000005,5652.967,1.0707,1.0,1.0,0.0341
2026-01-21 11:25:00,2970.49,2971.44,2967.86,2969.9,2551.953,7578653.3365400005,1024.463,1527.49,0.6707,-0.5899999999996908,-0.0199,-503.02700000000004,2551.953,0.6707,1.0,1.0,-0.1971
2026-01-21 11:30:00,2969.9,2972.57,2968.16,2971.95,3937.104,11693399.12527,2154.544,1782.56,1.2087,2.049999999999727,0.069,371.9839999999999,3937.104,1.2087,1.0,1.0,0.0945
2026-01-21 11:35:00,2971.95,2978.55,2971.6,2975.2,14877.426,44258962.85782,12027.479,2849.947,4.2202,3.25,0.1094,9177.532,14877.426,4.2202,1.0,1.0,0.6169
2026-01-21 11:40:00,2975.21,2983.47,2974.89,2981.27,20362.874,60689082.53756,15083.238,5279.636,2.8569,6.059999999999945,0.2037,9803.601999999999,20362.874,2.8569,1.0,1.0,0.4814
2026-01-21 11:45:00,2981.28,2981.49,2978.32,2980.77,7460.6630000000005,22231934.85404,4379.637,3081.026,1.4215,-0.5100000000002183,-0.0171,1298.6109999999999,7460.663,1.4215,1.0,1.0,0.1741
2026-01-21 11:50:00,2980.78,2982.63,2976.23,2980.9,9050.173,26962964.57017,3090.999,5959.174,0.5187,0.11999999999989086,0.004,-2868.175,9050.172999999999,0.5187,1.0,1.0,-0.3169
2026-01-21 11:55:00,2980.9,2982.04,2979.22,2980.34,5395.448,16083623.32513,2535.183,2860.265,0.8863,-0.5599999999999454,-0.0188,-325.0819999999999,5395.448,0.8863,1.0,1.0,-0.0603
2026-01-21 12:00:00,2980.34,2984.02,2979.41,2983.63,6776.32,20208086.85491,3941.529,2834.791,1.3904,3.2899999999999636,0.1104,1106.7379999999998,6776.32,1.3904,1.0,1.0,0.1633
2026-01-21 12:05:00,2983.64,2984.46,2979.35,2980.42,4667.577,13918908.986370001,1594.499,3073.078,0.5189,-3.2199999999998,-0.1079,-1478.579,4667.577,0.5189,1.0,1.0,-0.3168
2026-01-21 12:10:00,2980.42,2981.11,2974.09,2974.7,9894.73,29465118.32562,1315.784,8578.946,0.1534,-5.720000000000255,-0.1919,-7263.162,9894.73,0.1534,1.0,1.0,-0.734
2026-01-21 12:15:00,2974.71,2977.0,2973.2,2977.0,4773.17,14197859.38272,1865.836,2907.334,0.6418,2.2899999999999636,0.077,-1041.4979999999998,4773.17,0.6418,1.0,1.0,-0.2182
2026-01-21 12:20:00,2977.0,2981.9,2976.99,2980.71,3808.309,11349755.13555,2081.097,1727.212,1.2049,3.7100000000000364,0.1246,353.8850000000002,3808.309,1.2049,1.0,1.0,0.0929
2026-01-21 12:25:00,2980.72,2981.32,2979.45,2980.45,1564.9070000000002,4663824.53696,606.118,958.789,0.6322,-0.2699999999999818,-0.0091,-352.67099999999994,1564.9070000000002,0.6322,1.0,1.0,-0.2254
2026-01-21 12:30:00,2980.46,2980.8,2976.06,2977.31,2610.0480000000002,7774040.33541,711.99,1898.058,0.3751,-3.150000000000091,-0.1057,-1186.068,2610.048,0.3751,1.0,1.0,-0.4544
2026-01-21 12:35:00,2977.31,2980.99,2977.31,2979.99,1873.319,5580647.83,1192.443,680.876,1.7513,2.6799999999998363,0.09,511.567,1873.319,1.7513,1.0,1.0,0.2731
2026-01-21 12:40:00,2980.0,2983.2,2979.85,2982.55,3502.1549999999997,10441178.632989999,2093.762,1408.393,1.4866,2.550000000000182,0.0856,685.3690000000001,3502.155,1.4866,1.0,1.0,0.1957
2026-01-21 12:45:00,2982.55,2984.41,2981.58,2983.4,6244.983,18629939.24274,3828.099,2416.884,1.5839,0.849999999999909,0.0285,1411.2150000000001,6244.983,1.5839,1.0,1.0,0.226
2026-01-21 12:50:00,2983.4,2983.41,2980.27,2980.41,2419.283,7213703.88184,540.974,1878.309,0.288,-2.9900000000002365,-0.1002,-1337.335,2419.283,0.288,1.0,1.0,-0.5528
2026-01-21 12:55:00,2980.41,2980.42,2976.47,2977.66,6636.272999999999,19766116.987099998,1175.138,5461.135,0.2152,-2.75,-0.0923,-4285.997,6636.273,0.2152,1.0,1.0,-0.6458
2026-01-21 13:00:00,2977.65,2979.0,2977.15,2979.0,2634.432,7845563.95483,1342.976,1291.456,1.0399,1.349999999999909,0.0453,51.52000000000021,2634.432,1.0399,1.0,1.0,0.0196
2026-01-21 13:05:00,2978.99,2981.59,2976.08,2979.16,7943.572,23663352.532700002,5511.789,2431.783,2.2666,0.17000000000007276,0.0057,3080.006,7943.572,2.2666,1.0,1.0,0.3877
2026-01-21 13:10:00,2979.16,2981.85,2977.32,2981.56,2427.6369999999997,7232960.33464,917.174,1510.463,0.6072,2.400000000000091,0.0806,-593.289,2427.6369999999997,0.6072,1.0,1.0,-0.2444
2026-01-21 13:15:00,2981.56,2983.24,2979.78,2982.5,3110.173,9274571.923640002,1730.566,1379.607,1.2544,0.9400000000000546,0.0315,350.95900000000006,3110.173,1.2544,1.0,1.0,0.1128
2026-01-21 13:20:00,2982.5,2983.85,2980.5,2980.51,3636.416,10844426.20879,1738.379,1898.037,0.9159,-1.9899999999997817,-0.0667,-159.65800000000013,3636.416,0.9159,1.0,1.0,-0.0439
2026-01-21 13:25:00,2980.5,2981.79,2978.7,2981.65,1475.723,4398341.15387,764.504,711.219,1.0749,1.150000000000091,0.0386,53.28499999999997,1475.723,1.0749,1.0,1.0,0.0361
2026-01-21 13:30:00,2981.65,2990.8,2981.65,2987.75,26818.722,80136205.74546,20930.791,5887.931,3.5549,6.099999999999909,0.2046,15042.86,26818.722,3.5549,1.0,1.0,0.5609
2026-01-21 13:35:00,2987.75,2994.5,2986.56,2990.8,27860.467,83322187.81818,16642.566,11217.901,1.4836,3.050000000000182,0.1021,5424.664999999999,27860.466999999997,1.4836,1.0,1.0,0.1947
2026-01-21 13:40:00,2990.81,2995.64,2990.03,2994.84,11596.098,34717117.00086,6206.002,5390.096,1.1514,4.0300000000002,0.1347,815.9060000000009,11596.098,1.1514,1.0,1.0,0.0704
2026-01-21 13:45:00,2994.84,3000.77,2992.66,2995.0,24589.249000000003,73694230.5821,12255.286,12333.963,0.9936,0.15999999999985448,0.0053,-78.67699999999968,24589.249,0.9936,1.0,1.0,-0.0032
2026-01-21 13:50:00,2995.01,2995.01,2992.0,2993.74,8713.869,26083063.84146,3798.77,4915.099,0.7729,-1.2700000000004366,-0.0424,-1116.3290000000002,8713.869,0.7729,1.0,1.0,-0.1281
2026-01-21 13:55:00,2993.73,2994.53,2989.32,2991.0,10040.399,30034381.33566,5012.264,5028.135,0.9968,-2.730000000000018,-0.0912,-15.871000000000095,10040.399000000001,0.9968,1.0,1.0,-0.0016
2026-01-21 14:00:00,2990.99,2991.0,2986.35,2990.48,7047.031,21059524.69539,2821.684,4225.347,0.6678,-0.5099999999997635,-0.0171,-1403.6629999999996,7047.031,0.6678,1.0,1.0,-0.1992
2026-01-21 14:05:00,2990.48,2991.32,2988.3,2989.54,4029.341,12047326.39559,2129.625,1899.716,1.121,-0.9400000000000546,-0.0314,229.9090000000001,4029.341,1.121,1.0,1.0,0.0571
2026-01-21 14:10:00,2989.54,2991.82,2988.56,2989.7,4986.848,14911066.515390001,1767.421,3219.427,0.549,0.15999999999985448,0.0054,-1452.006,4986.848,0.549,1.0,1.0,-0.2912
2026-01-21 14:15:00,2989.7,2990.0,2987.46,2988.8,4449.161,13299388.53131,1981.973,2467.188,0.8033,-0.8999999999996362,-0.0301,-485.21500000000015,4449.161,0.8033,1.0,1.0,-0.1091
2026-01-21 14:20:00,2988.79,2992.0,2987.52,2992.0,4131.839,12353412.190960001,2421.418,1710.421,1.4157,3.2100000000000364,0.1074,710.9970000000001,4131.839,1.4157,1.0,1.0,0.1721
2026-01-21 14:25:00,2991.99,2992.0,2988.5,2988.8,2860.7780000000002,8553982.879549999,1880.594,980.184,1.9186,-3.1899999999996,-0.1066,900.4100000000001,2860.7780000000002,1.9186,1.0,1.0,0.3147
2026-01-21 14:30:00,2988.8,2988.81,2984.56,2984.57,8750.452000000001,26130342.35087,2380.855,6369.597,0.3738,-4.230000000000018,-0.1415,-3988.7419999999997,8750.452,0.3738,1.0,1.0,-0.4558
2026-01-21 14:35:00,2984.56,2984.57,2981.28,2981.89,9102.957,27150761.68868,3685.268,5417.689,0.6802,-2.6700000000000728,-0.0895,-1732.4210000000003,9102.957,0.6802,1.0,1.0,-0.1903
2026-01-21 14:40:00,2981.88,2982.31,2977.97,2980.23,17828.241,53134486.47082,8269.872,9558.369,0.8652,-1.650000000000091,-0.0553,-1288.4970000000012,17828.241,0.8652,1.0,1.0,-0.0723
2026-01-21 14:45:00,2980.23,2980.23,2973.37,2977.21,18713.946,55693841.05615,8057.137,10656.809,0.7561,-3.019999999999982,-0.1013,-2599.6719999999996,18713.946,0.7561,1.0,1.0,-0.1389
2026-01-21 14:50:00,2977.22,2977.22,2973.34,2975.72,4994.983,14860438.32147,2210.203,2784.78,0.7937,-1.5,-0.0504,-574.5770000000002,4994.983,0.7937,1.0,1.0,-0.115
2026-01-21 14:55:00,2975.72,2978.84,2975.15,2978.56,4972.339,14802399.12349,3708.933,1263.406,2.9357,2.8400000000001455,0.0954,2445.527,4972.339,2.9357,1.0,1.0,0.4918
2026-01-21 15:00:00,2978.56,2982.87,2973.61,2982.2,6961.116,20739158.33632,3714.437,3246.679,1.1441,3.6399999999998727,0.1222,467.7579999999998,6961.116,1.1441,1.0,1.0,0.0672
2026-01-21 15:05:00,2982.2,2984.0,2980.77,2982.28,4617.764,13775256.96899,2316.372,2301.392,1.0065,0.08000000000038199,0.0027,14.980000000000018,4617.763999999999,1.0065,1.0,1.0,0.0032
2026-01-21 15:10:00,2982.28,2982.28,2971.02,2972.92,9116.57,27119320.31656,2896.418,6220.152,0.4657,-9.360000000000127,-0.3139,-3323.734,9116.57,0.4657,1.0,1.0,-0.3646
2026-01-21 15:15:00,2972.93,2976.0,2972.92,2974.67,3479.679,10349486.608450001,1793.93,1685.749,1.0642,1.7400000000002365,0.0585,108.18100000000004,3479.679,1.0642,1.0,1.0,0.0311
2026-01-21 15:20:00,2974.67,2977.35,2974.66,2976.58,4227.593,12581018.7993,2047.795,2179.798,0.9394,1.9099999999998545,0.0642,-132.0029999999997,4227.593,0.9394,1.0,1.0,-0.0312
2026-01-21 15:25:00,2976.59,2981.55,2976.54,2980.85,2910.343,8669470.91992,1960.099,950.244,2.0627,4.2599999999997635,0.1431,1009.8549999999999,2910.343,2.0627,1.0,1.0,0.347
2026-01-21 15:30:00,2980.84,2980.84,2971.0,2971.24,6925.023,20605060.09555,2651.414,4273.609,0.6204,-9.600000000000364,-0.3221,-1622.1950000000002,6925.023000000001,0.6204,1.0,1.0,-0.2343
2026-01-21 15:35:00,2971.25,2972.28,2965.0,2966.01,21911.743,65023752.42699,5357.294,16554.449,0.3236,-5.239999999999782,-0.1764,-11197.155,21911.743000000002,0.3236,1.0,1.0,-0.511
2026-01-21 15:40:00,2966.01,2970.03,2965.51,2969.39,7617.165,22606075.52969,4386.438,3230.727,1.3577,3.3799999999996544,0.114,1155.7110000000002,7617.165,1.3577,1.0,1.0,0.1517
2026-01-21 15:45:00,2969.39,2971.69,2966.23,2970.38,6533.061,19396058.69578,4495.359,2037.702,2.2061,0.9900000000002365,0.0333,2457.657,6533.061000000001,2.2061,1.0,1.0,0.3762
2026-01-21 15:50:00,2970.37,2971.77,2966.36,2966.37,3366.951,9998526.19056,1325.732,2041.219,0.6495,-4.0,-0.1347,-715.4870000000001,3366.951,0.6495,1.0,1.0,-0.2125
2026-01-21 15:55:00,2966.37,2969.62,2964.14,2968.65,9057.167000000001,26868546.38322,4545.078,4512.089,1.0073,2.2800000000002,0.0769,32.98900000000049,9057.167000000001,1.0073,1.0,1.0,0.0036
2026-01-21 16:00:00,2968.64,2968.99,2965.0,2966.73,5353.51,15883749.09666,2245.222,3108.288,0.7223,-1.9099999999998545,-0.0643,-863.0659999999998,5353.51,0.7223,1.0,1.0,-0.1612
2026-01-21 16:05:00,2966.73,2968.87,2960.5,2967.43,10465.509,31024658.00933,4465.784,5999.725,0.7443,0.6999999999998181,0.0236,-1533.9410000000007,10465.509,0.7443,1.0,1.0,-0.1466
2026-01-21 16:10:00,2967.44,2968.6,2961.85,2961.85,5712.72,16950128.29571,3262.919,2449.801,1.3319,-5.5900000000001455,-0.1884,813.1179999999999,5712.719999999999,1.3319,1.0,1.0,0.1423
2026-01-21 16:15:00,2961.85,2968.0,2961.85,2968.0,4644.451,13773315.22281,2508.363,2136.088,1.1743,6.150000000000091,0.2076,372.27499999999964,4644.451,1.1743,1.0,1.0,0.0802
2026-01-21 16:20:00,2967.99,2973.02,2967.89,2968.61,6497.579,19297307.607189998,4908.011,1589.568,3.0876,0.6200000000003456,0.0209,3318.443,6497.579000000001,3.0876,1.0,1.0,0.5107
2026-01-21 16:25:00,2968.61,2968.86,2965.13,2965.14,2596.739,7704040.59288,1502.615,1094.124,1.3733,-3.4700000000002547,-0.1169,408.491,2596.739,1.3733,1.0,1.0,0.1573
2026-01-21 16:30:00,2965.14,2969.63,2964.44,2968.57,4089.7529999999997,12135815.97145,2754.977,1334.776,2.064,3.430000000000291,0.1157,1420.2009999999998,4089.7529999999997,2.064,1.0,1.0,0.3473
2026-01-21 16:35:00,2968.57,2968.57,2953.53,2958.6,26027.606,77003196.59071,8074.951,17952.655,0.4498,-9.970000000000255,-0.3359,-9877.703999999998,26027.606,0.4498,1.0,1.0,-0.3795
2026-01-21 16:40:00,2958.6,2960.76,2955.32,2957.65,10613.561,31394403.23971,5128.826,5484.735,0.9351,-0.9499999999998181,-0.0321,-355.90899999999965,10613.561,0.9351,1.0,1.0,-0.0335
2026-01-21 16:45:00,2957.65,2960.34,2957.0,2959.27,5656.789,16735847.60008,2737.825,2918.964,0.9379,1.6199999999998909,0.0548,-181.13900000000012,5656.789,0.9379,1.0,1.0,-0.032
2026-01-21 16:50:00,2959.26,2960.72,2958.43,2959.81,3782.611,11195067.87617,2284.449,1498.162,1.5248,0.5499999999997272,0.0186,786.287,3782.611,1.5248,1.0,1.0,0.2079
2026-01-21 16:55:00,2959.81,2965.56,2958.7,2963.75,7779.907999999999,23045420.94597,5888.654,1891.254,3.1136,3.9400000000000546,0.1331,3997.4000000000005,7779.908,3.1136,1.0,1.0,0.5138
2026-01-21 17:00:00,2963.75,2968.0,2963.2,2966.82,5132.7119999999995,15222221.92164,3649.203,1483.509,2.4598,3.0700000000001637,0.1036,2165.694,5132.7119999999995,2.4598,1.0,1.0,0.4219
2026-01-21 17:05:00,2966.83,2968.48,2961.81,2966.45,5136.748,15228876.82834,1826.762,3309.986,0.5519,-0.38000000000010914,-0.0128,-1483.224,5136.748,0.5519,1.0,1.0,-0.2887
2026-01-21 17:10:00,2966.45,2968.0,2966.03,2966.81,2474.478,7341371.2435800005,1337.595,1136.883,1.1765,0.36000000000012733,0.0121,200.712,2474.478,1.1765,1.0,1.0,0.0811
2026-01-21 17:15:00,2966.81,2971.18,2966.8,2970.27,6526.371,19377940.03945,4482.739,2043.632,2.1935,3.4600000000000364,0.1166,2439.1069999999995,6526.370999999999,2.1935,1.0,1.0,0.3737
2026-01-21 17:20:00,2970.28,2971.5,2968.29,2969.95,5247.146,15582521.101440001,2011.491,3235.655,0.6217,-0.330000000000382,-0.0111,-1224.1640000000002,5247.146000000001,0.6217,1.0,1.0,-0.2333
2026-01-21 17:25:00,2969.95,2970.97,2969.0,2969.0,3915.451,11627840.296,2401.932,1513.519,1.587,-0.9499999999998181,-0.032,888.4129999999998,3915.451,1.587,1.0,1.0,0.2269
2026-01-21 17:30:00,2969.01,2971.8,2967.6,2971.25,5040.429,14970381.60272,3330.145,1710.284,1.9471,2.2399999999997817,0.0754,1619.8609999999999,5040.429,1.9471,1.0,1.0,0.3214
2026-01-21 17:35:00,2971.26,2973.69,2968.89,2971.03,7717.85,22934517.49844,5869.756,1848.094,3.1761,-0.2300000000000182,-0.0077,4021.6620000000003,7717.85,3.1761,1.0,1.0,0.5211
2026-01-21 17:40:00,2971.04,2971.3,2965.8,2968.15,3695.081,10969294.2823,1177.177,2517.904,0.4675,-2.8899999999998727,-0.0973,-1340.727,3695.081,0.4675,1.0,1.0,-0.3628
2026-01-21 17:45:00,2968.15,2968.8,2963.53,2963.99,5708.854,16931254.21367,1461.356,4247.498,0.3441,-4.160000000000309,-0.1402,-2786.142,5708.853999999999,0.3441,1.0,1.0,-0.488
2026-01-21 17:50:00,2963.99,2965.51,2956.65,2957.3,7259.714,21499776.57582,2830.213,4429.501,0.6389,-6.6899999999996,-0.2257,-1599.288,7259.714,0.6389,1.0,1.0,-0.2203
2026-01-21 17:55:00,2957.3,2958.83,2947.5,2952.42,28257.703,83433152.30963999,9286.674,18971.029,0.4895,-4.880000000000109,-0.165,-9684.354999999998,28257.703,0.4895,1.0,1.0,-0.3427
2026-01-21 18:00:00,2952.41,2961.86,2950.04,2960.01,19231.804,56819868.682,12828.473,6403.331,2.0034,7.600000000000364,0.2574,6425.142,19231.804,2.0034,1.0,1.0,0.3341
2026-01-21 18:05:00,2960.0,2962.75,2959.0,2960.7,5629.693,16670933.5664,2575.794,3053.899,0.8434,0.6999999999998181,0.0236,-478.105,5629.692999999999,0.8434,1.0,1.0,-0.0849
2026-01-21 18:10:00,2960.71,2962.45,2959.02,2960.9,3900.545,11546613.52158,2473.719,1426.826,1.7337,0.19000000000005457,0.0064,1046.893,3900.545,1.7337,1.0,1.0,0.2684
2026-01-21 18:15:00,2960.9,2964.29,2960.88,2964.21,4860.677,14402021.57387,3092.51,1768.167,1.749,3.3099999999999454,0.1118,1324.3430000000003,4860.677,1.749,1.0,1.0,0.2725
2026-01-21 18:20:00,2964.21,2965.8,2961.23,2963.39,3226.809,9564001.97261,1367.67,1859.139,0.7356,-0.8200000000001637,-0.0277,-491.4689999999998,3226.809,0.7356,1.0,1.0,-0.1523
2026-01-21 18:25:00,2963.39,2963.6,2962.1,2963.47,1928.1750000000002,5713248.96124,985.822,942.353,1.0461,0.07999999999992724,0.0027,43.46900000000005,1928.175,1.0461,1.0,1.0,0.0225
2026-01-21 18:30:00,2963.47,2965.14,2961.7,2963.99,3593.935,10652635.82143,2676.188,917.747,2.916,0.5199999999999818,0.0175,1758.4410000000003,3593.935,2.916,1.0,1.0,0.4893
2026-01-21 18:35:00,2963.99,2966.41,2960.01,2966.41,4989.1720000000005,14782880.46523,3023.48,1965.692,1.5381,2.4200000000000728,0.0816,1057.788,4989.1720000000005,1.5381,1.0,1.0,0.212
2026-01-21 18:40:00,2966.4,2969.02,2965.61,2966.27,4157.954,12338296.513179999,2801.506,1356.448,2.0653,-0.13000000000010914,-0.0044,1445.0579999999998,4157.954,2.0653,1.0,1.0,0.3475
2026-01-21 18:45:00,2966.28,2966.42,2964.29,2966.26,2871.1749999999997,8513422.85636,1396.572,1474.603,0.9471,-0.01999999999998181,-0.0007,-78.03100000000018,2871.175,0.9471,1.0,1.0,-0.0272
2026-01-21 18:50:00,2966.26,2966.42,2963.1,2963.42,1476.906,4378310.11701,615.555,861.351,0.7146,-2.8400000000001455,-0.0957,-245.79600000000005,1476.906,0.7146,1.0,1.0,-0.1664
2026-01-21 18:55:00,2963.41,2963.58,2962.01,2962.11,1716.042,5084162.37128,639.385,1076.657,0.5939,-1.2999999999997272,-0.0439,-437.27199999999993,1716.042,0.5939,1.0,1.0,-0.2548
2026-01-21 19:00:00,2962.11,2962.43,2958.18,2959.81,4345.255,12861133.14798,1872.254,2473.001,0.7571,-2.300000000000182,-0.0776,-600.7470000000003,4345.255,0.7571,1.0,1.0,-0.1383
2026-01-21 19:05:00,2959.81,2963.63,2958.6,2963.63,3374.786,9993484.77532,2251.637,1123.149,2.0048,3.8200000000001637,0.1291,1128.4880000000003,3374.786,2.0048,1.0,1.0,0.3344
2026-01-21 19:10:00,2963.64,2966.72,2963.32,2966.4,3704.193,10984927.71375,2283.029,1421.164,1.6065,2.7600000000002183,0.0931,861.865,3704.193,1.6065,1.0,1.0,0.2327
2026-01-21 19:15:00,2966.39,2969.4,2965.56,2969.4,3733.608,11079450.09114,2516.42,1217.188,2.0674,3.0100000000002183,0.1015,1299.232,3733.608,2.0674,1.0,1.0,0.348
2026-01-21 19:20:00,2969.39,2970.33,2967.39,2968.24,3657.557,10859619.38963,1709.753,1947.804,0.8778,-1.150000000000091,-0.0387,-238.05100000000016,3657.557,0.8778,1.0,1.0,-0.0651
2026-01-21 19:25:00,2968.23,2968.66,2966.4,2967.3,2256.822,6696863.68571,925.993,1330.829,0.6958,-0.9299999999998363,-0.0313,-404.8359999999999,2256.822,0.6958,1.0,1.0,-0.1794
2026-01-21 19:30:00,2967.3,2968.41,2966.45,2966.78,3093.376,9179691.46153,1335.768,1757.608,0.76,-0.5199999999999818,-0.0175,-421.8399999999999,3093.376,0.76,1.0,1.0,-0.1364
2026-01-21 19:35:00,2966.79,2966.79,2963.04,2963.75,2925.158,8671706.9195,1209.615,1715.543,0.7051,-3.0399999999999636,-0.1025,-505.9279999999999,2925.158,0.7051,1.0,1.0,-0.173
2026-01-21 19:40:00,2963.76,2964.37,2960.69,2963.93,2493.023,7385998.40159,1156.741,1336.282,0.8656,0.169999999999618,0.0057,-179.54099999999994,2493.023,0.8656,1.0,1.0,-0.072
2026-01-21 19:45:00,2963.92,2964.8,2957.06,2959.67,5106.858,15116379.433680002,1888.91,3217.948,0.587,-4.25,-0.1434,-1329.0379999999998,5106.858,0.587,1.0,1.0,-0.2602
2026-01-21 19:50:00,2959.68,2959.8,2951.23,2951.36,14710.257,43462780.06405,5625.809,9084.448,0.6193,-8.319999999999709,-0.2811,-3458.639,14710.257000000001,0.6193,1.0,1.0,-0.2351
2026-01-21 19:55:00,2951.36,2952.95,2935.0,2942.19,70872.977,208607307.53206003,27671.902,43201.075,0.6405,-9.170000000000073,-0.3107,-15529.172999999999,70872.977,0.6405,1.0,1.0,-0.2191
2026-01-21 20:00:00,2942.18,2945.41,2935.0,2942.01,26535.555,78051598.39468,11177.59,15357.965,0.7278,-0.169999999999618,-0.0058,-4180.375,26535.555,0.7278,1.0,1.0,-0.1575
2026-01-21 20:05:00,2942.0,2944.75,2930.27,2936.45,27437.4,80603478.77160999,10108.84,17328.56,0.5834,-5.550000000000182,-0.1886,-7219.720000000001,27437.4,0.5834,1.0,1.0,-0.2631
2026-01-21 20:10:00,2936.45,2938.26,2911.97,2920.4,92297.097,269712191.18859,36897.097,55400.0,0.666,-16.049999999999727,-0.5466,-18502.903,92297.09700000001,0.666,1.0,1.0,-0.2005
2026-01-21 20:15:00,2920.41,2921.16,2903.27,2912.11,72785.158,211965993.84807,35555.063,37230.095,0.955,-8.299999999999727,-0.2842,-1675.0319999999992,72785.158,0.955,1.0,1.0,-0.023
2026-01-21 20:20:00,2912.11,2917.75,2901.32,2914.3,38960.070999999996,113395337.78731,19884.88,19075.191,1.0424,2.1900000000000546,0.0752,809.6890000000021,38960.070999999996,1.0424,1.0,1.0,0.0208
2026-01-21 20:25:00,2914.3,2914.3,2901.3,2910.25,31683.632,92107323.45083,16799.885,14883.747,1.1287,-4.050000000000182,-0.139,1916.137999999999,31683.631999999998,1.1287,1.0,1.0,0.0605
2026-01-21 20:30:00,2910.25,2913.9,2902.25,2913.12,26074.281,75820803.98944,12214.586,13859.695,0.8813,2.869999999999891,0.0986,-1645.1090000000004,26074.281,0.8813,1.0,1.0,-0.0631
2026-01-21 20:35:00,2913.12,2920.56,2911.3,2919.0,23535.847999999998,68660502.32436,14499.452,9036.396,1.6046,5.880000000000109,0.2018,5463.055999999999,23535.847999999998,1.6046,1.0,1.0,0.2321
2026-01-21 20:40:00,2919.0,2920.89,2916.0,2917.84,10471.807,30558919.99116,4925.114,5546.693,0.8879,-1.1599999999998545,-0.0397,-621.5790000000006,10471.807,0.8879,1.0,1.0,-0.0594
2026-01-21 20:45:00,2917.84,2922.48,2914.74,2922.4,14430.276,42117939.17022,8573.713,5856.563,1.4639,4.559999999999945,0.1563,2717.1499999999996,14430.276,1.4639,1.0,1.0,0.1883
2026-01-21 20:50:00,2922.41,2928.61,2922.41,2928.27,15526.235,45423888.174270004,9920.138,5606.076,1.7695,5.860000000000127,0.2005,4314.062000000001,15526.214,1.7695,1.0,1.0,0.2779
2026-01-21 20:55:00,2928.27,2931.32,2928.0,2930.26,14033.015,41115813.54698,9942.8,4088.884,2.4317,1.9900000000002365,0.068,5853.915999999999,14031.684,2.4317,1.0001,0.9999,0.4172
2026-01-21 21:00:00,2930.25,2939.85,2928.05,2939.14,25103.392,73640603.52685,17347.898,7755.494,2.2369,8.889999999999873,0.3034,9592.404000000002,25103.392,2.2369,1.0,1.0,0.3821
2026-01-21 21:05:00,2939.13,2944.38,2938.35,2940.0,25295.966,74403225.74345,13145.933,12150.033,1.082,0.8699999999998909,0.0296,995.9000000000015,25295.966,1.082,1.0,1.0,0.0394
2026-01-21 21:10:00,2940.0,2944.34,2940.0,2940.27,8966.982,26379819.03776,4724.04,4242.942,1.1134,0.2699999999999818,0.0092,481.09799999999996,8966.982,1.1134,1.0,1.0,0.0537
2026-01-21 21:15:00,2940.26,2941.72,2934.32,2935.44,16537.397,48575893.77149,3183.657,13353.74,0.2384,-4.820000000000164,-0.1639,-10170.082999999999,16537.397,0.2384,1.0,1.0,-0.615
2026-01-21 21:20:00,2935.44,2935.68,2929.2,2929.99,14130.734,41436572.62062,3962.581,10168.153,0.3897,-5.450000000000273,-0.1857,-6205.572,14130.734,0.3897,1.0,1.0,-0.4392
2026-01-21 21:25:00,2930.0,2934.5,2928.29,2932.68,14310.823,41948003.52871,7048.807,7261.988,0.9706,2.6799999999998363,0.0915,-213.1810000000005,14310.795,0.9706,1.0,1.0,-0.0149
2026-01-21 21:30:00,2932.69,2937.32,2924.05,2935.83,21734.256,63651782.53734,10399.478,11334.806,0.9175,3.1399999999998727,0.1071,-935.3280000000013,21734.284,0.9175,1.0,1.0,-0.043
2026-01-21 21:35:00,2935.82,2939.7,2929.15,2931.21,14941.263,43842322.02578,8180.145,6761.118,1.2099,-4.610000000000127,-0.157,1419.027,14941.263,1.2099,1.0,1.0,0.095
2026-01-21 21:40:00,2931.21,2931.76,2925.52,2926.24,8288.084,24271286.83128,2583.451,5704.633,0.4529,-4.970000000000255,-0.1696,-3121.182,8288.083999999999,0.4529,1.0,1.0,-0.3766
2026-01-21 21:45:00,2926.25,2928.19,2918.35,2923.57,15767.778999999999,46092728.59726,5642.618,10125.161,0.5573,-2.6799999999998363,-0.0916,-4482.543,15767.779,0.5573,1.0,1.0,-0.2843
2026-01-21 21:50:00,2923.56,2933.24,2919.74,2930.56,15083.554,44138541.22770999,10648.711,4434.843,2.4011,7.0,0.2394,6213.8679999999995,15083.554,2.4011,1.0,1.0,0.412
2026-01-21 21:55:00,2930.55,2934.55,2926.75,2926.76,12404.505000000001,36361184.687869996,6332.732,6071.773,1.043,-3.7899999999999636,-0.1293,260.95899999999983,12404.505000000001,1.043,1.0,1.0,0.021
2026-01-21 22:00:00,2926.76,2939.81,2923.31,2932.19,25711.525999999998,75325343.87254,11926.307,13785.219,0.8652,5.429999999999836,0.1855,-1858.9119999999984,25711.525999999998,0.8652,1.0,1.0,-0.0723
2026-01-21 22:05:00,2932.2,2956.64,2931.92,2947.92,61949.047,182627048.2288,37713.863,24235.184,1.5562,15.720000000000255,0.5361,13478.678999999996,61949.047,1.5562,1.0,1.0,0.2176
2026-01-21 22:10:00,2947.92,2978.65,2946.51,2972.63,82592.413,244921922.29082,52635.953,29956.46,1.7571,24.710000000000036,0.8382,22679.493000000002,82592.413,1.7571,1.0,1.0,0.2746
2026-01-21 22:15:00,2972.63,2978.56,2966.81,2971.8,46280.894,137594413.46015,19403.629,26877.265,0.7219,-0.8299999999999272,-0.0279,-7473.635999999999,46280.894,0.7219,1.0,1.0,-0.1615
2026-01-21 22:20:00,2971.81,2974.86,2961.11,2974.09,42765.286,127006532.29686001,16772.316,25992.97,0.6453,2.2800000000002,0.0767,-9220.654000000002,42765.286,0.6453,1.0,1.0,-0.2156
2026-01-21 22:25:00,2974.1,2979.58,2963.44,2974.56,26433.392999999996,78518479.2934,15026.838,11406.555,1.3174,0.4600000000000364,0.0155,3620.2829999999994,26433.393,1.3174,1.0,1.0,0.137
2026-01-21 22:30:00,2974.55,2994.44,2972.09,2989.64,90968.866,271553992.72705,49360.233,41608.633,1.1863,15.08999999999969,0.5073,7751.5999999999985,90968.86600000001,1.1863,1.0,1.0,0.0852
2026-01-21 22:35:00,2989.64,2990.0,2971.55,2983.23,39054.36,116388311.79495,15568.828,23485.532,0.6629,-6.4099999999998545,-0.2144,-7916.704,39054.36,0.6629,1.0,1.0,-0.2027
2026-01-21 22:40:00,2983.24,2983.95,2972.0,2975.38,25107.972999999998,74750148.78866,10672.523,14435.45,0.7393,-7.859999999999673,-0.2635,-3762.9270000000015,25107.972999999998,0.7393,1.0,1.0,-0.1499
2026-01-21 22:45:00,2975.38,2985.96,2967.36,2974.72,36430.88,108368327.94193001,19564.407,16866.473,1.16,-0.6600000000003092,-0.0222,2697.9339999999975,36430.880000000005,1.16,1.0,1.0,0.0741
2026-01-21 22:50:00,2974.72,2979.87,2968.76,2978.67,21247.497,63165332.65401,10677.662,10569.835,1.0102,3.950000000000273,0.1328,107.82700000000114,21247.497,1.0102,1.0,1.0,0.0051
2026-01-21 22:55:00,2978.68,2984.99,2974.0,2979.46,20238.413,60324148.30432,9235.621,11002.792,0.8394,0.7800000000002001,0.0262,-1767.1710000000003,20238.413,0.8394,1.0,1.0,-0.0873
2026-01-21 23:00:00,2979.46,2986.0,2973.1,2974.24,23017.789,68612499.54484,11015.399,12002.39,0.9178,-5.220000000000255,-0.1752,-986.991,23017.788999999997,0.9178,1.0,1.0,-0.0429
2026-01-21 23:05:00,2974.24,2996.7,2974.24,2989.54,43906.655,131251601.27566001,27630.044,16276.611,1.6975,15.300000000000182,0.5144,11353.433,43906.655,1.6975,1.0,1.0,0.2586
2026-01-21 23:10:00,2989.54,2996.11,2983.85,2995.49,28111.333,84062605.91533999,11964.71,16146.623,0.741,5.949999999999818,0.199,-4181.9130000000005,28111.333,0.741,1.0,1.0,-0.1488
2026-01-21 23:15:00,2995.48,3026.61,2994.6,3017.66,120835.25099999999,363895564.55595,71151.864,49683.387,1.4321,22.179999999999836,0.7404,21468.477,120835.251,1.4321,1.0,1.0,0.1777
2026-01-21 23:20:00,3017.66,3018.0,2999.07,3005.46,49889.843,149997628.62107,23062.671,26827.172,0.8597,-12.199999999999818,-0.4043,-3764.501,49889.84299999999,0.8597,1.0,1.0,-0.0755
2026-01-21 23:25:00,3005.47,3007.77,2989.7,2990.7,35833.057,107368680.39073999,14008.992,21824.065,0.6419,-14.769999999999982,-0.4914,-7815.0729999999985,35833.057,0.6419,1.0,1.0,-0.2181
2026-01-21 23:30:00,2990.7,2997.07,2984.55,2995.9,33106.636,99013450.55736001,16558.201,16548.435,1.0006,5.200000000000273,0.1739,9.765999999999622,33106.636,1.0006,1.0,1.0,0.0003
2026-01-21 23:35:00,2995.9,2996.23,2978.01,2987.22,37148.717000000004,110923496.80903,13095.328,24053.389,0.5444,-8.680000000000291,-0.2897,-10958.061,37148.717,0.5444,1.0,1.0,-0.295
2026-01-21 23:40:00,2987.23,2991.0,2982.28,2991.0,13458.586,40204222.039400004,8552.851,4905.735,1.7434,3.769999999999982,0.1262,3647.116000000001,13458.586,1.7434,1.0,1.0,0.271
2026-01-21 23:45:00,2990.99,2995.0,2986.26,2992.29,13058.152,39061704.80714,8073.986,4984.166,1.6199,1.300000000000182,0.0435,3089.8199999999997,13058.152,1.6199,1.0,1.0,0.2366
2026-01-21 23:50:00,2992.29,3008.0,2990.89,3001.73,39671.774999999994,119064830.60541,23786.577,15885.198,1.4974,9.440000000000055,0.3155,7901.379000000001,39671.775,1.4974,1.0,1.0,0.1992
2026-01-21 23:55:00,3001.73,3005.33,2999.09,3000.96,8822.711,26484939.376960002,4519.932,4291.369,1.0533,-0.7699999999999818,-0.0257,228.5630000000001,8811.301,1.0533,1.0013,0.9987,0.0259
2026-01-22 00:00:00,3000.97,3004.0,2992.38,2993.21,14724.254,44134108.15496,5703.765,9020.489,0.6323,-7.7599999999997635,-0.2586,-3316.7239999999993,14724.254,0.6323,1.0,1.0,-0.2253
2026-01-22 00:05:00,2993.22,2994.32,2983.45,2986.0,23970.648999999998,71664386.37979999,9938.711,14031.938,0.7083,-7.2199999999998,-0.2412,-4093.2270000000008,23970.648999999998,0.7083,1.0,1.0,-0.1708
2026-01-22 00:10:00,2985.99,2988.98,2980.0,2980.89,11071.755000000001,33052037.00327,4966.842,6104.913,0.8136,-5.099999999999909,-0.1708,-1138.071,11071.755,0.8136,1.0,1.0,-0.1028
2026-01-22 00:15:00,2980.9,2984.48,2973.7,2976.49,30787.122,91684431.20855,13820.148,16966.974,0.8145,-4.410000000000309,-0.1479,-3146.825999999999,30787.121999999996,0.8145,1.0,1.0,-0.1022
2026-01-22 00:20:00,2976.5,2977.02,2946.52,2958.11,91392.81999999999,270682631.41419,35008.094,56384.726,0.6209,-18.389999999999873,-0.6178,-21376.632000000005,91392.82,0.6209,1.0,1.0,-0.2339
2026-01-22 00:25:00,2958.1,2963.89,2950.07,2960.27,26484.873,78331288.53315,15848.76,10636.113,1.4901,2.1700000000000728,0.0734,5212.647000000001,26484.873,1.4901,1.0,1.0,0.1968
2026-01-22 00:30:00,2960.27,2961.78,2941.11,2942.99,39813.354999999996,117513543.87946,17082.37,22730.985,0.7515,-17.2800000000002,-0.5837,-5648.615000000002,39813.354999999996,0.7515,1.0,1.0,-0.1419
2026-01-22 00:35:00,2942.98,2946.15,2917.1,2927.1,88581.02799999999,259543390.02517998,33014.939,55566.089,0.5942,-15.88000000000011,-0.5396,-22551.15,88581.02799999999,0.5942,1.0,1.0,-0.2546
2026-01-22 00:40:00,2927.1,2927.11,2886.0,2887.19,129060.678,374576167.42599,56601.449,72459.229,0.7811,-39.909999999999854,-1.3635,-15857.780000000006,129060.67800000001,0.7811,1.0,1.0,-0.1229
2026-01-22 00:45:00,2887.2,2923.0,2884.0,2919.32,98396.036,285990779.18632,60773.299,37616.274,1.6156,32.120000000000346,1.1125,23157.025,98389.573,1.6156,1.0001,0.9999,0.2354
2026-01-22 00:50:00,2919.31,2919.32,2908.16,2911.45,30862.496,89907708.00576,15842.463,15026.496,1.0543,-7.860000000000127,-0.2692,815.9670000000006,30868.959,1.0543,0.9998,1.0002,0.0264
2026-01-22 00:55:00,2911.44,2913.73,2888.4,2889.9,73541.32,213051227.92553,35259.771,38281.549,0.9211,-21.539999999999964,-0.7398,-3021.7779999999984,73541.32,0.9211,1.0,1.0,-0.0411
2026-01-22 01:00:00,2889.9,2912.57,2889.69,2911.64,53033.714,153944528.2158,30221.778,22811.936,1.3248,21.73999999999978,0.7523,7409.841999999997,53033.714,1.3248,1.0,1.0,0.1397
2026-01-22 01:05:00,2911.65,2912.53,2895.55,2898.68,29787.173,86501959.72377,16793.901,12993.272,1.2925,-12.970000000000255,-0.4455,3800.629000000001,29787.173000000003,1.2925,1.0,1.0,0.1276
2026-01-22 01:10:00,2898.68,2901.61,2866.01,2871.3,101876.19099999999,293430045.64393,36829.235,65046.956,0.5662,-27.379999999999654,-0.9446,-28217.720999999998,101876.19099999999,0.5662,1.0,1.0,-0.277
2026-01-22 01:15:00,2871.3,2898.48,2863.7,2894.12,70486.927,202888748.66992998,38494.518,31992.409,1.2032,22.81999999999971,0.7948,6502.108999999997,70486.927,1.2032,1.0,1.0,0.0922
2026-01-22 01:20:00,2894.12,2898.0,2882.14,2888.92,33121.016,95719119.64905,14221.848,18899.168,0.7525,-5.199999999999818,-0.1797,-4677.3200000000015,33121.016,0.7525,1.0,1.0,-0.1412
2026-01-22 01:25:00,2888.93,2893.42,2881.33,2890.01,20594.15,59484342.149000004,11353.012,9241.138,1.2285,1.080000000000382,0.0374,2111.874,20594.15,1.2285,1.0,1.0,0.1025
2026-01-22 01:30:00,2890.0,2894.07,2873.36,2878.68,34441.451,99270988.55123,17427.74,17013.711,1.0243,-11.320000000000164,-0.3917,414.02900000000227,34441.451,1.0243,1.0,1.0,0.012
2026-01-22 01:35:00,2878.68,2892.0,2873.35,2887.21,28291.909,81565244.3203,13291.269,15000.64,0.886,8.5300000000002,0.2963,-1709.3709999999992,28291.909,0.886,1.0,1.0,-0.0604
2026-01-22 01:40:00,2887.2,2904.37,2887.14,2896.48,28601.965000000004,82847120.16602999,16324.539,12277.426,1.3296,9.2800000000002,0.3214,4047.113000000001,28601.965,1.3296,1.0,1.0,0.1415
2026-01-22 01:45:00,2896.48,2903.0,2891.05,2899.21,15075.092,43674785.696899995,7670.543,7404.549,1.0359,2.730000000000018,0.0943,265.9939999999997,15075.092,1.0359,1.0,1.0,0.0176
2026-01-22 01:50:00,2899.21,2907.0,2895.07,2903.5,20312.104,58924295.75768,11764.429,8547.675,1.3763,4.289999999999964,0.148,3216.754000000001,20312.104,1.3763,1.0,1.0,0.1584
2026-01-22 01:55:00,2903.49,2904.38,2896.67,2901.97,13839.031,40139380.00896,4720.229,9118.802,0.5176,-1.5199999999999818,-0.0524,-4398.572999999999,13839.030999999999,0.5176,1.0,1.0,-0.3178
2026-01-22 02:00:00,2901.96,2904.99,2886.0,2890.34,16294.8,47156841.39924,5687.175,10607.625,0.5361,-11.61999999999989,-0.4004,-4920.45,16294.8,0.5361,1.0,1.0,-0.302
2026-01-22 02:05:00,2890.34,2896.45,2888.46,2891.86,8395.544,24288428.1607,4839.258,3556.286,1.3608,1.5199999999999818,0.0526,1282.9719999999998,8395.544,1.3608,1.0,1.0,0.1528
2026-01-22 02:10:00,2891.85,2913.99,2891.85,2903.34,32476.15,94306105.06400001,18085.63,14390.52,1.2568,11.490000000000236,0.3973,3695.1100000000006,32476.15,1.2568,1.0,1.0,0.1138
2026-01-22 02:15:00,2903.35,2906.26,2899.63,2903.32,12716.295999999998,36905325.93542,5794.322,6921.974,0.8371,-0.02999999999974534,-0.001,-1127.652,12716.296,0.8371,1.0,1.0,-0.0887
2026-01-22 02:20:00,2903.31,2906.65,2899.65,2900.16,6542.909,18992872.76657,3502.613,3040.296,1.1521,-3.150000000000091,-0.1085,462.317,6542.909,1.1521,1.0,1.0,0.0707
2026-01-22 02:25:00,2900.17,2908.63,2900.06,2906.0,11882.065,34505046.75948,3683.982,8198.083,0.4494,5.829999999999927,0.201,-4514.101000000001,11882.065,0.4494,1.0,1.0,-0.3799
2026-01-22 02:30:00,2905.99,2911.95,2902.3,2902.51,12896.932999999999,37491159.58055,6792.322,6104.611,1.1127,-3.4799999999995634,-0.1198,687.7110000000002,12896.933,1.1127,1.0,1.0,0.0533
2026-01-22 02:35:00,2902.5,2911.0,2902.5,2909.57,7401.33,21515106.93183,3858.694,3542.636,1.0892,7.070000000000164,0.2436,316.058,7401.33,1.0892,1.0,1.0,0.0427
2026-01-22 02:40:00,2909.56,2914.99,2905.0,2908.01,15771.16,45883511.64661,8122.021,7649.139,1.0618,-1.5499999999997272,-0.0533,472.8819999999996,15771.16,1.0618,1.0,1.0,0.03
2026-01-22 02:45:00,2908.02,2928.0,2906.78,2925.75,37036.664000000004,108198402.16074,22644.676,14391.988,1.5734,17.730000000000018,0.6097,8252.688,37036.664,1.5734,1.0,1.0,0.2228
2026-01-22 02:50:00,2925.65,2932.5,2923.4,2927.08,18039.108,52813403.59081,10588.261,7450.847,1.4211,1.4299999999998363,0.0489,3137.4140000000007,18039.108,1.4211,1.0,1.0,0.1739
2026-01-22 02:55:00,2927.08,2930.55,2923.19,2925.61,9873.492,28887850.34964,3517.645,6355.847,0.5535,-1.4699999999998,-0.0502,-2838.2019999999998,9873.492,0.5535,1.0,1.0,-0.2875
2026-01-22 03:00:00,2925.62,2932.65,2919.13,2921.28,15589.348,45616754.91902,6573.237,9016.111,0.7291,-4.339999999999691,-0.1483,-2442.8740000000007,15589.348000000002,0.7291,1.0,1.0,-0.1567
2026-01-22 03:05:00,2921.28,2922.13,2914.86,2914.86,13796.476,40260776.25505,5088.613,8707.863,0.5844,-6.420000000000073,-0.2198,-3619.249999999999,13796.475999999999,0.5844,1.0,1.0,-0.2623
2026-01-22 03:10:00,2914.85,2923.55,2914.85,2921.2,7263.257,21205370.02919,4365.711,2897.546,1.5067,6.349999999999909,0.2178,1468.1650000000004,7263.257,1.5067,1.0,1.0,0.2021
2026-01-22 03:15:00,2921.21,2929.85,2918.63,2928.6,7612.338,22257862.7423,4902.244,2710.094,1.8089,7.389999999999873,0.253,2192.1499999999996,7612.338,1.8089,1.0,1.0,0.288
2026-01-22 03:20:00,2928.6,2935.99,2926.26,2933.36,11658.133,34174705.51954,6469.651,5188.482,1.2469,4.760000000000218,0.1625,1281.1689999999999,11658.133,1.2469,1.0,1.0,0.1099
2026-01-22 03:25:00,2933.35,2984.99,2930.13,2982.94,101482.385,300469705.61266,63422.649,38059.736,1.6664,49.590000000000146,1.6906,25362.913,101482.385,1.6664,1.0,1.0,0.2499
2026-01-22 03:30:00,2982.98,3010.0,2971.89,3008.05,109450.72,327673098.73114,65307.628,44143.092,1.4795,25.070000000000164,0.8404,21164.536,109450.72,1.4795,1.0,1.0,0.1934
2026-01-22 03:35:00,3008.06,3036.24,3001.89,3027.87,98724.539,298357464.09249,54066.377,44658.162,1.2107,19.809999999999945,0.6586,9408.215000000004,98724.53899999999,1.2107,1.0,1.0,0.0953
2026-01-22 03:40:00,3027.88,3037.63,3021.71,3033.07,50536.615,153123200.30587,26042.332,24494.283,1.0632,5.190000000000055,0.1714,1548.048999999999,50536.615,1.0632,1.0,1.0,0.0306
2026-01-22 03:45:00,3033.08,3056.34,3032.25,3054.41,77473.19,236035538.38364002,41641.508,35831.682,1.1621,21.329999999999927,0.7032,5809.826000000001,77473.19,1.1621,1.0,1.0,0.075
2026-01-22 03:50:00,3054.42,3057.77,3032.19,3053.79,55550.838,169160554.70523,23565.443,31985.395,0.7368,-0.6300000000001091,-0.0206,-8419.952000000001,55550.838,0.7368,1.0,1.0,-0.1516
2026-01-22 03:55:00,3053.78,3068.34,3049.95,3053.99,55536.278,169820964.94074002,25497.992,30035.103,0.8489,0.20999999999958163,0.0069,-4537.111000000001,55533.095,0.8489,1.0001,0.9999,-0.0817
2026-01-22 04:00:00,3054.0,3056.47,3033.42,3039.92,40236.097,122470483.52559,16003.264,24232.833,0.6604,-14.079999999999927,-0.461,-8229.569,40236.096999999994,0.6604,1.0,1.0,-0.2045
2026-01-22 04:05:00,3039.92,3041.0,3022.41,3029.21,39593.863,120044413.73074,15649.765,23944.098,0.6536,-10.710000000000036,-0.3523,-8294.333000000002,39593.863,0.6536,1.0,1.0,-0.2095
2026-01-22 04:10:00,3029.21,3030.85,3018.18,3027.04,35027.638,105932639.52372,17564.336,17463.302,1.0058,-2.1700000000000728,-0.0716,101.03399999999965,35027.638,1.0058,1.0,1.0,0.0029
2026-01-22 04:15:00,3027.04,3027.77,3007.09,3008.42,30994.103,93477637.31707999,11878.406,19115.697,0.6214,-18.61999999999989,-0.6151,-7237.290999999999,30994.103000000003,0.6214,1.0,1.0,-0.2335
2026-01-22 04:20:00,3008.41,3014.78,3001.59,3012.99,31347.284,94295749.99869,15338.233,16009.051,0.9581,4.579999999999927,0.1522,-670.8179999999993,31347.284,0.9581,1.0,1.0,-0.0214
2026-01-22 04:25:00,3012.99,3013.89,3005.14,3008.46,13027.76,39204272.64637,7797.518,5230.242,1.4909,-4.529999999999745,-0.1503,2567.276,13027.76,1.4909,1.0,1.0,0.1971
2026-01-22 04:30:00,3008.46,3023.08,3003.53,3022.48,31675.98,95512695.97,21476.333,10199.647,2.1056,14.019999999999982,0.466,11276.685999999998,31675.98,2.1056,1.0,1.0,0.356
2026-01-22 04:35:00,3022.48,3026.67,3016.21,3019.68,23469.085,70921154.75831,10144.888,13324.197,0.7614,-2.800000000000182,-0.0926,-3179.3089999999993,23469.085,0.7614,1.0,1.0,-0.1355
2026-01-22 04:40:00,3019.69,3021.73,3012.0,3017.84,13412.018,40473263.25034,6019.224,7392.794,0.8142,-1.849999999999909,-0.0613,-1373.5699999999997,13412.018,0.8142,1.0,1.0,-0.1024
2026-01-22 04:45:00,3017.84,3033.91,3016.71,3029.22,17814.737999999998,53920391.38105,11529.266,6285.472,1.8343,11.379999999999654,0.3771,5243.794,17814.737999999998,1.8343,1.0,1.0,0.2944
2026-01-22 04:50:00,3029.23,3032.48,3025.23,3029.83,11390.914,34505852.48246,5917.3,5473.614,1.0811,0.599999999999909,0.0198,443.6860000000006,11390.914,1.0811,1.0,1.0,0.039
2026-01-22 04:55:00,3029.81,3034.0,3026.71,3030.45,9395.308,28467482.53021,4749.003,4646.295,1.0221,0.6399999999998727,0.0211,102.70799999999963,9395.297999999999,1.0221,1.0,1.0,0.0109
2026-01-22 05:00:00,3030.44,3030.61,3019.6,3025.57,15838.741,47883745.12825,5245.634,10593.107,0.4952,-4.869999999999891,-0.1607,-5347.473,15838.741,0.4952,1.0,1.0,-0.3376
2026-01-22 05:05:00,3025.56,3032.89,3024.0,3026.56,7762.918,23505953.418759998,4266.477,3496.441,1.2202,1.0,0.0331,770.0360000000001,7762.918,1.2202,1.0,1.0,0.0992
2026-01-22 05:10:00,3026.57,3026.57,3022.54,3025.55,4622.482,13978137.51923,2120.656,2501.826,0.8476,-1.0199999999999818,-0.0337,-381.1700000000001,4622.482,0.8476,1.0,1.0,-0.0825
2026-01-22 05:15:00,3025.55,3043.0,3023.91,3037.87,17670.618,53658755.038040005,11754.367,5916.251,1.9868,12.319999999999709,0.4072,5838.116,17670.618000000002,1.9868,1.0,1.0,0.3304
2026-01-22 05:20:00,3037.88,3040.0,3033.33,3034.6,10012.978,30409288.14726,6110.142,3902.836,1.5656,-3.2800000000002,-0.108,2207.306,10012.978,1.5656,1.0,1.0,0.2204
2026-01-22 05:25:00,3034.59,3034.6,3027.0,3028.3,5336.539,16167417.91633,879.369,4457.17,0.1973,-6.289999999999964,-0.2073,-3577.801,5336.539,0.1973,1.0,1.0,-0.6704
2026-01-22 05:30:00,3028.3,3037.14,3027.27,3035.89,8260.689,25063010.27862,5575.115,2685.574,2.0759,7.589999999999691,0.2506,2889.5409999999997,8260.689,2.0759,1.0,1.0,0.3498
2026-01-22 05:35:00,3035.88,3037.73,3033.11,3036.46,3391.5789999999997,10294112.55083,1478.853,1912.726,0.7732,0.5799999999999272,0.0191,-433.87300000000005,3391.579,0.7732,1.0,1.0,-0.1279
2026-01-22 05:40:00,3036.46,3041.81,3034.78,3038.01,5442.814,16536764.208,3976.702,1466.112,2.7124,1.550000000000182,0.051,2510.59,5442.814,2.7124,1.0,1.0,0.4613
2026-01-22 05:45:00,3038.0,3040.0,3033.25,3033.31,4237.496,12871945.34451,1867.317,2370.179,0.7878,-4.690000000000055,-0.1544,-502.8620000000001,4237.496,0.7878,1.0,1.0,-0.1187
2026-01-22 05:50:00,3033.31,3036.01,3031.68,3031.69,4436.98,13459182.32113,1978.049,2458.931,0.8044,-1.6199999999998909,-0.0534,-480.88200000000006,4436.98,0.8044,1.0,1.0,-0.1084
2026-01-22 05:55:00,3031.69,3033.71,3028.44,3030.01,4935.356,14958507.83204,2238.326,2697.03,0.8299,-1.6799999999998363,-0.0554,-458.7040000000002,4935.356,0.8299,1.0,1.0,-0.0929
2026-01-22 06:00:00,3030.0,3033.41,3028.23,3032.41,5093.131,15436548.00382,2551.184,2541.947,1.0036,2.4099999999998545,0.0795,9.23700000000008,5093.131,1.0036,1.0,1.0,0.0018
2026-01-22 06:05:00,3032.4,3036.17,3031.38,3036.17,3587.774,10883937.239769999,1814.644,1773.13,1.0234,3.769999999999982,0.1243,41.513999999999896,3587.7740000000003,1.0234,1.0,1.0,0.0116
2026-01-22 06:10:00,3036.17,3044.0,3033.6,3034.01,9018.661,27403181.78926,4582.81,4435.851,1.0331,-2.1599999999998545,-0.0711,146.95900000000074,9018.661,1.0331,1.0,1.0,0.0163
2026-01-22 06:15:00,3034.0,3034.54,3028.23,3031.74,3991.907,12102519.502360001,1804.217,2187.69,0.8247,-2.2600000000002183,-0.0745,-383.47299999999996,3991.907,0.8247,1.0,1.0,-0.0961
2026-01-22 06:20:00,3031.74,3031.74,3020.69,3021.08,10910.996,33014244.47684,4285.7,6625.296,0.6469,-10.659999999999854,-0.3516,-2339.5960000000005,10910.996,0.6469,1.0,1.0,-0.2144
2026-01-22 06:25:00,3021.08,3022.2,3016.18,3019.51,10661.329,32189569.20253,3359.429,7301.9,0.4601,-1.569999999999709,-0.052,-3942.4709999999995,10661.329,0.4601,1.0,1.0,-0.3698
2026-01-22 06:30:00,3019.51,3021.0,3015.0,3019.5,5177.982,15628606.72252,2163.414,3014.568,0.7177,-0.010000000000218279,-0.0003,-851.154,5177.982,0.7177,1.0,1.0,-0.1644
2026-01-22 06:35:00,3019.5,3022.0,3012.18,3012.36,5203.303,15699490.973480001,1612.945,3590.358,0.4492,-7.139999999999873,-0.2365,-1977.4130000000002,5203.303,0.4492,1.0,1.0,-0.38
2026-01-22 06:40:00,3012.35,3017.2,3012.0,3014.78,5371.549999999999,16191710.14477,3239.648,2131.902,1.5196,2.430000000000291,0.0807,1107.746,5371.55,1.5196,1.0,1.0,0.2062
2026-01-22 06:45:00,3014.77,3017.0,3007.0,3010.65,8409.49,25322719.15816,2698.521,5710.969,0.4725,-4.119999999999891,-0.1367,-3012.448,8409.49,0.4725,1.0,1.0,-0.3582
2026-01-22 06:50:00,3010.65,3013.89,3008.72,3013.48,3897.145,11734301.69286,2315.438,1581.707,1.4639,2.8299999999999272,0.094,733.731,3897.1450000000004,1.4639,1.0,1.0,0.1883
2026-01-22 06:55:00,3013.48,3014.0,3008.47,3008.47,6579.452,19810238.40094,2536.457,4042.995,0.6274,-5.010000000000218,-0.1663,-1506.538,6579.451999999999,0.6274,1.0,1.0,-0.229
2026-01-22 07:00:00,3008.47,3016.7,3007.0,3015.01,9014.0,27141607.45319,5921.626,3092.374,1.9149,6.540000000000418,0.2174,2829.2520000000004,9014.0,1.9149,1.0,1.0,0.3139
2026-01-22 07:05:00,3015.0,3018.18,3013.27,3016.1,5479.514999999999,16530154.572700001,3373.047,2106.468,1.6013,1.099999999999909,0.0365,1266.5790000000002,5479.514999999999,1.6013,1.0,1.0,0.2311
2026-01-22 07:10:00,3016.1,3024.35,3013.27,3021.45,12103.586000000001,36550562.45922,7941.601,4161.985,1.9081,5.349999999999909,0.1774,3779.616,12103.586,1.9081,1.0,1.0,0.3123
2026-01-22 07:15:00,3021.44,3021.44,3015.0,3015.51,5202.285,15702447.61425,2088.439,3113.846,0.6707,-5.929999999999836,-0.1963,-1025.4070000000002,5202.285,0.6707,1.0,1.0,-0.1971
2026-01-22 07:20:00,3015.51,3015.51,3005.29,3008.01,7805.5470000000005,23487446.45375,2724.292,5081.255,0.5361,-7.5,-0.2487,-2356.963,7805.5470000000005,0.5361,1.0,1.0,-0.302
2026-01-22 07:25:00,3008.0,3013.72,3007.95,3012.85,3838.384,11557691.60492,2699.904,1138.48,2.3715,4.849999999999909,0.1612,1561.424,3838.384,2.3715,1.0,1.0,0.4068
2026-01-22 07:30:00,3012.85,3012.85,3003.79,3005.14,4588.971,13800282.40716,1460.648,3128.323,0.4669,-7.710000000000036,-0.2559,-1667.675,4588.971,0.4669,1.0,1.0,-0.3634
2026-01-22 07:35:00,3005.14,3005.85,2997.0,3000.15,15836.491999999998,47524976.37351,3478.963,12357.529,0.2815,-4.989999999999782,-0.166,-8878.566,15836.492,0.2815,1.0,1.0,-0.5606
2026-01-22 07:40:00,3000.16,3000.5,2982.2,2982.73,45594.149999999994,136278676.38132998,14705.696,30888.454,0.4761,-17.429999999999836,-0.581,-16182.758000000002,45594.15,0.4761,1.0,1.0,-0.3549
2026-01-22 07:45:00,2982.73,2987.77,2970.35,2971.51,25342.142,75508604.86909,9311.465,16030.677,0.5809,-11.2199999999998,-0.3762,-6719.2119999999995,25342.142,0.5809,1.0,1.0,-0.2651
2026-01-22 07:50:00,2971.5,2979.5,2970.36,2979.0,15781.758,46952993.07812,10333.733,5448.025,1.8968,7.5,0.2524,4885.7080000000005,15781.758,1.8968,1.0,1.0,0.3096
2026-01-22 07:55:00,2979.0,2982.0,2978.06,2980.51,13457.422,40110086.41802,6742.83,6714.592,1.0042,1.5100000000002183,0.0507,28.238000000000284,13457.421999999999,1.0042,1.0,1.0,0.0021
2026-01-22 08:00:00,2980.51,2992.21,2978.7,2990.75,29942.529000000002,89384498.59459001,23560.928,6381.601,3.692,10.239999999999782,0.3436,17179.327,29942.529,3.692,1.0,1.0,0.5737
2026-01-22 08:05:00,2990.75,2992.35,2987.49,2992.01,8493.944,25398349.20289,3925.36,4568.584,0.8592,1.2600000000002183,0.0421,-643.2239999999997,8493.944,0.8592,1.0,1.0,-0.0757
2026-01-22 08:10:00,2992.01,2996.99,2989.0,2994.62,12541.771999999999,37552547.56121,8789.885,3751.887,2.3428,2.6099999999996726,0.0872,5037.998,12541.772,2.3428,1.0,1.0,0.4017
2026-01-22 08:15:00,2994.62,2996.49,2988.13,2994.5,11282.416,33764259.60236,3916.736,7365.68,0.5318,-0.11999999999989086,-0.004,-3448.9440000000004,11282.416000000001,0.5318,1.0,1.0,-0.3057
2026-01-22 08:20:00,2994.5,2998.56,2993.1,2998.49,8722.159,26131872.32492,5020.543,3701.616,1.3563,3.9899999999997817,0.1332,1318.9269999999997,8722.159,1.3563,1.0,1.0,0.1512
2026-01-22 08:25:00,2998.5,3005.41,2998.49,3002.01,13003.878,39031340.20054,7717.996,5285.882,1.4601,3.5100000000002183,0.1171,2432.1140000000005,13003.878,1.4601,1.0,1.0,0.187
2026-01-22 08:30:00,3002.01,3009.93,3001.3,3001.3,12584.065999999999,37817609.37685,7483.786,5100.28,1.4673,-0.7100000000000364,-0.0237,2383.5060000000003,12584.065999999999,1.4673,1.0,1.0,0.1894
2026-01-22 08:35:00,3001.3,3004.99,3000.69,3003.01,5955.12,17884385.08969,2278.285,3676.835,0.6196,1.7100000000000364,0.057,-1398.5500000000002,5955.12,0.6196,1.0,1.0,-0.2348
2026-01-22 08:40:00,3003.0,3007.47,3002.24,3007.01,8001.982,24048579.88657,6268.606,1733.376,3.6164,4.010000000000218,0.1335,4535.23,8001.982,3.6164,1.0,1.0,0.5668
2026-01-22 08:45:00,3007.0,3009.0,3005.44,3005.74,4820.1990000000005,14496091.89385,2518.834,2301.365,1.0945,-1.2600000000002183,-0.0419,217.46900000000005,4820.199,1.0945,1.0,1.0,0.0451
2026-01-22 08:50:00,3005.74,3009.69,3005.27,3007.55,5013.452,15076427.383369999,3359.887,1653.565,2.0319,1.8100000000004002,0.0602,1706.3220000000001,5013.452,2.0319,1.0,1.0,0.3403
2026-01-22 08:55:00,3007.55,3008.77,3001.5,3003.99,4882.722,14675035.09612,1370.567,3508.674,0.3906,-3.5600000000004,-0.1184,-2138.107,4879.241,0.3906,1.0007,0.9993,-0.4382
2026-01-22 09:00:00,3003.99,3019.67,3001.0,3016.49,22143.389,66710475.25114,15884.041,6259.348,2.5377,12.5,0.4161,9624.693,22143.389,2.5377,1.0,1.0,0.4347
2026-01-22 09:05:00,3016.49,3016.94,3011.28,3015.67,8267.659,24924256.69368,5431.382,2836.277,1.915,-0.819999999999709,-0.0272,2595.1049999999996,8267.659,1.915,1.0,1.0,0.3139
2026-01-22 09:10:00,3015.66,3017.96,3012.9,3017.11,5308.607,16008863.82087,2109.685,3198.922,0.6595,1.4500000000002728,0.0481,-1089.237,5308.607,0.6595,1.0,1.0,-0.2052
2026-01-22 09:15:00,3017.1,3026.22,3015.85,3021.51,16551.979,50012361.76447,9855.901,6696.078,1.4719,4.410000000000309,0.1462,3159.8229999999994,16551.979,1.4719,1.0,1.0,0.1909
2026-01-22 09:20:00,3021.51,3027.95,3018.41,3021.38,6748.691,20396808.700290002,3479.757,3268.934,1.0645,-0.13000000000010914,-0.0043,210.82299999999987,6748.691000000001,1.0645,1.0,1.0,0.0312
2026-01-22 09:25:00,3021.39,3023.74,3019.12,3021.45,4814.629,14549076.439960001,1782.026,3032.603,0.5876,0.05999999999994543,0.002,-1250.577,4814.629,0.5876,1.0,1.0,-0.2597
2026-01-22 09:30:00,3021.44,3023.99,3016.35,3019.64,6907.6140000000005,20858180.31106,3397.319,3510.295,0.9678,-1.800000000000182,-0.0596,-112.97600000000011,6907.614,0.9678,1.0,1.0,-0.0164
2026-01-22 09:35:00,3019.65,3021.7,3017.39,3017.99,3936.346,11882737.21853,1683.364,2252.982,0.7472,-1.6600000000003092,-0.055,-569.6179999999999,3936.346,0.7472,1.0,1.0,-0.1447
2026-01-22 09:40:00,3018.0,3018.26,3011.82,3017.0,6635.364,20007751.81425,2864.135,3771.229,0.7595,-1.0,-0.0331,-907.0939999999996,6635.364,0.7595,1.0,1.0,-0.1367
2026-01-22 09:45:00,3017.0,3027.18,3014.09,3026.76,7919.603000000001,23923853.696769997,5963.095,1956.508,3.0478,9.760000000000218,0.3235,4006.5870000000004,7919.603,3.0478,1.0,1.0,0.5059
2026-01-22 09:50:00,3026.75,3034.25,3020.86,3028.57,15820.622,47890941.73412,9341.844,6478.778,1.4419,1.8200000000001637,0.0601,2863.065999999999,15820.622,1.4419,1.0,1.0,0.181
2026-01-22 09:55:00,3028.57,3028.58,3024.99,3026.77,8213.314,24859006.74456,2668.176,5545.138,0.4812,-1.800000000000182,-0.0594,-2876.962,8213.314,0.4812,1.0,1.0,-0.3503
2026-01-22 10:00:00,3026.77,3030.22,3023.67,3026.61,5467.2880000000005,16551559.49365,3175.877,2291.411,1.386,-0.15999999999985448,-0.0053,884.4659999999999,5467.2880000000005,1.386,1.0,1.0,0.1618
2026-01-22 10:05:00,3026.61,3031.39,3026.0,3031.39,7337.523999999999,22222770.64293,4332.746,3004.778,1.442,4.779999999999745,0.1579,1327.9680000000003,7337.523999999999,1.442,1.0,1.0,0.181
2026-01-22 10:10:00,3031.39,3031.39,3025.0,3028.99,9407.55,28485610.21051,3906.597,5500.953,0.7102,-2.400000000000091,-0.0792,-1594.3560000000002,9407.550000000001,0.7102,1.0,1.0,-0.1695
2026-01-22 10:15:00,3028.98,3034.84,3027.16,3034.2,8602.08,26079077.18962,5899.014,2703.066,2.1823,5.2199999999998,0.1723,3195.9480000000003,8602.08,2.1823,1.0,1.0,0.3715
2026-01-22 10:20:00,3034.2,3034.21,3029.0,3029.62,5665.989,17178044.67553,2379.128,3286.861,0.7238,-4.579999999999927,-0.1509,-907.7329999999997,5665.989,0.7238,1.0,1.0,-0.1602
2026-01-22 10:25:00,3029.62,3036.88,3029.62,3034.63,6455.528,19587165.50355,3636.865,2818.663,1.2903,5.010000000000218,0.1654,818.2019999999998,6455.528,1.2903,1.0,1.0,0.1267
2026-01-22 10:30:00,3034.63,3034.64,3023.46,3023.99,17328.907,52449913.678279996,5834.669,11494.238,0.5076,-10.640000000000327,-0.3506,-5659.5689999999995,17328.907,0.5076,1.0,1.0,-0.3266
2026-01-22 10:35:00,3023.99,3026.24,3022.22,3025.64,10036.726,30353615.83854,6270.069,3766.657,1.6646,1.650000000000091,0.0546,2503.4120000000003,10036.726,1.6646,1.0,1.0,0.2494
2026-01-22 10:40:00,3025.65,3028.21,3022.6,3025.8,4994.62,15109592.53507,2132.827,2861.793,0.7453,0.15000000000009095,0.005,-728.9659999999999,4994.620000000001,0.7453,1.0,1.0,-0.146
2026-01-22 10:45:00,3025.8,3025.8,3022.0,3023.19,4222.584,12767292.37971,1120.05,3102.534,0.361,-2.6100000000001273,-0.0863,-1982.4840000000002,4222.584,0.361,1.0,1.0,-0.4695
2026-01-22 10:50:00,3023.19,3023.55,3013.33,3015.85,11987.412,36177165.57832,3822.28,8165.132,0.4681,-7.3400000000001455,-0.2428,-4342.851999999999,11987.412,0.4681,1.0,1.0,-0.3623
2026-01-22 10:55:00,3015.85,3017.91,3014.1,3016.29,4866.607,14679454.28465,2265.147,2601.46,0.8707,0.44000000000005457,0.0146,-336.3130000000001,4866.607,0.8707,1.0,1.0,-0.0691
2026-01-22 11:00:00,3016.29,3024.96,3016.29,3023.72,10990.425000000001,33190051.1699,9666.027,1324.398,7.2984,7.429999999999836,0.2463,8341.629,10990.425,7.2984,1.0,1.0,0.759
2026-01-22 11:05:00,3023.71,3029.3,3023.0,3025.61,9986.21,30224411.70028,7057.906,2928.304,2.4102,1.900000000000091,0.0628,4129.602,9986.21,2.4102,1.0,1.0,0.4135
2026-01-22 11:10:00,3025.6,3029.57,3025.48,3025.62,3037.62,9194679.752530001,1290.08,1747.54,0.7382,0.01999999999998181,0.0007,-457.46000000000004,3037.62,0.7382,1.0,1.0,-0.1506
2026-01-22 11:15:00,3025.61,3025.61,3015.02,3017.91,8026.224,24233282.53069,3019.35,5006.874,0.603,-7.700000000000273,-0.2545,-1987.524,8026.224,0.603,1.0,1.0,-0.2476
2026-01-22 11:20:00,3017.91,3019.7,3017.7,3019.0,2570.582,7760431.461750001,1647.245,923.337,1.784,1.0900000000001455,0.0361,723.9079999999999,2570.582,1.784,1.0,1.0,0.2816
2026-01-22 11:25:00,3019.0,3019.3,3014.0,3015.08,7510.847,22656511.58139,3994.794,3516.053,1.1362,-3.9200000000000728,-0.1298,478.741,7510.847,1.1362,1.0,1.0,0.0637
2026-01-22 11:30:00,3015.08,3015.08,3001.0,3002.64,25153.902000000002,75663895.8065,6601.358,18552.544,0.3558,-12.440000000000055,-0.4126,-11951.186000000002,25153.902000000002,0.3558,1.0,1.0,-0.4751
2026-01-22 11:35:00,3002.64,3008.5,2997.45,3007.84,16625.583,49923527.27182,7870.227,8755.356,0.8989,5.200000000000273,0.1732,-885.1289999999999,16625.583,0.8989,1.0,1.0,-0.0532
2026-01-22 11:40:00,3007.84,3010.68,3007.3,3009.7,4185.492,12596626.01448,2827.328,1358.164,2.0817,1.8599999999996726,0.0618,1469.164,4185.492,2.0817,1.0,1.0,0.351
2026-01-22 11:45:00,3009.7,3011.46,3008.65,3010.96,6082.579,18313126.54444,4219.506,1863.073,2.2648,1.2600000000002183,0.0419,2356.433,6082.579000000001,2.2648,1.0,1.0,0.3874
2026-01-22 11:50:00,3010.97,3010.97,3008.3,3009.73,2062.31,6206325.69504,593.966,1468.344,0.4045,-1.2399999999997817,-0.0412,-874.378,2062.31,0.4045,1.0,1.0,-0.424
2026-01-22 11:55:00,3009.73,3013.3,3009.73,3011.98,2796.568,8423165.6906,1901.741,894.827,2.1253,2.25,0.0748,1006.914,2796.568,2.1253,1.0,1.0,0.3601
2026-01-22 12:00:00,3011.97,3013.18,3010.53,3012.0,2407.442,7251249.86988,1033.519,1373.923,0.7522,0.03000000000020009,0.001,-340.404,2407.442,0.7522,1.0,1.0,-0.1414
2026-01-22 12:05:00,3012.0,3019.05,3011.57,3017.51,5934.96,17902574.02138,4134.818,1800.142,2.2969,5.510000000000218,0.1829,2334.6760000000004,5934.96,2.2969,1.0,1.0,0.3934
2026-01-22 12:10:00,3017.5,3018.0,3012.53,3012.6,2304.9809999999998,6952119.20974,936.58,1368.401,0.6844,-4.900000000000091,-0.1624,-431.821,2304.981,0.6844,1.0,1.0,-0.1873
2026-01-22 12:15:00,3012.59,3015.55,3009.72,3014.94,5404.948,16281511.34527,2900.983,2503.965,1.1586,2.349999999999909,0.078,397.01800000000003,5404.948,1.1586,1.0,1.0,0.0735
2026-01-22 12:20:00,3014.95,3016.09,3011.62,3014.99,3004.511,9057386.95093,1260.16,1744.351,0.7224,0.03999999999996362,0.0013,-484.19100000000003,3004.5110000000004,0.7224,1.0,1.0,-0.1612
2026-01-22 12:25:00,3015.0,3017.0,3013.9,3016.99,1629.027,4912670.1158300005,1008.922,620.105,1.627,1.9899999999997817,0.066,388.817,1629.027,1.627,1.0,1.0,0.2387
2026-01-22 12:30:00,3016.99,3023.44,3015.5,3020.64,9262.449,27971332.42812,7364.599,1897.85,3.8805,3.650000000000091,0.121,5466.749,9262.449,3.8805,1.0,1.0,0.5902
2026-01-22 12:35:00,3020.64,3023.14,3017.11,3017.49,4644.762,14029059.47975,2001.452,2643.31,0.7572,-3.150000000000091,-0.1043,-641.858,4644.762,0.7572,1.0,1.0,-0.1382
2026-01-22 12:40:00,3017.48,3019.24,3017.1,3019.11,3060.946,9237908.00221,1715.426,1345.52,1.2749,1.6300000000001091,0.054,369.90599999999995,3060.946,1.2749,1.0,1.0,0.1208
2026-01-22 12:45:00,3019.11,3019.27,3016.05,3018.27,3827.746,11550771.35736,2147.634,1680.112,1.2783,-0.8400000000001455,-0.0278,467.52199999999993,3827.746,1.2783,1.0,1.0,0.1221
2026-01-22 12:50:00,3018.26,3022.0,3018.26,3021.62,5828.778,17605931.36416,3603.586,2225.192,1.6194,3.3599999999996726,0.1113,1378.3939999999998,5828.778,1.6194,1.0,1.0,0.2365
2026-01-22 12:55:00,3021.61,3024.14,3020.05,3021.73,4591.922,13877079.6605,2873.699,1718.223,1.6725,0.11999999999989086,0.004,1155.476,4591.9220000000005,1.6725,1.0,1.0,0.2516
2026-01-22 13:00:00,3021.73,3023.81,3020.0,3023.81,2466.7889999999998,7454186.616289999,1465.472,1001.317,1.4635,2.0799999999999272,0.0688,464.155,2466.7889999999998,1.4635,1.0,1.0,0.1882
2026-01-22 13:05:00,3023.82,3026.58,3022.14,3023.09,4450.082,13459947.54823,2488.338,1961.744,1.2684,-0.7300000000000182,-0.0241,526.5940000000003,4450.082,1.2684,1.0,1.0,0.1183
2026-01-22 13:10:00,3023.09,3024.89,3022.01,3022.49,2541.672,7684235.23515,763.248,1778.424,0.4292,-0.6000000000003638,-0.0198,-1015.1759999999999,2541.672,0.4292,1.0,1.0,-0.3994
2026-01-22 13:15:00,3022.5,3022.7,3020.61,3020.61,1834.189,5542896.55443,829.054,1005.135,0.8248,-1.8899999999998727,-0.0625,-176.08100000000002,1834.1889999999999,0.8248,1.0,1.0,-0.096
2026-01-22 13:20:00,3020.61,3020.65,3017.11,3020.12,4403.098,13292151.01208,2419.661,1983.437,1.2199,-0.49000000000023647,-0.0162,436.22400000000016,4403.098,1.2199,1.0,1.0,0.0991
2026-01-22 13:25:00,3020.11,3021.3,3015.3,3015.67,3119.221,9413995.983690001,1106.328,2012.893,0.5496,-4.440000000000055,-0.147,-906.565,3119.221,0.5496,1.0,1.0,-0.2906
2026-01-22 13:30:00,3015.68,3018.1,3015.2,3017.64,2123.046,6404479.74742,1227.966,895.08,1.3719,1.9600000000000364,0.065,332.88599999999985,2123.046,1.3719,1.0,1.0,0.1568
2026-01-22 13:35:00,3017.64,3019.49,3013.03,3018.6,3512.7219999999998,10593895.75907,1285.459,2227.263,0.5771,0.9600000000000364,0.0318,-941.8039999999999,3512.7219999999998,0.5771,1.0,1.0,-0.2681
2026-01-22 13:40:00,3018.59,3019.55,3016.4,3017.4,2961.393,8937130.68717,1332.2,1629.193,0.8177,-1.1900000000000546,-0.0394,-296.99299999999994,2961.393,0.8177,1.0,1.0,-0.1003
2026-01-22 13:45:00,3017.4,3019.49,3015.2,3018.75,4696.161,14166910.3202,2538.037,2158.124,1.176,1.349999999999909,0.0447,379.913,4696.161,1.176,1.0,1.0,0.0809
2026-01-22 13:50:00,3018.74,3020.41,3013.36,3015.05,2625.971,7923097.45295,1438.994,1186.977,1.2123,-3.6899999999996,-0.1222,252.01699999999983,2625.971,1.2123,1.0,1.0,0.096
2026-01-22 13:55:00,3015.06,3018.61,3013.8,3018.51,2159.168,6511022.59451,1047.863,1111.305,0.9429,3.450000000000273,0.1144,-63.44200000000001,2159.168,0.9429,1.0,1.0,-0.0294
2026-01-22 14:00:00,3018.51,3026.63,3017.72,3025.83,6416.588,19392553.553340003,3900.569,2516.019,1.5503,7.319999999999709,0.2425,1384.5500000000002,6416.588,1.5503,1.0,1.0,0.2158
2026-01-22 14:05:00,3025.82,3025.83,3012.42,3015.55,5218.951,15753470.726659998,2242.705,2976.246,0.7535,-10.269999999999982,-0.3394,-733.5410000000002,5218.951,0.7535,1.0,1.0,-0.1406
2026-01-22 14:10:00,3015.54,3017.0,3008.8,3016.68,7465.264999999999,22486453.55444,3447.417,4017.848,0.858,1.1399999999998727,0.0378,-570.431,7465.264999999999,0.858,1.0,1.0,-0.0764
2026-01-22 14:15:00,3016.68,3019.87,3012.31,3013.62,7998.349,24116487.56312,3634.312,4364.037,0.8328,-3.0599999999999454,-0.1014,-729.7250000000004,7998.349,0.8328,1.0,1.0,-0.0912
2026-01-22 14:20:00,3013.61,3015.6,3009.21,3009.45,4206.92,12669794.63143,2374.699,1832.221,1.2961,-4.160000000000309,-0.138,542.4780000000001,4206.92,1.2961,1.0,1.0,0.1289
2026-01-22 14:25:00,3009.44,3010.17,3007.04,3008.66,4963.124,14932876.67191,2589.678,2373.446,1.0911,-0.7800000000002001,-0.0259,216.23199999999997,4963.124,1.0911,1.0,1.0,0.0436
2026-01-22 14:30:00,3008.67,3013.76,3008.0,3013.01,4819.586,14514873.23192,3649.342,1170.244,3.1184,4.3400000000001455,0.1442,2479.098,4819.586,3.1184,1.0,1.0,0.5144
2026-01-22 14:35:00,3013.01,3018.76,3011.51,3016.82,4051.818,12222004.596390001,2498.537,1553.281,1.6086,3.8099999999999454,0.1265,945.2559999999999,4051.8179999999998,1.6086,1.0,1.0,0.2333
2026-01-22 14:40:00,3016.81,3018.99,3015.6,3017.05,2936.205,8859490.9021,1439.423,1496.782,0.9617,0.24000000000023647,0.008,-57.358999999999924,2936.205,0.9617,1.0,1.0,-0.0195
2026-01-22 14:45:00,3017.05,3022.53,3016.77,3021.0,7164.349,21637900.76915,4982.646,2181.703,2.2838,3.949999999999818,0.1309,2800.9429999999998,7164.349,2.2838,1.0,1.0,0.391
2026-01-22 14:50:00,3021.0,3022.85,3016.57,3017.9,3573.816,10789911.43416,1380.787,2193.029,0.6296,-3.099999999999909,-0.1026,-812.242,3573.816,0.6296,1.0,1.0,-0.2273
2026-01-22 14:55:00,3017.89,3019.76,3017.31,3017.58,2609.2690000000002,7875239.35826,797.977,1811.292,0.4406,-0.30999999999994543,-0.0103,-1013.3149999999999,2609.269,0.4406,1.0,1.0,-0.3884
2026-01-22 15:00:00,3017.59,3021.0,3012.92,3013.8,4961.734,14971775.98404,2394.757,2566.977,0.9329,-3.7899999999999636,-0.1256,-172.2199999999998,4961.734,0.9329,1.0,1.0,-0.0347
2026-01-22 15:05:00,3013.79,3013.8,3010.68,3011.28,3614.941,10889686.39239,1290.619,2324.322,0.5553,-2.5099999999997635,-0.0833,-1033.7030000000002,3614.941,0.5553,1.0,1.0,-0.286
2026-01-22 15:10:00,3011.28,3012.61,3010.32,3010.56,3907.489,11767276.23662,1752.135,2155.354,0.8129,-0.7200000000002547,-0.0239,-403.2189999999998,3907.4889999999996,0.8129,1.0,1.0,-0.1032
2026-01-22 15:15:00,3010.55,3011.33,3005.11,3007.01,8297.114,24953245.75287,3118.189,5178.925,0.6021,-3.5399999999999636,-0.1176,-2060.7360000000003,8297.114,0.6021,1.0,1.0,-0.2484
2026-01-22 15:20:00,3007.0,3008.21,3004.0,3007.22,4634.255,13931531.4187,2412.63,2221.625,1.086,0.2199999999997999,0.0073,191.0050000000001,4634.255,1.086,1.0,1.0,0.0412
2026-01-22 15:25:00,3007.21,3010.27,3005.5,3009.01,5383.572,16192259.78449,3438.952,1944.62,1.7684,1.800000000000182,0.0599,1494.3320000000003,5383.572,1.7684,1.0,1.0,0.2776
2026-01-22 15:30:00,3009.01,3010.5,3006.55,3010.25,3738.902,11250284.92633,2109.597,1629.305,1.2948,1.2399999999997817,0.0412,480.29200000000014,3738.902,1.2948,1.0,1.0,0.1285
2026-01-22 15:35:00,3010.25,3010.25,3007.65,3007.66,1660.411,4996193.50357,660.155,1000.256,0.66,-2.5900000000001455,-0.086,-340.101,1660.411,0.66,1.0,1.0,-0.2048
2026-01-22 15:40:00,3007.66,3010.85,3007.0,3010.07,3332.19,10027458.62429,1871.196,1460.994,1.2808,2.4100000000003092,0.0801,410.202,3332.1899999999996,1.2808,1.0,1.0,0.1231
2026-01-22 15:45:00,3010.06,3010.07,3006.09,3008.41,4892.469,14713954.83644,2068.912,2823.557,0.7327,-1.650000000000091,-0.0548,-754.645,4892.468999999999,0.7327,1.0,1.0,-0.1542
2026-01-22 15:50:00,3008.42,3008.55,3002.3,3002.3,4896.584,14711629.05412,1379.78,3516.804,0.3923,-6.119999999999891,-0.2034,-2137.0240000000003,4896.584,0.3923,1.0,1.0,-0.4364
2026-01-22 15:55:00,3002.31,3003.17,2998.55,2999.39,13017.331,39061951.27054,6612.704,6404.627,1.0325,-2.9200000000000728,-0.0973,208.07699999999932,13017.331,1.0325,1.0,1.0,0.016
2026-01-22 16:00:00,2999.38,3006.35,2998.9,3005.52,17872.487999999998,53662488.1536,7760.929,10111.559,0.7675,6.139999999999873,0.2047,-2350.629999999999,17872.487999999998,0.7675,1.0,1.0,-0.1315
2026-01-22 16:05:00,3005.52,3006.74,3003.9,3004.01,5255.213,15795652.08441,2006.903,3248.31,0.6178,-1.5099999999997635,-0.0502,-1241.407,5255.213,0.6178,1.0,1.0,-0.2362
2026-01-22 16:10:00,3004.0,3004.01,2991.68,2994.35,18881.922,56575989.96718,6437.681,12444.241,0.5173,-9.650000000000091,-0.3212,-6006.56,18881.922,0.5173,1.0,1.0,-0.3181
2026-01-22 16:15:00,2994.34,3001.99,2992.26,2998.9,8368.798,25087809.39802,5319.052,3049.746,1.7441,4.559999999999945,0.1523,2269.3059999999996,8368.797999999999,1.7441,1.0,1.0,0.2712
2026-01-22 16:20:00,2998.9,3000.38,2994.01,2995.92,6866.146,20577368.176009998,2431.35,4434.796,0.5482,-2.980000000000018,-0.0994,-2003.4460000000004,6866.146000000001,0.5482,1.0,1.0,-0.2918
2026-01-22 16:25:00,2995.91,2999.27,2994.37,2995.22,7071.427,21192850.013749998,4340.487,2730.94,1.5894,-0.6900000000000546,-0.023,1609.547,7071.427,1.5894,1.0,1.0,0.2276
2026-01-22 16:30:00,2995.21,2996.75,2990.06,2996.75,9169.286,27446480.59857,4394.673,4774.613,0.9204,1.5399999999999636,0.0514,-379.9400000000005,9169.286,0.9204,1.0,1.0,-0.0414
2026-01-22 16:35:00,2996.75,2999.42,2995.0,2999.0,4314.724,12932625.80013,2550.206,1764.518,1.4453,2.25,0.0751,785.6880000000001,4314.724,1.4453,1.0,1.0,0.1821
2026-01-22 16:40:00,2999.0,2999.8,2994.07,2995.01,5441.004999999999,16307487.118900001,2346.472,3094.533,0.7583,-3.9899999999997817,-0.133,-748.0609999999997,5441.005,0.7583,1.0,1.0,-0.1375
2026-01-22 16:45:00,2995.01,2997.79,2993.69,2997.79,3487.529,10447929.21356,2514.414,973.115,2.5839,2.7799999999997453,0.0928,1541.2990000000002,3487.5290000000005,2.5839,1.0,1.0,0.4419
2026-01-22 16:50:00,2997.79,3005.64,2997.78,3004.45,10800.006,32431027.92395,7912.56,2887.446,2.7403,6.6599999999998545,0.2222,5025.1140000000005,10800.006000000001,2.7403,1.0,1.0,0.4653
2026-01-22 16:55:00,3004.45,3006.85,3002.29,3004.69,5979.563,17967608.408,3365.608,2613.955,1.2876,0.24000000000023647,0.008,751.6530000000002,5979.563,1.2876,1.0,1.0,0.1257
2026-01-22 17:00:00,3004.69,3005.75,3002.0,3003.09,7095.389,21313525.10326,2720.204,4375.185,0.6217,-1.599999999999909,-0.0533,-1654.9810000000002,7095.389000000001,0.6217,1.0,1.0,-0.2332
2026-01-22 17:05:00,3003.1,3007.86,3002.9,3006.55,3778.9539999999997,11359212.81799,2715.939,1063.015,2.5549,3.450000000000273,0.1149,1652.9239999999998,3778.9539999999997,2.5549,1.0,1.0,0.4374
2026-01-22 17:10:00,3006.55,3009.84,3006.2,3008.75,3797.184,11424370.642579999,2488.188,1308.996,1.9008,2.199999999999818,0.0732,1179.192,3797.184,1.9008,1.0,1.0,0.3105
2026-01-22 17:15:00,3008.75,3011.0,3003.42,3005.81,9100.455,27374133.136660002,3486.698,5613.757,0.6211,-2.9400000000000546,-0.0977,-2127.0589999999997,9100.455,0.6211,1.0,1.0,-0.2337
2026-01-22 17:20:00,3005.8,3007.2,3004.83,3006.79,1616.489,4859598.81715,736.512,879.977,0.837,0.9899999999997817,0.0329,-143.46500000000003,1616.489,0.837,1.0,1.0,-0.0888
2026-01-22 17:25:00,3006.79,3007.92,3004.0,3005.15,2327.123,6995148.25175,1225.339,1101.784,1.1121,-1.6399999999998727,-0.0545,123.55499999999984,2327.123,1.1121,1.0,1.0,0.0531
2026-01-22 17:30:00,3005.15,3007.45,3003.75,3006.45,3506.913,10540777.7491,984.509,2522.404,0.3903,1.2999999999997272,0.0433,-1537.895,3506.913,0.3903,1.0,1.0,-0.4385
2026-01-22 17:35:00,3006.44,3013.96,3006.41,3011.63,7652.831999999999,23047712.56723,5116.349,2536.483,2.0171,5.190000000000055,0.1726,2579.866,7652.832,2.0171,1.0,1.0,0.3371
2026-01-22 17:40:00,3011.64,3015.0,3011.63,3014.4,5777.169,17412109.58244,4333.102,1444.067,3.0006,2.7600000000002183,0.0916,2889.035,5777.169,3.0006,1.0,1.0,0.5001
2026-01-22 17:45:00,3014.4,3015.0,3012.56,3013.49,4588.722,13828866.85695,1225.857,3362.865,0.3645,-0.9100000000003092,-0.0302,-2137.008,4588.722,0.3645,1.0,1.0,-0.4657
2026-01-22 17:50:00,3013.48,3014.17,3011.58,3013.73,3390.6000000000004,10216022.9858,1982.489,1408.111,1.4079,0.25,0.0083,574.3779999999999,3390.6000000000004,1.4079,1.0,1.0,0.1694
2026-01-22 17:55:00,3013.72,3013.72,3012.05,3012.35,1730.4,5213453.78908,498.367,1232.033,0.4045,-1.3699999999998909,-0.0455,-733.6659999999999,1730.3999999999999,0.4045,1.0,1.0,-0.424
2026-01-22 18:00:00,3012.36,3013.46,3009.46,3010.19,4285.054,12903810.7726,1311.374,2973.68,0.441,-2.1700000000000728,-0.072,-1662.3059999999998,4285.054,0.441,1.0,1.0,-0.3879
2026-01-22 18:05:00,3010.19,3011.8,3007.73,3010.0,5315.674,15996423.978670001,1734.159,3581.515,0.4842,-0.19000000000005457,-0.0063,-1847.3559999999998,5315.674,0.4842,1.0,1.0,-0.3475
2026-01-22 18:10:00,3009.99,3011.19,3007.74,3008.06,4544.099,13675230.138659999,1109.958,3434.141,0.3232,-1.9299999999998363,-0.0641,-2324.183,4544.099,0.3232,1.0,1.0,-0.5115
2026-01-22 18:15:00,3008.06,3008.88,3004.05,3004.54,6431.206,19332127.04239,2620.072,3811.134,0.6875,-3.519999999999982,-0.117,-1191.062,6431.206,0.6875,1.0,1.0,-0.1852
2026-01-22 18:20:00,3004.54,3009.39,3003.5,3004.49,8398.077,25241865.55932,3742.58,4655.497,0.8039,-0.0500000000001819,-0.0017,-912.9170000000004,8398.077000000001,0.8039,1.0,1.0,-0.1087
2026-01-22 18:25:00,3004.48,3006.67,3003.61,3006.0,3602.48,10826053.98733,2056.519,1545.961,1.3303,1.5199999999999818,0.0506,510.55799999999977,3602.4799999999996,1.3303,1.0,1.0,0.1417
2026-01-22 18:30:00,3005.99,3007.51,3001.29,3003.74,4791.062,14391719.09491,1575.01,3216.052,0.4897,-2.25,-0.0749,-1641.0420000000001,4791.062,0.4897,1.0,1.0,-0.3425
2026-01-22 18:35:00,3003.73,3004.6,2999.09,3001.15,6555.663,19676303.84537,2869.934,3685.729,0.7787,-2.5799999999999272,-0.0859,-815.7949999999996,6555.6630000000005,0.7787,1.0,1.0,-0.1244
2026-01-22 18:40:00,3001.15,3002.35,2998.96,3000.4,6104.068,18315727.00529,2891.262,3212.806,0.8999,-0.75,-0.025,-321.54399999999987,6104.068,0.8999,1.0,1.0,-0.0527
2026-01-22 18:45:00,3000.4,3002.35,2998.4,2999.77,4736.421,14211384.963849999,2588.051,2148.37,1.2047,-0.6300000000001091,-0.021,439.68100000000004,4736.421,1.2047,1.0,1.0,0.0928
2026-01-22 18:50:00,2999.77,3002.36,2998.79,3001.95,4342.124,13027675.4452,2646.834,1695.29,1.5613,2.1799999999998363,0.0727,951.5439999999999,4342.124,1.5613,1.0,1.0,0.2191
2026-01-22 18:55:00,3001.95,3004.31,3000.71,3001.51,5429.749,16301370.31792,2362.38,3067.369,0.7702,-0.4399999999995998,-0.0147,-704.989,5429.749,0.7702,1.0,1.0,-0.1298
2026-01-22 19:00:00,3001.51,3001.51,2997.22,2997.74,4857.693,14569865.584139999,2111.699,2745.994,0.769,-3.7700000000004366,-0.1256,-634.2950000000001,4857.693,0.769,1.0,1.0,-0.1306
2026-01-22 19:05:00,2997.73,3002.12,2997.23,3002.12,4727.248,14176881.438099999,2652.917,2074.331,1.2789,4.389999999999873,0.1464,578.5859999999998,4727.248,1.2789,1.0,1.0,0.1224
2026-01-22 19:10:00,3002.11,3005.88,2993.51,2995.79,13058.196,39167044.37627,5848.558,7209.638,0.8112,-6.320000000000164,-0.2105,-1361.08,13058.196,0.8112,1.0,1.0,-0.1042
2026-01-22 19:15:00,2995.8,2998.89,2992.49,2998.64,9377.597,28093386.134349998,5093.338,4284.259,1.1888,2.8399999999996908,0.0948,809.0789999999997,9377.597,1.1888,1.0,1.0,0.0863
2026-01-22 19:20:00,2998.65,2999.79,2990.22,2991.99,11862.548999999999,35520301.71436,4959.589,6902.96,0.7185,-6.660000000000309,-0.2221,-1943.371,11862.548999999999,0.7185,1.0,1.0,-0.1638
2026-01-22 19:25:00,2992.0,2992.35,2983.19,2987.37,21533.843,64331418.98924,7927.654,13606.189,0.5827,-4.630000000000109,-0.1547,-5678.535,21533.843,0.5827,1.0,1.0,-0.2637
2026-01-22 19:30:00,2987.38,2990.85,2986.51,2987.66,12383.823,37008696.47698,7647.016,4736.807,1.6144,0.27999999999974534,0.0094,2910.209,12383.823,1.6144,1.0,1.0,0.235
2026-01-22 19:35:00,2987.67,2988.15,2978.21,2983.67,17531.547,52285377.64908,6864.877,10666.67,0.6436,-4.0,-0.1339,-3801.7929999999997,17531.547,0.6436,1.0,1.0,-0.2169
2026-01-22 19:40:00,2983.67,2984.67,2976.15,2981.41,23892.467,71192821.14855,9869.16,14023.307,0.7038,-2.2600000000002183,-0.0757,-4154.147000000001,23892.467,0.7038,1.0,1.0,-0.1739
2026-01-22 19:45:00,2981.4,2986.07,2980.0,2984.66,11900.955,35507414.73046,7464.764,4436.191,1.6827,3.2599999999997635,0.1093,3028.5730000000003,11900.955,1.6827,1.0,1.0,0.2545
2026-01-22 19:50:00,2984.66,2986.41,2982.22,2985.33,6782.671,20245371.7345,3521.688,3260.983,1.0799,0.6700000000000728,0.0224,260.7049999999999,6782.671,1.0799,1.0,1.0,0.0384
2026-01-22 19:55:00,2985.32,2987.42,2984.91,2985.02,3763.907,11239422.11056,1907.197,1856.71,1.0272,-0.3000000000001819,-0.01,50.48699999999985,3763.907,1.0272,1.0,1.0,0.0134
2026-01-22 20:00:00,2985.01,2986.25,2976.32,2984.02,17718.599,52816538.78907,6440.701,11277.898,0.5711,-0.9900000000002365,-0.0332,-4837.196999999999,17718.599,0.5711,1.0,1.0,-0.273
2026-01-22 20:05:00,2984.01,2989.67,2983.1,2988.54,10155.241,30333185.45752,6566.726,3588.515,1.8299,4.529999999999745,0.1518,2978.211,10155.241,1.8299,1.0,1.0,0.2933
2026-01-22 20:10:00,2988.53,2990.29,2986.29,2987.99,6066.165,18127690.75733,3135.011,2931.154,1.0695,-0.5400000000004184,-0.0181,203.85699999999997,6066.165,1.0695,1.0,1.0,0.0336
2026-01-22 20:15:00,2988.0,2991.42,2985.12,2986.55,7672.360000000001,22929903.08728,4324.487,3347.873,1.2917,-1.449999999999818,-0.0485,976.614,7672.360000000001,1.2917,1.0,1.0,0.1273
2026-01-22 20:20:00,2986.55,2989.35,2986.4,2988.9,9130.129,27278148.3357,6444.031,2686.098,2.399,2.349999999999909,0.0787,3757.933,9130.129,2.399,1.0,1.0,0.4116
2026-01-22 20:25:00,2988.9,2989.96,2987.0,2989.44,3577.387,10691269.64613,2070.413,1506.974,1.3739,0.5399999999999636,0.0181,563.4390000000001,3577.3869999999997,1.3739,1.0,1.0,0.1575
2026-01-22 20:30:00,2989.44,2996.93,2988.97,2994.19,11100.105,33220242.67189,8578.936,2521.169,3.4028,4.75,0.1589,6057.767,11100.105,3.4028,1.0,1.0,0.5457
2026-01-22 20:35:00,2994.2,2997.36,2992.0,2992.63,8576.278,25679689.96752,5442.824,3133.454,1.737,-1.569999999999709,-0.0524,2309.3699999999994,8576.278,1.737,1.0,1.0,0.2693
2026-01-22 20:40:00,2992.63,2992.63,2989.26,2990.2,7535.262,22536568.935909998,2918.862,4616.4,0.6323,-2.430000000000291,-0.0812,-1697.5379999999996,7535.262,0.6323,1.0,1.0,-0.2253
2026-01-22 20:45:00,2990.2,2991.32,2988.0,2989.59,3158.593,9442193.20253,960.436,2198.157,0.4369,-0.6099999999996726,-0.0204,-1237.721,3158.5930000000003,0.4369,1.0,1.0,-0.3919
2026-01-22 20:50:00,2989.59,2990.5,2985.34,2986.99,4669.295999999999,13947003.2777,1719.618,2949.678,0.583,-2.600000000000364,-0.087,-1230.06,4669.296,0.583,1.0,1.0,-0.2634
2026-01-22 20:55:00,2987.0,2989.59,2986.61,2989.43,1780.675,5321093.00669,1005.908,774.767,1.2983,2.4299999999998363,0.0814,231.14099999999996,1780.6750000000002,1.2983,1.0,1.0,0.1298
2026-01-22 21:00:00,2989.45,2992.11,2989.34,2991.29,4099.99,12262458.31462,2398.507,1701.483,1.4097,1.8400000000001455,0.0615,697.0240000000001,4099.99,1.4097,1.0,1.0,0.17
2026-01-22 21:05:00,2991.29,2994.52,2988.65,2988.65,4693.067,14044141.87871,3218.021,1475.046,2.1816,-2.6399999999998727,-0.0883,1742.9750000000001,4693.067,2.1816,1.0,1.0,0.3714
2026-01-22 21:10:00,2988.65,2990.74,2987.95,2990.44,3005.826,8985216.735469999,798.579,2207.247,0.3618,1.7899999999999636,0.0599,-1408.668,3005.826,0.3618,1.0,1.0,-0.4686
2026-01-22 21:15:00,2990.44,2994.8,2990.15,2991.53,10480.226999999999,31358732.88129,3659.123,6821.104,0.5364,1.0900000000001455,0.0364,-3161.981,10480.227,0.5364,1.0,1.0,-0.3017
2026-01-22 21:20:00,2991.53,2995.89,2990.01,2994.9,5362.785,16049618.64285,3207.46,2155.325,1.4882,3.369999999999891,0.1127,1052.1350000000002,5362.785,1.4882,1.0,1.0,0.1962
2026-01-22 21:25:00,2994.9,2999.54,2994.76,2998.76,9058.333,27151027.493359998,6578.681,2479.652,2.6531,3.8600000000001273,0.1289,4099.0289999999995,9058.332999999999,2.6531,1.0,1.0,0.4525
2026-01-22 21:30:00,2998.75,3009.42,2982.29,2988.0,57709.228,172910894.61132002,27542.197,30167.031,0.913,-10.75,-0.3585,-2624.833999999999,57709.228,0.913,1.0,1.0,-0.0455
2026-01-22 21:35:00,2987.99,2988.0,2971.0,2978.67,35650.263000000006,106180736.21364999,13607.015,22043.248,0.6173,-9.319999999999709,-0.3119,-8436.233,35650.263,0.6173,1.0,1.0,-0.2366
2026-01-22 21:40:00,2978.66,2979.2,2961.01,2967.2,62013.873,184015558.64118,26386.836,35627.037,0.7406,-11.460000000000036,-0.3847,-9240.200999999997,62013.87299999999,0.7406,1.0,1.0,-0.149
2026-01-22 21:45:00,2967.19,2972.36,2966.76,2972.15,19446.202,57753421.47980999,13817.998,5628.204,2.4551,4.960000000000036,0.1672,8189.794,19446.201999999997,2.4551,1.0,1.0,0.4212
2026-01-22 21:50:00,2972.14,2972.15,2960.1,2968.67,20907.403,62020495.09082,8920.769,11986.634,0.7442,-3.4699999999998,-0.1168,-3065.865,20907.403,0.7442,1.0,1.0,-0.1466
2026-01-22 21:55:00,2968.67,2972.99,2968.19,2971.38,9343.085000000001,27758716.68478,5927.979,3415.106,1.7358,2.7100000000000364,0.0913,2512.873,9343.085000000001,1.7358,1.0,1.0,0.269
2026-01-22 22:00:00,2971.37,2973.18,2962.52,2971.26,11023.438,32721874.13815,5030.94,5992.498,0.8395,-0.10999999999967258,-0.0037,-961.558,11023.437999999998,0.8395,1.0,1.0,-0.0872
2026-01-22 22:05:00,2971.26,2971.68,2967.69,2969.66,7363.585,21868043.525229998,4236.609,3126.976,1.3549,-1.6000000000003638,-0.0538,1109.6330000000003,7363.585000000001,1.3549,1.0,1.0,0.1507
2026-01-22 22:10:00,2969.66,2981.15,2968.96,2979.34,25568.805,76113589.51723,17360.815,8207.99,2.1151,9.680000000000291,0.326,9152.824999999999,25568.805,2.1151,1.0,1.0,0.358
2026-01-22 22:15:00,2979.34,2979.34,2975.0,2975.0,7018.863,20896140.07222,4195.907,2822.956,1.4864,-4.3400000000001455,-0.1457,1372.951,7018.863,1.4864,1.0,1.0,0.1956
2026-01-22 22:20:00,2975.0,2975.35,2962.0,2964.62,20081.412,59605918.589449994,6609.786,13471.626,0.4906,-10.38000000000011,-0.3489,-6861.84,20081.412,0.4906,1.0,1.0,-0.3417
2026-01-22 22:25:00,2964.62,2971.48,2964.52,2971.44,9289.885,27584389.372950003,5713.328,3576.557,1.5974,6.820000000000164,0.23,2136.7710000000006,9289.885,1.5974,1.0,1.0,0.23
2026-01-22 22:30:00,2971.45,2978.81,2962.0,2963.0,31172.478,92610322.80975,14961.319,16211.159,0.9229,-8.449999999999818,-0.2844,-1249.8400000000001,31172.478,0.9229,1.0,1.0,-0.0401
2026-01-22 22:35:00,2963.0,2974.32,2947.28,2967.02,87494.7,258662080.08226,38498.664,48995.37,0.7858,4.019999999999982,0.1357,-10496.706000000006,87494.034,0.7858,1.0,1.0,-0.12
2026-01-22 22:40:00,2967.02,2973.75,2952.53,2960.97,33575.849,99488038.08826,17456.103,16120.412,1.0829,-6.050000000000182,-0.2039,1335.690999999999,33576.515,1.0829,1.0,1.0,0.0398
2026-01-22 22:45:00,2960.97,2962.34,2934.1,2937.25,82374.971,242491696.86084998,34138.952,48236.019,0.7077,-23.7199999999998,-0.8011,-14097.067000000003,82374.97099999999,0.7077,1.0,1.0,-0.1711
2026-01-22 22:50:00,2937.25,2949.9,2933.46,2944.64,31635.896,93085091.42953,18770.264,12865.632,1.4589,7.389999999999873,0.2516,5904.632,31635.896,1.4589,1.0,1.0,0.1866
2026-01-22 22:55:00,2944.64,2946.0,2936.01,2939.49,22673.852,66657518.25993,12440.982,10232.87,1.2158,-5.150000000000091,-0.1749,2208.111999999999,22673.852,1.2158,1.0,1.0,0.0974
2026-01-22 23:00:00,2939.49,2953.27,2933.63,2949.89,41277.725999999995,121493656.41997,25430.784,15846.942,1.6048,10.400000000000091,0.3538,9583.842,41277.725999999995,1.6048,1.0,1.0,0.2322
2026-01-22 23:05:00,2949.89,2951.62,2941.51,2945.19,21865.979,64437031.19274,9790.037,12075.942,0.8107,-4.699999999999818,-0.1593,-2285.904999999999,21865.979,0.8107,1.0,1.0,-0.1045
2026-01-22 23:10:00,2945.19,2950.49,2938.63,2946.27,15149.936,44603532.92345,9483.048,5666.888,1.6734,1.0799999999999272,0.0367,3816.1600000000008,15149.936000000002,1.6734,1.0,1.0,0.2519
2026-01-22 23:15:00,2946.27,2950.0,2935.31,2940.55,19503.098,57383741.934369996,12097.001,7406.097,1.6334,-5.7199999999998,-0.1941,4690.904,19503.097999999998,1.6334,1.0,1.0,0.2405
2026-01-22 23:20:00,2940.55,2942.0,2914.1,2914.72,73072.863,213833040.44107002,26274.097,46798.766,0.5614,-25.830000000000382,-0.8784,-20524.669,73072.86300000001,0.5614,1.0,1.0,-0.2809
2026-01-22 23:25:00,2914.73,2919.6,2906.0,2910.23,70581.101,205585841.96921003,39170.066,31411.035,1.247,-4.5,-0.1544,7759.030999999999,70581.101,1.247,1.0,1.0,0.1099
2026-01-22 23:30:00,2910.23,2918.3,2904.08,2913.01,39035.355,113669184.29098,16881.157,22154.198,0.762,2.7800000000002,0.0955,-5273.041000000001,39035.354999999996,0.762,1.0,1.0,-0.1351
2026-01-22 23:35:00,2913.01,2927.0,2913.01,2924.48,41840.270000000004,122260361.62895,22645.404,19194.866,1.1798,11.4699999999998,0.3938,3450.537999999997,41840.270000000004,1.1798,1.0,1.0,0.0825
2026-01-22 23:40:00,2924.48,2945.0,2922.13,2944.03,53466.904,156906243.18084,29179.793,24287.111,1.2015,19.550000000000182,0.6685,4892.682000000001,53466.904,1.2015,1.0,1.0,0.0915
2026-01-22 23:45:00,2944.04,2967.27,2941.07,2953.4,69703.692,206039924.33662,39185.345,30518.347,1.284,9.360000000000127,0.3179,8666.998,69703.69200000001,1.284,1.0,1.0,0.1243
2026-01-22 23:50:00,2953.39,2955.55,2936.37,2938.22,24313.684999999998,71628884.5625,8365.15,15948.535,0.5245,-15.170000000000073,-0.5136,-7583.385,24313.684999999998,0.5245,1.0,1.0,-0.3119
2026-01-22 23:55:00,2938.21,2945.2,2937.11,2940.26,16417.979,48285939.36156,8516.491,7901.488,1.0778,2.050000000000182,0.0698,615.0029999999997,16417.979,1.0778,1.0,1.0,0.0375
